﻿<?xml version="1.0" encoding="utf-8"?>
<PARAMDEF XmlVersion="1">
  <ParamType>DAMAGE_MOTION_WEIGHT_PARAM</ParamType>
  <DataVersion>1</DataVersion>
  <BigEndian>False</BigEndian>
  <Unicode>True</Unicode>
  <FormatVersion>201</FormatVersion>
  <Fields>
    <Field Def="u8 Unk00" />
    <Field Def="u8 Unk01" />
    <Field Def="u8 Unk02" />
    <Field Def="u8 Unk03" />
    <Field Def="u8 Unk04" />
    <Field Def="u8 Unk05" />
    <Field Def="u8 Unk06" />
    <Field Def="u8 Unk07" />
  </Fields>
</PARAMDEF>