﻿<?xml version="1.0" encoding="utf-8"?>
<PARAMDEF XmlVersion="1">
  <ParamType>DAMAGE_EFFECT_SFX_PARAM</ParamType>
  <DataVersion>3</DataVersion>
  <BigEndian>False</BigEndian>
  <Unicode>True</Unicode>
  <FormatVersion>201</FormatVersion>
  <Fields>
    <Field Def="s32 Unk00" />
    <Field Def="s32 Unk04" />
    <Field Def="s32 Unk08" />
    <Field Def="s32 Unk0C" />
    <Field Def="s32 Unk10" />
    <Field Def="s32 Unk14" />
    <Field Def="s32 Unk18" />
    <Field Def="s32 Unk1C" />
    <Field Def="s32 Unk20" />
    <Field Def="s32 Unk24" />
    <Field Def="s32 Unk28" />
    <Field Def="s32 Unk2C" />
    <Field Def="s32 Unk30" />
    <Field Def="s32 Unk34" />
    <Field Def="s32 Unk38" />
    <Field Def="s32 Unk3C" />
    <Field Def="s32 Unk40" />
    <Field Def="s32 Unk44" />
    <Field Def="s32 Unk48" />
    <Field Def="s32 Unk4C" />
    <Field Def="s32 Unk50" />
    <Field Def="s32 Unk54" />
    <Field Def="s32 Unk58" />
    <Field Def="s32 Unk5C" />
    <Field Def="s32 Unk60" />
    <Field Def="s32 Unk64" />
    <Field Def="u8 Unk68" />
    <Field Def="u8 Unk69" />
    <Field Def="u8 Unk6A" />
    <Field Def="u8 Unk6B" />
    <Field Def="u8 Unk6C" />
    <Field Def="u8 Unk6D" />
    <Field Def="u8 Unk6E" />
    <Field Def="u8 Unk6F" />
    <Field Def="s32 Unk70" />
  </Fields>
</PARAMDEF>