﻿<?xml version="1.0" encoding="utf-8"?>
<PARAMDEF XmlVersion="1">
  <ParamType>EQUIP_INTERFERE_PARAM</ParamType>
  <DataVersion>1</DataVersion>
  <BigEndian>False</BigEndian>
  <Unicode>True</Unicode>
  <FormatVersion>201</FormatVersion>
  <Fields>
    <Field Def="s32 Armor ID" />
    <Field Def="u8 Unk04" />
    <Field Def="u8 Unk05" />
    <Field Def="u8 Unk06" />
    <Field Def="u8 Unk07" />
    <Field Def="u8 Unk08" />
    <Field Def="u8 Unk09" />
    <Field Def="u8 Unk0A" />
    <Field Def="u8 Unk0B" />
    <Field Def="u8 Unk0C" />
    <Field Def="u8 Unk0D" />
    <Field Def="u8 Unk0E" />
    <Field Def="u8 Unk0F" />
    <Field Def="u8 Unk10" />
    <Field Def="u8 Unk11" />
    <Field Def="u8 Unk12" />
    <Field Def="u8 Unk13" />
    <Field Def="u8 Unk14" />
    <Field Def="u8 Unk15" />
    <Field Def="u8 Unk16" />
    <Field Def="u8 Unk17" />
    <Field Def="u8 Unk18" />
    <Field Def="u8 Unk19" />
    <Field Def="u8 Unk1A" />
    <Field Def="u8 Unk1B" />
    <Field Def="u8 Unk1C" />
    <Field Def="u8 Unk1D" />
    <Field Def="u8 Unk1E" />
    <Field Def="u8 Unk1F" />
    <Field Def="u8 Unk20" />
    <Field Def="u8 Unk21" />
    <Field Def="u8 Unk22" />
    <Field Def="u8 Unk23" />
    <Field Def="u8 Unk24" />
    <Field Def="u8 Unk25" />
    <Field Def="u8 Unk26" />
    <Field Def="u8 Unk27" />
    <Field Def="u8 Unk28" />
    <Field Def="u8 Unk29" />
    <Field Def="u8 Unk2A" />
    <Field Def="u8 Unk2B" />
    <Field Def="u8 Unk2C" />
    <Field Def="u8 Unk2D" />
    <Field Def="u8 Unk2E" />
    <Field Def="u8 Unk2F" />
    <Field Def="u8 Unk30" />
    <Field Def="u8 Unk31" />
    <Field Def="u8 Unk32" />
    <Field Def="u8 Unk33" />
    <Field Def="u8 Unk34" />
    <Field Def="u8 Unk35" />
    <Field Def="u8 Unk36" />
    <Field Def="u8 Unk37" />
    <Field Def="u8 Unk38" />
    <Field Def="u8 Unk39" />
    <Field Def="u8 Unk3A" />
    <Field Def="u8 Unk3B" />
    <Field Def="u8 Unk3C" />
    <Field Def="u8 Unk3D" />
    <Field Def="u8 Unk3E" />
    <Field Def="u8 Unk3F" />
    <Field Def="u8 Unk40" />
    <Field Def="u8 Unk41" />
    <Field Def="u8 Unk42" />
    <Field Def="u8 Unk43" />
    <Field Def="u8 Unk44" />
    <Field Def="u8 Unk45" />
    <Field Def="u8 Unk46" />
    <Field Def="u8 Unk47" />
    <Field Def="u8 Unk48" />
    <Field Def="u8 Unk49" />
    <Field Def="u8 Unk4A" />
    <Field Def="u8 Unk4B" />
    <Field Def="u8 Unk4C" />
    <Field Def="u8 Unk4D" />
    <Field Def="u8 Unk4E" />
    <Field Def="u8 Unk4F" />
    <Field Def="u8 Unk50" />
    <Field Def="u8 Unk51" />
    <Field Def="u8 Unk52" />
    <Field Def="u8 Unk53" />
    <Field Def="u8 Unk54" />
    <Field Def="u8 Unk55" />
    <Field Def="u8 Unk56" />
    <Field Def="u8 Unk57" />
    <Field Def="u8 Unk58" />
    <Field Def="u8 Unk59" />
    <Field Def="u8 Unk5A" />
    <Field Def="u8 Unk5B" />
    <Field Def="u8 Unk5C" />
    <Field Def="u8 Unk5D" />
    <Field Def="u8 Unk5E" />
    <Field Def="u8 Unk5F" />
    <Field Def="u8 Unk60" />
    <Field Def="u8 Unk61" />
    <Field Def="u8 Unk62" />
    <Field Def="u8 Unk63" />
    <Field Def="u8 Unk64" />
    <Field Def="u8 Unk65" />
    <Field Def="u8 Unk66" />
    <Field Def="u8 Unk67" />
    <Field Def="u8 Unk68" />
    <Field Def="u8 Unk69" />
    <Field Def="u8 Unk6A" />
    <Field Def="u8 Unk6B" />
    <Field Def="u8 Unk6C" />
    <Field Def="u8 Unk6D" />
    <Field Def="u8 Unk6E" />
    <Field Def="u8 Unk6F" />
    <Field Def="u8 Unk70" />
    <Field Def="u8 Unk71" />
    <Field Def="u8 Unk72" />
    <Field Def="u8 Unk73" />
    <Field Def="u8 Unk74" />
    <Field Def="u8 Unk75" />
    <Field Def="u8 Unk76" />
    <Field Def="u8 Unk77" />
    <Field Def="u8 Unk78" />
    <Field Def="u8 Unk79" />
    <Field Def="u8 Unk7A" />
    <Field Def="u8 Unk7B" />
    <Field Def="u8 Unk7C" />
    <Field Def="u8 Unk7D" />
    <Field Def="u8 Unk7E" />
    <Field Def="u8 Unk7F" />
    <Field Def="u8 Unk80" />
    <Field Def="u8 Unk81" />
    <Field Def="u8 Unk82" />
    <Field Def="u8 Unk83" />
    <Field Def="u8 Unk84" />
    <Field Def="u8 Unk85" />
    <Field Def="u8 Unk86" />
    <Field Def="u8 Unk87" />
    <Field Def="u8 Unk88" />
    <Field Def="u8 Unk89" />
    <Field Def="u8 Unk8A" />
    <Field Def="u8 Unk8B" />
    <Field Def="u8 Unk8C" />
    <Field Def="u8 Unk8D" />
    <Field Def="u8 Unk8E" />
    <Field Def="u8 Unk8F" />
    <Field Def="u8 Unk90" />
    <Field Def="u8 Unk91" />
    <Field Def="u8 Unk92" />
    <Field Def="u8 Unk93" />
  </Fields>
</PARAMDEF>