﻿<?xml version="1.0" encoding="utf-8"?>
<PARAMDEF XmlVersion="1">
  <ParamType>FOOT_EFFECT_SFX_PARAM</ParamType>
  <DataVersion>2</DataVersion>
  <BigEndian>False</BigEndian>
  <Unicode>True</Unicode>
  <FormatVersion>201</FormatVersion>
  <Fields>
    <Field Def="s32 Unk00" />
    <Field Def="s32 Unk04" />
    <Field Def="s32 Unk08" />
    <Field Def="s32 Unk0C" />
    <Field Def="s32 Unk10" />
    <Field Def="s32 Unk14" />
    <Field Def="s32 Unk18" />
    <Field Def="s32 Unk1C" />
    <Field Def="s32 Unk20" />
    <Field Def="s32 Unk24" />
    <Field Def="s32 Unk28" />
    <Field Def="s32 Unk2C" />
    <Field Def="s32 Unk30" />
    <Field Def="s32 Unk34" />
    <Field Def="s32 Unk38" />
    <Field Def="s32 Unk3C" />
    <Field Def="s32 Unk40" />
    <Field Def="s32 Unk44" />
    <Field Def="s32 Unk48" />
    <Field Def="s32 Unk4C" />
    <Field Def="s32 Unk50" />
    <Field Def="s32 Unk54" />
    <Field Def="s32 Unk58" />
    <Field Def="s32 Unk5C" />
    <Field Def="s32 Unk60" />
    <Field Def="s32 Unk64" />
    <Field Def="s32 Unk68" />
    <Field Def="s32 Unk6C" />
    <Field Def="s32 Unk70" />
    <Field Def="s32 Unk74" />
    <Field Def="s32 Unk78" />
    <Field Def="s32 Unk7C" />
    <Field Def="s32 Unk80" />
    <Field Def="s32 Unk84" />
    <Field Def="s32 Unk88" />
    <Field Def="s32 Unk8C" />
    <Field Def="s32 Unk90" />
    <Field Def="s32 Unk94" />
    <Field Def="s32 Unk98" />
    <Field Def="s32 Unk9C" />
    <Field Def="s32 UnkA0" />
    <Field Def="s32 UnkA4" />
    <Field Def="s32 UnkA8" />
  </Fields>
</PARAMDEF>