﻿<?xml version="1.0" encoding="utf-8"?>
<PARAMDEF XmlVersion="1">
  <ParamType>GENERATOR_PARAM</ParamType>
  <DataVersion>16</DataVersion>
  <BigEndian>False</BigEndian>
  <Unicode>True</Unicode>
  <FormatVersion>201</FormatVersion>
  <Fields>
    <Field Def="u8 Unk00" />
    <Field Def="u8 Unk01" />
    <Field Def="u8 Unk02" />
    <Field Def="u8 AggroGroup" />
    <Field Def="u32 DeathEventID">
      <Description>Used in ESD. Determines if Death state is active.</Description>
    </Field>
    <Field Def="u32 GeneratorRegistParam">
      <Description>Determines which registration to use.</Description>
    </Field>
    <Field Def="u16 Unk0C" />
    <Field Def="u16 Unk10" />
    <Field Def="u32 ApperanceEventID">
      <Description>Used in ESD. 1 through to 7 are used to determine NG+ apperance.</Description>
    </Field>
    <Field Def="u32 PreviousHostileEventID1">
      <Description>Used in ESD. Determines if Previous Hostile state is active.</Description>
    </Field>
    <Field Def="u32 PreviousHostileEventID2">
      <Description>Used in ESD. Determines if Previous Hostile state is active.</Description>
    </Field>
    <Field Def="u32 Unk1C" />
    <Field Def="u32 Unk20" />
    <Field Def="u32 Unk24" />
    <Field Def="u32 Unk28" />
    <Field Def="u32 LocationEventID1" />
    <Field Def="u32 LocationEventID2" />
    <Field Def="u32 LocationEventID3" />
    <Field Def="u32 LocationEventID4" />
    <Field Def="u32 LocationEventID5" />
    <Field Def="u32 Unk40" />
    <Field Def="u32 Unk44" />
    <Field Def="u16 Unk48" />
    <Field Def="u16 Map Object Bonfire ID" />
    <Field Def="f32 Unk4C" />
    <Field Def="u32 LocationEventID" />
    <Field Def="u32 LocationEventID" />
    <Field Def="u32 AIThinkID">
      <Description>Determines AI used by enemy.</Description>
    </Field>
    <Field Def="u32 ActivationEventID1">
      <Description>Used in ESD. Determines if Activation state is active.</Description>
    </Field>
    <Field Def="u32 ActivationEventID2">
      <Description>Used in ESD. Determines if Activation state is active.</Description>
    </Field>
    <Field Def="u32 HostileEventID1">
      <Description>Used in ESD. Determines if Hostile state is active.</Description>
    </Field>
    <Field Def="u32 HostileEventID2">
      <Description>Used in ESD. Determines if Hostile state is active.</Description>
    </Field>
    <Field Def="u16 Unk6C" />
    <Field Def="u16 Unk71" />
    <Field Def="u32 LocationEventID1" />
    <Field Def="u32 LocationEventID2" />
    <Field Def="u32 Unk78" />
    <Field Def="u32 Unk7C" />
    <Field Def="f32 Unk80" />
    <Field Def="u32 Unk84" />
    <Field Def="u32 ItemLotID1">
      <Description>Adds itemlot to drop when this enemy is killed.</Description>
    </Field>
    <Field Def="u32 ItemLotID2">
      <Description>Adds itemlot to drop when this enemy is killed. Overkill version.</Description>
    </Field>
    <Field Def="u32 GraveEventID">
      <Description>Used in ESD. Determines if Gravestone state is active.</Description>
    </Field>
    <Field Def="f32 Unk94" />
    <Field Def="u32 Unk98" />
    <Field Def="u32 Unk9C" />
  </Fields>
</PARAMDEF>