﻿<?xml version="1.0" encoding="utf-8"?>
<PARAMDEF XmlVersion="1">
  <ParamType>GROUND_MATERIAL_PARAM</ParamType>
  <DataVersion>8</DataVersion>
  <BigEndian>False</BigEndian>
  <Unicode>True</Unicode>
  <FormatVersion>201</FormatVersion>
  <Fields>
    <Field Def="s32 Unk00" />
    <Field Def="s32 Unk04" />
    <Field Def="f32 Unk08" />
    <Field Def="f32 Unk0C" />
    <Field Def="s32 Unk10" />
    <Field Def="s32 Unk14" />
    <Field Def="s32 Damage ID" />
    <Field Def="s32 Unk1C" />
    <Field Def="f32 Unk20" />
    <Field Def="f32 Unk24" />
    <Field Def="f32 Unk28" />
    <Field Def="f32 Unk2C" />
    <Field Def="s32 Unk30" />
    <Field Def="s32 Unk34" />
    <Field Def="s32 Unk38" />
    <Field Def="f32 Unk3C" />
  </Fields>
</PARAMDEF>