﻿<?xml version="1.0" encoding="utf-8"?>
<PARAMDEF XmlVersion="1">
  <ParamType>ITEM_TYPE_PARAM</ParamType>
  <DataVersion>7</DataVersion>
  <BigEndian>False</BigEndian>
  <Unicode>True</Unicode>
  <FormatVersion>201</FormatVersion>
  <Fields>
    <Field Def="s32 Unk00" />
    <Field Def="f32 Unk04" />
    <Field Def="f32 Unk08" />
    <Field Def="f32 Unk0C" />
    <Field Def="s32 Unk10" />
    <Field Def="s32 Unk14" />
    <Field Def="u8 Unk18" />
    <Field Def="u8 Unk19" />
    <Field Def="u8 Unk20" />
    <Field Def="u8 Unk21" />
  </Fields>
</PARAMDEF>