﻿<?xml version="1.0" encoding="utf-8"?>
<PARAMDEF XmlVersion="1">
  <ParamType>KEY_CONFIG_PARAM</ParamType>
  <DataVersion>2</DataVersion>
  <BigEndian>False</BigEndian>
  <Unicode>True</Unicode>
  <FormatVersion>201</FormatVersion>
  <Fields>
    <Field Def="u8 Unk00" />
    <Field Def="u8 Unk00" />
    <Field Def="u8 Unk00" />
    <Field Def="u8 Unk00" />
    <Field Def="u8 Unk04" />
    <Field Def="u8 Unk04" />
    <Field Def="u8 Unk04" />
    <Field Def="u8 Unk04" />
    <Field Def="u8 Unk08" />
    <Field Def="u8 Unk08" />
    <Field Def="u8 Unk08" />
    <Field Def="u8 Unk08" />
    <Field Def="u8 Unk0C" />
    <Field Def="u8 Unk0C" />
    <Field Def="u8 Unk0C" />
    <Field Def="u8 Unk0C" />
    <Field Def="u8 Unk10" />
    <Field Def="u8 Unk10" />
    <Field Def="u8 Unk10" />
    <Field Def="u8 Unk10" />
    <Field Def="u8 Unk14" />
    <Field Def="u8 Unk14" />
    <Field Def="u8 Unk14" />
    <Field Def="u8 Unk14" />
    <Field Def="u8 Unk18" />
    <Field Def="u8 Unk18" />
    <Field Def="u8 Unk18" />
    <Field Def="u8 Unk18" />
    <Field Def="u8 Unk1C" />
    <Field Def="u8 Unk1C" />
    <Field Def="u8 Unk1C" />
    <Field Def="u8 Unk1C" />
    <Field Def="u8 Unk20" />
    <Field Def="u8 Unk20" />
    <Field Def="u8 Unk20" />
    <Field Def="u8 Unk20" />
    <Field Def="u8 Unk24" />
    <Field Def="u8 Unk24" />
    <Field Def="u8 Unk24" />
    <Field Def="u8 Unk24" />
    <Field Def="u8 Unk28" />
    <Field Def="u8 Unk28" />
    <Field Def="u8 Unk28" />
    <Field Def="u8 Unk28" />
    <Field Def="u8 Unk2C" />
    <Field Def="u8 Unk2C" />
    <Field Def="u8 Unk2C" />
    <Field Def="u8 Unk2C" />
    <Field Def="u8 Unk30" />
    <Field Def="u8 Unk30" />
    <Field Def="u8 Unk30" />
    <Field Def="u8 Unk30" />
    <Field Def="u8 Unk34" />
    <Field Def="u8 Unk34" />
    <Field Def="u8 Unk34" />
    <Field Def="u8 Unk34" />
    <Field Def="u8 Unk38" />
    <Field Def="u8 Unk38" />
    <Field Def="u8 Unk38" />
    <Field Def="u8 Unk38" />
    <Field Def="u8 Unk3C" />
    <Field Def="u8 Unk3C" />
    <Field Def="u8 Unk3C" />
    <Field Def="u8 Unk3C" />
    <Field Def="u8 Unk40" />
    <Field Def="u8 Unk40" />
    <Field Def="u8 Unk40" />
    <Field Def="u8 Unk40" />
    <Field Def="u8 Unk44" />
    <Field Def="u8 Unk44" />
    <Field Def="u8 Unk44" />
    <Field Def="u8 Unk44" />
    <Field Def="u8 Unk48" />
    <Field Def="u8 Unk48" />
    <Field Def="u8 Unk48" />
    <Field Def="u8 Unk48" />
  </Fields>
</PARAMDEF>