﻿<?xml version="1.0" encoding="utf-8"?>
<PARAMDEF XmlVersion="1">
  <ParamType>MAP_OBJECT_BONFIRE_PARAM</ParamType>
  <DataVersion>9</DataVersion>
  <BigEndian>False</BigEndian>
  <Unicode>True</Unicode>
  <FormatVersion>201</FormatVersion>
  <Fields>
    <Field Def="s32 Area ID" />
    <Field Def="s32 Unk04" />
    <Field Def="f32 Unk08" />
    <Field Def="f32 Unk0C" />
    <Field Def="s32 Unk10" />
    <Field Def="f32 Unk14" />
    <Field Def="f32 Unk18" />
    <Field Def="s32 Fog Door ID">
      <Description>Refers to MapObjectWhiteDoorParam.</Description>
    </Field>
    <Field Def="u8 Unk20" />
    <Field Def="u8 Unk21" />
    <Field Def="u8 Unk22" />
    <Field Def="u8 Unk23" />
    <Field Def="s32 Bonfire Lit Flag ID" />
    <Field Def="s32 Unk28" />
    <Field Def="s32 Unk2C" />
  </Fields>
</PARAMDEF>