﻿<?xml version="1.0" encoding="utf-8"?>
<PARAMDEF XmlVersion="1">
  <ParamType>NETWORK_AREA_PARAM</ParamType>
  <DataVersion>4</DataVersion>
  <BigEndian>False</BigEndian>
  <Unicode>True</Unicode>
  <FormatVersion>201</FormatVersion>
  <Fields>
    <Field Def="f32 Limitation Time 1" />
    <Field Def="f32 Limitation Time 2" />
    <Field Def="f32 Limitation Time 3" />
    <Field Def="f32 Unk0C" />
    <Field Def="f32 Unk10" />
    <Field Def="f32 Unk14" />
    <Field Def="s32 Unk18" />
  </Fields>
</PARAMDEF>