﻿<?xml version="1.0" encoding="utf-8"?>
<PARAMDEF XmlVersion="1">
  <ParamType>WEAPON_PARAM</ParamType>
  <DataVersion>24</DataVersion>
  <BigEndian>False</BigEndian>
  <Unicode>True</Unicode>
  <FormatVersion>201</FormatVersion>
  <Fields>
    <Field Def="s32 Weapon Motion ID" />
    <Field Def="s32 Weapon Model ID" />
    <Field Def="s32 Weapon Reinforce ID" />
    <Field Def="s32 Action Category ID" />
    <Field Def="s32 Weapon Type ID = -1" />
    <Field Def="s32 Unk02 = -1" />
    <Field Def="s16 STR Requirement = -1" />
    <Field Def="s16 DEX Requirement = -1" />
    <Field Def="s16 INT Requirement = -1" />
    <Field Def="s16 FTH Requirement = -1" />
    <Field Def="f32 Weight" />
    <Field Def="f32 Recovery Animation Weight" />
    <Field Def="f32 Max Durability" />
    <Field Def="s32 Base Repair Cost = -1" />
    <Field Def="s32 Unk30 = -1" />
    <Field Def="f32 Stamina Consumption (*10)" />
    <Field Def="f32 Stamina Damage (*10)" />
    <Field Def="s32 Weapon Stamina Cost ID = -1" />
    <Field Def="f32 Unk40" />
    <Field Def="f32 Unk44" />
    <Field Def="f32 Unk48" />
    <Field Def="f32 Unk4C" />
    <Field Def="s32 Player Damage ID: Critical = -1" />
    <Field Def="s32 Player Damage ID: Critical = -1" />
    <Field Def="s32 Player Damage ID: Critical = -1" />
    <Field Def="s32 Player Damage ID: Critical = -1" />
    <Field Def="s32 Player Damage ID: Critical = -1" />
    <Field Def="s32 Player Damage ID: Critical = -1" />
    <Field Def="s32 Player Damage ID: Critical = -1" />
    <Field Def="s32 Player Damage ID: Critical = -1" />
    <Field Def="s32 Player Damage ID: Critical = -1" />
    <Field Def="f32 Unk74" />
    <Field Def="s32 Unk78 = -1" />
    <Field Def="s32 Unk7C = -1" />
    <Field Def="f32 Damage Multiplier" />
    <Field Def="f32 Equipment Damage Multiplier" />
    <Field Def="f32 Guard Break Related" />
    <Field Def="f32 Guard Break Related" />
    <Field Def="f32 Status Effect Amount" />
    <Field Def="f32 Unk94" />
    <Field Def="f32 Hitbox Size" />
    <Field Def="f32 Hitbox Size 2" />
    <Field Def="f32 Hitbox Wall Cancel" />
    <Field Def="f32 Hitbox Wall Cancel" />
    <Field Def="s16 Damage Type = -1" />
    <Field Def="s16 Poise Damage = -1" />
    <Field Def="s16 Counter Damage = -1" />
    <Field Def="s16 Casting Speed = -1" />
    <Field Def="f32 UnkB0" />
    <Field Def="f32 Poise Damage (Float / 10)" />
    <Field Def="f32 UnkB8" />
  </Fields>
</PARAMDEF>