﻿<?xml version="1.0" encoding="utf-8"?>
<PARAMDEF XmlVersion="1">
  <ParamType>WEAPON_ATTACK_MOTION_PARAM</ParamType>
  <DataVersion>1</DataVersion>
  <BigEndian>False</BigEndian>
  <Unicode>True</Unicode>
  <FormatVersion>201</FormatVersion>
  <Fields>
    <Field Def="s32 Core Move" />
    <Field Def="s32 Hit Data" />
    <Field Def="f32 Self Pushback on Hit" />
    <Field Def="f32 Attack Tracking" />
    <Field Def="f32 Startup Speed" />
    <Field Def="f32 Recovery Speed" />
    <Field Def="f32 Tracking Start" />
    <Field Def="f32 Tracking Mid" />
    <Field Def="f32 Tracking End" />
    <Field Def="s32 Weapon Orientation - Y" />
    <Field Def="u8 Unk28" />
    <Field Def="u8 Unk28" />
    <Field Def="u8 Unk28" />
    <Field Def="u8 Unk28" />
    <Field Def="s32 Damage ID" />
    <Field Def="s32 Hit Data" />
    <Field Def="s32 Unk" />
    <Field Def="s32 Swing 1 - Bullet on Swing End" />
    <Field Def="s32 Swing 1 - Bullet on Swing End" />
    <Field Def="s32 Swing 2 - Bullet on Swing End" />
    <Field Def="s32 Swing 2 - Bullet on Swing End" />
    <Field Def="s32 Effect on Self" />
    <Field Def="s32 Bullet 3" />
  </Fields>
</PARAMDEF>