﻿<?xml version="1.0" encoding="utf-8"?>
<PARAMDEF XmlVersion="1">
  <ParamType>DUNGEON_SUB_FEAT_LOT_PARAM</ParamType>
  <DataVersion>1</DataVersion>
  <BigEndian>False</BigEndian>
  <Unicode>True</Unicode>
  <FormatVersion>201</FormatVersion>
  <Fields>
    <Field Def="u32 subFeatureNameId">
      <DisplayName>サブ特徴候補名ID</DisplayName>
      <Description>サブ特徴候補名ID</Description>
      <Maximum>1E+09</Maximum>
      <SortID>1000</SortID>
    </Field>
    <Field Def="u32 requiredMaterialId">
      <DisplayName>必要素材ID</DisplayName>
      <Description>必要素材ID</Description>
      <Maximum>1E+09</Maximum>
      <SortID>2000</SortID>
    </Field>
    <Field Def="s8 subFeatureId_1 = -1">
      <DisplayName>①サブ特徴ID</DisplayName>
      <Description>①サブ特徴ID</Description>
      <Minimum>-1</Minimum>
      <Maximum>99</Maximum>
      <SortID>11000</SortID>
    </Field>
    <Field Def="s8 subFeatureId_2 = -1">
      <DisplayName>②サブ特徴ID</DisplayName>
      <Description>②サブ特徴ID</Description>
      <Minimum>-1</Minimum>
      <Maximum>99</Maximum>
      <SortID>12000</SortID>
    </Field>
    <Field Def="s8 subFeatureId_3 = -1">
      <DisplayName>③サブ特徴ID</DisplayName>
      <Description>③サブ特徴ID</Description>
      <Minimum>-1</Minimum>
      <Maximum>99</Maximum>
      <SortID>13000</SortID>
    </Field>
    <Field Def="s8 subFeatureId_4 = -1">
      <DisplayName>④サブ特徴ID</DisplayName>
      <Description>④サブ特徴ID</Description>
      <Minimum>-1</Minimum>
      <Maximum>99</Maximum>
      <SortID>14000</SortID>
    </Field>
    <Field Def="s8 subFeatureId_5 = -1">
      <DisplayName>⑤サブ特徴ID</DisplayName>
      <Description>⑤サブ特徴ID</Description>
      <Minimum>-1</Minimum>
      <Maximum>99</Maximum>
      <SortID>15000</SortID>
    </Field>
    <Field Def="s8 subFeatureId_6 = -1">
      <DisplayName>⑥サブ特徴ID</DisplayName>
      <Description>⑥サブ特徴ID</Description>
      <Minimum>-1</Minimum>
      <Maximum>99</Maximum>
      <SortID>16000</SortID>
    </Field>
    <Field Def="s8 subFeatureId_7 = -1">
      <DisplayName>⑦サブ特徴ID</DisplayName>
      <Description>⑦サブ特徴ID</Description>
      <Minimum>-1</Minimum>
      <Maximum>99</Maximum>
      <SortID>17000</SortID>
    </Field>
    <Field Def="s8 subFeatureId_8 = -1">
      <DisplayName>⑧サブ特徴ID</DisplayName>
      <Description>⑧サブ特徴ID</Description>
      <Minimum>-1</Minimum>
      <Maximum>99</Maximum>
      <SortID>18000</SortID>
    </Field>
    <Field Def="s8 subFeatureId_9 = -1">
      <DisplayName>⑨サブ特徴ID</DisplayName>
      <Description>⑨サブ特徴ID</Description>
      <Minimum>-1</Minimum>
      <Maximum>99</Maximum>
      <SortID>19000</SortID>
    </Field>
    <Field Def="s8 subFeatureId_10 = -1">
      <DisplayName>⑩サブ特徴ID</DisplayName>
      <Description>⑩サブ特徴ID</Description>
      <Minimum>-1</Minimum>
      <Maximum>99</Maximum>
      <SortID>20000</SortID>
    </Field>
    <Field Def="dummy8 pad_0[2]">
      <DisplayName>パディング</DisplayName>
      <DisplayFormat>%d</DisplayFormat>
      <EditFlags>Wrap</EditFlags>
      <Maximum>99</Maximum>
      <Increment>1</Increment>
      <SortID>20011</SortID>
    </Field>
    <Field Def="f32 rate_1">
      <DisplayName>①確率</DisplayName>
      <Description>①確率</Description>
      <DisplayFormat>%0.2f</DisplayFormat>
      <Minimum>0</Minimum>
      <Maximum>100</Maximum>
      <Increment>1</Increment>
      <SortID>11010</SortID>
    </Field>
    <Field Def="f32 rate_2">
      <DisplayName>②確率</DisplayName>
      <Description>②確率</Description>
      <DisplayFormat>%0.2f</DisplayFormat>
      <Minimum>0</Minimum>
      <Maximum>100</Maximum>
      <Increment>1</Increment>
      <SortID>12010</SortID>
    </Field>
    <Field Def="f32 rate_3">
      <DisplayName>③確率</DisplayName>
      <Description>③確率</Description>
      <DisplayFormat>%0.2f</DisplayFormat>
      <Minimum>0</Minimum>
      <Maximum>100</Maximum>
      <Increment>1</Increment>
      <SortID>13010</SortID>
    </Field>
    <Field Def="f32 rate_4">
      <DisplayName>④確率</DisplayName>
      <Description>④確率</Description>
      <DisplayFormat>%0.2f</DisplayFormat>
      <Minimum>0</Minimum>
      <Maximum>100</Maximum>
      <Increment>1</Increment>
      <SortID>14010</SortID>
    </Field>
    <Field Def="f32 rate_5">
      <DisplayName>⑤確率</DisplayName>
      <Description>⑤確率</Description>
      <DisplayFormat>%0.2f</DisplayFormat>
      <Minimum>0</Minimum>
      <Maximum>100</Maximum>
      <Increment>1</Increment>
      <SortID>15010</SortID>
    </Field>
    <Field Def="f32 rate_6">
      <DisplayName>⑥確率</DisplayName>
      <Description>⑥確率</Description>
      <DisplayFormat>%0.2f</DisplayFormat>
      <Minimum>0</Minimum>
      <Maximum>100</Maximum>
      <Increment>1</Increment>
      <SortID>16010</SortID>
    </Field>
    <Field Def="f32 rate_7">
      <DisplayName>⑦確率</DisplayName>
      <Description>⑦確率</Description>
      <DisplayFormat>%0.2f</DisplayFormat>
      <Minimum>0</Minimum>
      <Maximum>100</Maximum>
      <Increment>1</Increment>
      <SortID>17010</SortID>
    </Field>
    <Field Def="f32 rate_8">
      <DisplayName>⑧確率</DisplayName>
      <Description>⑧確率</Description>
      <DisplayFormat>%0.2f</DisplayFormat>
      <Minimum>0</Minimum>
      <Maximum>100</Maximum>
      <Increment>1</Increment>
      <SortID>18010</SortID>
    </Field>
    <Field Def="f32 rate_9">
      <DisplayName>⑨確率</DisplayName>
      <Description>⑨確率</Description>
      <DisplayFormat>%0.2f</DisplayFormat>
      <Minimum>0</Minimum>
      <Maximum>100</Maximum>
      <Increment>1</Increment>
      <SortID>19010</SortID>
    </Field>
    <Field Def="f32 rate_10">
      <DisplayName>⑩確率</DisplayName>
      <Description>⑩確率</Description>
      <DisplayFormat>%0.2f</DisplayFormat>
      <Minimum>0</Minimum>
      <Maximum>100</Maximum>
      <Increment>1</Increment>
      <SortID>20010</SortID>
    </Field>
  </Fields>
</PARAMDEF>