﻿<?xml version="1.0" encoding="utf-8"?>
<PARAMDEF XmlVersion="1">
  <ParamType>RESIDENT_FX_PARAM_ST</ParamType>
  <DataVersion>1</DataVersion>
  <BigEndian>False</BigEndian>
  <Unicode>True</Unicode>
  <FormatVersion>201</FormatVersion>
  <Fields>
    <Field Def="s32 sfxId = -1">
      <DisplayName>SFXID</DisplayName>
      <Description>SFXID</Description>
      <EditFlags>None</EditFlags>
      <Minimum>-1</Minimum>
      <Maximum>1E+09</Maximum>
      <SortID>100</SortID>
    </Field>
    <Field Def="s32 dmypolyId = -1">
      <DisplayName>ダミポリID</DisplayName>
      <Description> ダミポリID</Description>
      <EditFlags>None</EditFlags>
      <Minimum>-1</Minimum>
      <Maximum>1E+09</Maximum>
      <SortID>200</SortID>
    </Field>
    <Field Def="dummy8 pad_0[8]">
      <DisplayName>パディング</DisplayName>
      <Description>pad</Description>
      <SortID>201</SortID>
    </Field>
  </Fields>
</PARAMDEF>