Row ID;Row Name;disableParam_NT;yesNoDialogMessageId;limitCancelSpEffectId;sortId;requirementLuck;aiNotifyType;mp;stamina;iconId;behaviorId;mtrlItemId;replaceMagicId;maxQuantity;refCategory1;overDexterity;refCategory2;slotLength;requirementIntellect;requirementFaith;analogDexterityMin;analogDexterityMax;ezStateBehaviorType;refCategory3;spEffectCategory;refType;opmeMenuType;refCategory4;hasSpEffectType;replaceCategory;useLimitCategory;vowType0;vowType1;vowType2;vowType3;vowType4;vowType5;vowType6;vowType7;enable_multi;enable_multi_only;isEnchant;isShieldEnchant;enable_live;enable_gray;enable_white;enable_black;disableOffline;castResonanceMagic;isValidTough_ProtSADmg;isWarpMagic;enableRiding;disableRiding;isUseNoAttackRegion;vowType8;vowType9;vowType10;vowType11;vowType12;vowType13;vowType14;vowType15;castSfxId;fireSfxId;effectSfxId;toughnessCorrectRate;ReplacementStatusType;ReplacementStatus1;ReplacementStatus2;ReplacementStatus3;ReplacementStatus4;refCategory5;consumeSA;ReplacementMagic1;ReplacementMagic2;ReplacementMagic3;ReplacementMagic4;mp_charge;stamina_charge;createLimitGroupId;refCategory6;subCategory1;subCategory2;refCategory7;refCategory8;refCategory9;refCategory10;refId1;refId2;refId3;aiUseJudgeId;refId4;refId5;refId6;refId7;refId8;refId9;refId10;consumeType1;consumeType2;consumeType3;consumeType4;consumeType5;consumeType6;consumeType7;consumeType8;consumeType9;consumeType10;consumeLoopMP_forMenu
4000;[Sorcery] Glintstone Pebble;0;0;-1;4000;0;0;7;20;4000;0;-1;-1;-1;1;99;1;1;10;0;10;70;0;0;3;1;0;0;0;0;0;1;1;1;1;1;1;1;1;1;0;0;0;1;1;1;1;0;0;0;0;1;0;0;1;1;1;1;1;1;1;1;523000;523001;510010;0;3;-1;-1;-1;-1;0;0;-1;-1;-1;-1;0;0;0;0;0;0;0;0;0;0;10400000;10400099;-1;10000100;-1;-1;-1;-1;-1;-1;-1;0;2;0;0;0;0;0;0;0;0;-1;
4001;[Sorcery] Great Glintstone Shard;1;0;-1;4000;0;0;12;26;4001;0;-1;-1;-1;1;99;1;1;16;0;10;70;0;0;3;1;0;0;0;0;0;1;1;1;1;1;1;1;1;1;0;0;0;1;1;1;1;0;0;0;0;1;0;0;1;1;1;1;1;1;1;1;523000;523001;510020;0;3;-1;-1;-1;-1;0;0;-1;-1;-1;-1;0;0;0;0;0;0;0;0;0;0;10400100;10400199;-1;10000100;-1;-1;-1;-1;-1;-1;-1;0;2;0;0;0;0;0;0;0;0;-1;
4010;[Sorcery] Swift Glintstone Shard;1;0;-1;4010;0;0;5;9;4130;0;-1;-1;-1;1;99;0;1;12;0;10;70;0;0;3;79;0;0;0;0;0;1;1;1;1;1;1;1;1;1;0;0;0;1;1;1;1;0;0;0;0;1;0;0;1;1;1;1;1;1;1;1;522000;522001;510000;0;3;-1;-1;-1;-1;0;0;-1;-1;-1;-1;0;0;0;0;0;0;0;0;0;0;10401000;-1;-1;10000100;-1;-1;-1;-1;-1;-1;-1;0;0;0;0;0;0;0;0;0;0;-1;
4020;[Sorcery] Glintstone Cometshard;1;0;-1;4020;0;0;19;30;4006;0;-1;-1;-1;1;99;1;1;36;0;10;70;0;0;3;2;0;0;0;0;0;1;1;1;1;1;1;1;1;1;0;0;0;1;1;1;1;0;0;0;0;1;0;0;1;1;1;1;1;1;1;1;523060;523061;523064;0;3;-1;-1;-1;-1;0;0;-1;-1;-1;-1;19;39;0;0;6;0;0;0;0;0;10402000;10402050;-1;10000200;-1;-1;-1;-1;-1;-1;-1;0;1;0;0;0;0;0;0;0;0;-1;
4021;[Sorcery] Comet;1;0;-1;4021;0;0;26;35;4007;0;-1;-1;-1;1;99;1;1;52;0;10;70;0;0;3;2;0;0;0;0;0;1;1;1;1;1;1;1;1;1;0;0;0;1;1;1;1;0;0;0;0;1;0;0;1;1;1;1;1;1;1;1;523070;523071;523064;0;3;-1;-1;-1;-1;0;0;-1;-1;-1;-1;26;46;0;0;6;0;0;0;0;0;10402100;10402150;-1;10000200;-1;-1;-1;-1;-1;-1;-1;0;1;0;0;0;0;0;0;0;0;-1;
4030;[Sorcery] Shard Spiral;1;0;-1;4030;0;0;14;28;4007;0;-1;-1;-1;1;99;1;1;27;0;10;70;0;0;3;2;0;0;0;0;0;1;1;1;1;1;1;1;1;1;0;0;0;1;1;1;1;0;0;0;0;1;0;0;1;1;1;1;1;1;1;1;523070;523071;523064;0;3;-1;-1;-1;-1;0;0;-1;-1;-1;-1;14;36;0;0;0;0;0;0;0;0;10403000;10403050;-1;10000000;-1;-1;-1;-1;-1;-1;-1;0;1;0;0;0;0;0;0;0;0;-1;
4040;[Sorcery] Glintstone Stars;0;0;-1;4090;0;0;14;21;4060;0;-1;-1;-1;1;99;1;1;12;0;10;70;0;1;3;107;0;0;0;0;0;1;1;1;1;1;1;1;1;1;0;0;0;1;1;1;1;0;0;0;0;1;0;0;1;1;1;1;1;1;1;1;523850;523851;523856;0;3;-1;-1;-1;-1;0;0;-1;-1;-1;-1;14;27;0;0;7;0;0;0;0;0;10404000;10404050;10404099;10000200;-1;-1;-1;-1;-1;-1;-1;0;1;2;0;0;0;0;0;0;0;-1;
4050;[Sorcery] Star Shower;1;0;-1;4090;0;0;23;26;4060;0;-1;-1;-1;1;99;1;1;24;0;10;70;0;1;3;107;0;0;0;0;0;1;1;1;1;1;1;1;1;1;0;0;0;1;1;1;1;0;0;0;0;1;0;0;1;1;1;1;1;1;1;1;523850;523851;523859;0;3;-1;-1;-1;-1;0;0;-1;-1;-1;-1;23;34;0;0;7;0;0;0;0;0;10405000;10405050;10404099;10000200;-1;-1;-1;-1;-1;-1;-1;0;1;2;0;0;0;0;0;0;0;-1;
4060;[Sorcery] Crystal Barrage;1;0;-1;4080;0;0;14;26;4059;0;-1;-1;-1;1;99;1;1;23;0;10;70;0;1;3;4;0;1;0;0;0;1;1;1;1;1;1;1;1;1;0;0;0;1;1;1;1;0;0;0;0;1;0;0;1;1;1;1;1;1;1;1;523720;523721;-1;0;3;-1;-1;-1;-1;0;0;-1;-1;-1;-1;2;0;0;0;0;0;0;0;0;0;10406000;10999999;10406099;10000300;10406001;-1;-1;-1;-1;-1;-1;2;0;1;2;0;0;0;0;0;0;2;
4070;[Sorcery] Glintstone Arc;0;0;-1;4000;0;0;10;18;4000;0;-1;-1;-1;1;99;1;1;13;0;10;70;0;0;3;16;0;0;0;0;0;1;1;1;1;1;1;1;1;1;0;0;0;1;1;1;1;0;0;0;0;1;0;0;1;1;1;1;1;1;1;1;530150;530151;-1;0;3;-1;-1;-1;-1;0;0;-1;-1;-1;-1;0;0;0;0;0;0;0;0;0;0;10407000;10407099;-1;10000100;-1;-1;-1;-1;-1;-1;-1;0;2;0;0;0;0;0;0;0;0;-1;
4080;[Sorcery] Cannon of Haima;1;0;-1;4000;0;0;45;42;4000;0;-1;-1;-1;1;99;0;1;25;0;10;70;0;0;3;92;0;1;0;0;0;1;1;1;1;1;1;1;1;1;0;0;0;1;1;1;1;0;0;0;0;1;0;0;1;1;1;1;1;1;1;1;-1;-1;-1;0;3;-1;-1;-1;-1;0;0;-1;-1;-1;-1;45;55;0;0;0;0;0;0;0;0;10408000;-1;-1;10000000;10408050;-1;-1;-1;-1;-1;-1;0;0;0;1;0;0;0;0;0;0;-1;
4090;[Sorcery] Crystal Burst;1;0;-1;4070;0;0;14;9;4000;0;-1;-1;-1;1;99;1;1;18;0;10;70;0;1;3;113;0;1;0;0;0;1;1;1;1;1;1;1;1;1;0;0;0;1;1;1;1;0;0;0;0;1;0;0;1;1;1;1;1;1;1;1;523930;523931;523934;0;3;-1;-1;-1;-1;1;0;-1;-1;-1;-1;14;12;0;1;0;0;0;0;0;0;10409000;10409001;10409002;10000000;10409050;10409051;10409052;-1;-1;-1;-1;0;2;2;1;2;2;0;0;0;0;-1;
4100;[Sorcery] Shatter Earth;1;0;-1;4200;0;0;12;22;4000;0;-1;-1;-1;1;99;1;1;15;0;10;70;0;1;3;56;0;0;0;0;0;1;1;1;1;1;1;1;1;1;0;0;0;1;1;1;1;0;0;0;0;0;0;0;1;1;1;1;1;1;1;1;523740;523741;523742;0;3;-1;-1;-1;-1;0;0;-1;-1;-1;-1;0;0;0;0;4;0;0;0;0;0;10410000;10410001;10410002;12000030;41003;41004;-1;-1;-1;-1;-1;0;0;2;2;2;0;0;0;0;0;-1;
4110;[Sorcery] Rock Blaster;1;0;-1;4200;0;0;25;35;4000;0;-1;-1;-1;1;99;1;1;21;0;10;70;0;1;3;57;0;1;0;0;0;1;1;1;1;1;1;1;1;1;0;0;0;1;1;1;1;0;0;0;0;0;0;0;1;1;1;1;1;1;1;1;523740;523741;-1;0;3;-1;-1;-1;-1;1;0;-1;-1;-1;-1;5;0;0;1;4;0;1;1;0;0;10411010;10411000;10411012;12000030;10999999;10411010;10411012;10411014;10411014;-1;-1;1;2;1;0;2;2;1;2;0;0;5;
4120;[Sorcery] Gavel of Haima;1;0;-1;4200;0;0;25;46;4061;0;-1;-1;-1;0;99;0;1;25;0;10;70;0;1;3;78;0;1;0;0;0;1;1;1;1;1;1;1;1;1;0;0;0;1;1;1;1;0;0;0;0;0;0;0;1;1;1;1;1;1;1;1;523770;523771;523772;0;3;-1;-1;-1;-1;0;0;-1;-1;-1;-1;0;0;0;0;0;0;0;0;0;0;41200;41201;10412000;12000000;10412001;-1;-1;-1;-1;-1;-1;0;0;2;2;0;0;0;0;0;0;-1;
4130;[Sorcery] Terra Magicus;1;0;-1;4640;0;0;20;12;4000;0;-1;-1;-1;1;99;0;1;20;0;10;70;0;0;3;13;0;0;0;0;0;1;1;1;1;1;1;1;1;1;0;0;0;1;1;1;1;0;0;0;0;1;0;1;1;1;1;1;1;1;1;1;523810;523811;-1;0;3;-1;-1;-1;-1;0;0;-1;-1;-1;-1;0;0;0;0;0;0;0;0;0;0;10413000;-1;-1;30100000;-1;-1;-1;-1;-1;-1;-1;0;0;0;0;0;0;0;0;0;0;-1;
4140;[Sorcery] Starlight;1;0;-1;4630;0;0;12;5;4000;0;-1;-1;-1;2;99;0;1;15;0;10;70;0;0;3;13;0;0;0;0;0;1;1;1;1;1;1;1;1;1;0;0;0;1;1;1;1;0;0;0;0;1;0;1;1;1;1;1;1;1;1;1;523500;523501;-1;0;3;-1;-1;-1;-1;0;0;-1;-1;-1;-1;0;0;0;0;0;0;0;0;0;0;1414000;-1;-1;-1;-1;-1;-1;-1;-1;-1;-1;0;0;0;0;0;0;0;0;0;0;-1;
4200;[Sorcery] Comet Azur;1;0;-1;4110;0;0;40;34;4104;0;-1;-1;-1;1;99;1;3;60;0;10;70;0;1;3;7;0;1;0;0;0;1;1;1;1;1;1;1;1;1;0;0;0;1;1;1;1;0;0;0;0;1;0;0;1;1;1;1;1;1;1;1;526250;-1;526255;0;3;-1;-1;-1;-1;1;0;-1;-1;-1;-1;10;0;0;1;14;0;0;0;0;0;10420000;10420002;10420003;10000200;10420004;10420002;10420001;-1;-1;-1;-1;2;1;2;0;2;2;0;0;0;0;10;
4210;[Sorcery] Founding Rain of Stars;1;0;-1;4100;0;0;32;37;4060;0;-1;-1;-1;1;99;1;2;52;0;10;70;0;1;3;124;0;1;0;0;0;1;1;1;1;1;1;1;1;1;0;0;0;1;1;1;1;0;0;0;0;1;0;0;1;1;1;1;1;1;1;1;523820;523821;-1;0;3;-1;-1;-1;-1;0;0;-1;-1;-1;-1;32;48;0;0;0;0;0;0;0;0;10421000;10421050;10421007;11100020;10421057;-1;-1;-1;-1;-1;-1;0;1;2;2;0;0;0;0;0;0;-1;
4220;[Sorcery] Stars of Ruin;1;0;-1;4090;0;0;38;33;4060;0;-1;-1;-1;1;99;1;1;43;0;10;70;0;0;3;107;0;1;0;0;0;1;1;1;1;1;1;1;1;1;0;0;0;1;1;1;1;0;0;0;0;1;0;0;1;1;1;1;1;1;1;1;523900;523901;-1;0;3;-1;-1;-1;-1;1;0;-1;-1;-1;-1;38;43;0;0;15;0;0;0;0;0;10422000;10422050;-1;10000000;10422098;10422099;-1;-1;-1;-1;-1;0;1;0;2;2;0;0;0;0;0;-1;
4300;[Sorcery] Glintblade Phalanx;1;0;-1;4040;0;0;20;12;4004;0;-1;-1;-1;1;99;0;1;22;0;10;70;0;0;3;8;0;0;0;0;0;1;1;1;1;1;1;1;1;1;0;0;0;1;1;1;1;0;0;0;0;1;0;0;1;1;1;1;1;1;1;1;523040;523041;-1;0;3;-1;-1;-1;-1;0;0;-1;-1;-1;-1;0;0;0;0;3;0;0;0;0;0;10430000;-1;-1;11100000;-1;-1;-1;-1;-1;-1;-1;0;0;0;0;0;0;0;0;0;0;-1;
4301;[Sorcery] Carian Phalanx;1;0;-1;4040;0;0;26;16;4004;0;-1;-1;-1;1;99;0;1;34;0;10;70;0;0;3;8;0;0;0;0;0;1;1;1;1;1;1;1;1;1;0;0;0;1;1;1;1;0;0;0;0;1;0;0;1;1;1;1;1;1;1;1;523040;523041;-1;0;3;-1;-1;-1;-1;0;0;-1;-1;-1;-1;0;0;0;0;3;0;0;0;0;0;10430100;-1;-1;11100000;-1;-1;-1;-1;-1;-1;-1;0;0;0;0;0;0;0;0;0;0;-1;
4302;[Sorcery] Greatblade Phalanx;1;0;-1;4040;0;0;35;20;4004;0;-1;-1;-1;1;99;0;1;29;0;10;70;0;0;3;95;0;0;0;0;0;1;1;1;1;1;1;1;1;1;0;0;0;1;1;1;1;0;0;0;0;1;0;0;1;1;1;1;1;1;1;1;523050;523051;-1;0;3;-1;-1;-1;-1;0;0;-1;-1;-1;-1;0;0;0;0;3;0;0;0;0;0;10430200;-1;-1;11100000;-1;-1;-1;-1;-1;-1;-1;0;0;0;0;0;0;0;0;0;0;-1;
4360;[Sorcery] Rennala's Full Moon;1;0;-1;4060;0;0;55;32;4104;0;-1;-1;-1;1;99;0;2;70;0;10;70;0;0;3;6;0;0;0;0;0;1;1;1;1;1;1;1;1;1;0;0;0;1;1;1;1;0;0;0;0;0;0;0;1;1;1;1;1;1;1;1;523800;523801;523806;0;3;-1;-1;-1;-1;0;0;-1;-1;-1;-1;0;0;0;0;1;0;0;0;0;0;10436000;-1;-1;10000000;-1;-1;-1;-1;-1;-1;-1;0;0;0;0;0;0;0;0;0;0;-1;
4361;[Sorcery] Ranni's Dark Moon;1;0;-1;4060;0;0;62;32;4104;0;-1;-1;-1;1;99;0;2;68;0;10;70;0;0;3;6;0;0;0;0;0;1;1;1;1;1;1;1;1;1;0;0;0;1;1;1;1;0;0;0;0;0;0;0;1;1;1;1;1;1;1;1;523860;523861;523866;0;3;-1;-1;-1;-1;0;0;-1;-1;-1;-1;0;0;0;0;1;13;0;0;0;0;10436100;-1;-1;10000000;-1;-1;-1;-1;-1;-1;-1;0;0;0;0;0;0;0;0;0;0;-1;
4370;[Sorcery] Magic Downpour;1;0;-1;4100;0;0;20;17;4060;0;-1;-1;-1;1;99;1;1;15;0;10;70;0;0;3;107;0;1;0;0;0;1;1;1;1;1;1;1;1;1;0;0;0;1;1;1;1;0;0;0;0;1;0;0;1;1;1;1;1;1;1;1;523730;523731;523739;0;3;-1;-1;-1;-1;1;0;-1;-1;-1;-1;20;22;0;0;0;0;0;0;0;0;10437000;10437050;-1;11100000;10437003;10437053;-1;-1;-1;-1;-1;0;1;0;2;2;0;0;0;0;0;-1;
4380;[Sorcery] Loretta's Greatbow;1;0;-1;4120;0;0;28;30;4104;0;-1;-1;-1;1;99;1;1;26;0;10;70;0;0;3;5;0;0;0;0;0;1;1;1;1;1;1;1;1;1;0;0;0;1;1;1;1;0;0;0;0;1;0;0;1;1;1;1;1;1;1;1;526250;526264;526269;0;3;-1;-1;-1;-1;1;0;-1;-1;-1;-1;28;39;0;1;0;0;0;0;0;0;10438000;10438000;-1;10000200;-1;10438050;10438050;-1;-1;-1;-1;0;0;0;0;1;1;0;0;0;0;-1;
4381;[Sorcery] Loretta's Mastery;1;0;-1;4120;0;0;43;33;4104;0;-1;-1;-1;1;99;1;1;46;0;10;70;0;0;3;5;0;0;0;0;0;1;1;1;1;1;1;1;1;1;0;0;0;1;1;1;1;0;0;0;0;1;0;0;1;1;1;1;1;1;1;1;526250;526284;526289;0;3;-1;-1;-1;-1;1;0;-1;-1;-1;-1;43;43;0;1;0;0;0;0;0;0;10438100;10438110;-1;10000000;-1;10438150;10438160;-1;-1;-1;-1;0;0;0;0;1;1;0;0;0;0;-1;
4390;[Sorcery] Magic Glintblade;1;0;-1;4100;0;0;12;22;4060;0;-1;-1;-1;1;99;1;1;14;0;10;70;0;1;3;118;0;1;0;0;0;1;1;1;1;1;1;1;1;1;0;0;0;1;1;1;1;0;0;0;0;1;0;0;1;1;1;1;1;1;1;1;523090;523091;-1;0;3;-1;-1;-1;-1;0;0;-1;-1;-1;-1;12;29;0;0;3;0;0;0;0;0;10439000;10439002;10439050;10000000;10439052;-1;-1;-1;-1;-1;-1;0;2;1;2;0;0;0;0;0;0;-1;
4400;[Sorcery] Glintstone Icecrag;1;0;-1;4000;0;0;12;26;4000;0;-1;-1;-1;1;99;0;1;15;0;10;70;0;0;3;1;0;0;0;0;0;1;1;1;1;1;1;1;1;1;0;0;0;1;1;1;1;0;0;0;0;1;0;0;1;1;1;1;1;1;1;1;523030;523031;-1;0;3;-1;-1;-1;-1;0;0;-1;-1;-1;-1;0;0;0;0;13;0;0;0;0;0;10440000;-1;-1;10000000;-1;-1;-1;-1;-1;-1;-1;0;0;0;0;0;0;0;0;0;0;-1;
4410;[Sorcery] Zamor Ice Storm;1;0;-1;4400;0;0;22;27;4000;0;-1;-1;-1;0;99;0;1;36;0;10;70;0;0;3;14;0;0;0;0;0;1;1;1;1;1;1;1;1;1;0;0;0;1;1;1;1;0;0;0;0;0;0;0;1;1;1;1;1;1;1;1;523870;-1;523875;0;3;-1;-1;-1;-1;0;0;-1;-1;-1;-1;22;35;0;0;13;0;0;0;1;1;-1;-1;-1;12000000;-1;-1;-1;-1;-1;10441000;10441050;0;0;0;0;0;0;0;0;0;1;-1;
4420;[Sorcery] Freezing Mist;1;0;-1;4000;0;0;20;13;4000;0;-1;-1;-1;1;99;0;1;21;0;10;70;0;0;3;113;0;1;0;0;0;1;1;1;1;1;1;1;1;1;0;0;0;1;1;1;1;0;0;0;0;1;0;0;1;1;1;1;1;1;1;1;523880;523881;523875;0;3;-1;-1;-1;-1;0;0;-1;-1;-1;-1;20;17;0;0;13;0;0;0;0;0;10442000;-1;-1;11000000;10442050;-1;-1;-1;-1;-1;-1;0;0;0;1;0;0;0;0;0;0;-1;
4430;[Sorcery] Carian Greatsword;1;0;-1;4200;0;0;14;22;4061;0;-1;-1;-1;0;99;0;1;24;0;10;70;0;0;3;9;0;0;0;0;0;1;1;1;1;1;1;1;1;1;0;0;0;1;1;1;1;0;0;0;0;1;0;0;1;1;1;1;1;1;1;1;523740;523741;523742;0;3;-1;-1;-1;-1;0;0;-1;-1;-1;-1;0;0;0;0;2;0;0;0;0;0;44300;44301;44305;12000000;44306;44307;44308;-1;-1;-1;-1;0;0;0;0;0;0;0;0;0;0;-1;
4431;[Sorcery] Adula's Moonblade;1;0;-1;4000;0;0;26;22;4000;0;-1;-1;-1;0;99;0;1;32;0;10;70;0;0;3;9;0;0;0;0;0;1;1;1;1;1;1;1;1;1;0;0;0;1;1;1;1;0;0;0;0;1;0;0;1;1;1;1;1;1;1;1;523890;523891;523892;0;3;-1;-1;-1;-1;0;0;-1;-1;-1;-1;0;0;0;0;2;13;1;1;1;1;44310;44311;44315;12000000;44316;44317;44318;10443100;10443110;10443120;10443130;0;0;0;0;0;0;2;2;2;2;-1;
4440;[Sorcery] Carian Slicer;1;0;-1;4210;0;0;4;12;4102;0;-1;-1;-1;0;99;0;1;14;0;10;70;0;0;3;80;0;0;0;0;0;1;1;1;1;1;1;1;1;1;0;0;0;1;1;1;1;0;0;0;0;1;0;0;1;1;1;1;1;1;1;1;523750;523751;523752;0;3;-1;-1;-1;-1;0;0;-1;-1;-1;-1;0;0;0;0;2;0;0;0;0;0;44400;44401;44405;12000130;44406;44407;44408;-1;-1;-1;-1;0;0;0;0;0;0;0;0;0;0;-1;
4450;[Sorcery] Carian Piercer;0;0;-1;4200;0;0;19;25;4061;0;-1;-1;-1;0;99;0;1;27;0;10;70;0;0;3;10;0;0;0;0;0;1;1;1;1;1;1;1;1;1;0;0;0;1;1;1;1;0;0;0;0;1;0;0;1;1;1;1;1;1;1;1;523740;523741;523742;0;3;-1;-1;-1;-1;0;0;-1;-1;-1;-1;19;33;0;0;2;0;0;0;0;0;44500;44501;44505;11000021;44506;-1;-1;-1;-1;-1;-1;0;0;1;1;0;0;0;0;0;0;-1;
4460;[Sorcery] Scholar's Armament;1;0;-1;4600;0;0;25;10;4000;0;-1;-1;-1;2;99;0;1;12;0;10;70;0;0;3;11;0;0;0;0;0;1;1;1;1;1;1;1;1;1;0;1;0;1;1;1;1;0;0;0;0;0;0;1;1;1;1;1;1;1;1;1;523100;523101;-1;0;3;-1;-1;-1;-1;0;0;-1;-1;-1;-1;0;0;0;0;0;0;0;0;0;0;1446000;-1;-1;30010000;-1;-1;-1;-1;-1;-1;-1;0;0;0;0;0;0;0;0;0;0;-1;
4470;[Sorcery] Scholar's Shield;1;0;-1;4620;0;0;30;10;4000;0;-1;-1;-1;2;99;0;1;12;0;10;70;0;0;3;12;0;0;0;0;0;1;1;1;1;1;1;1;1;1;0;0;1;1;1;1;1;0;0;0;0;0;0;1;1;1;1;1;1;1;1;1;523300;523301;-1;0;3;-1;-1;-1;-1;0;0;-1;-1;-1;-1;0;0;0;0;0;0;0;0;0;0;1447000;-1;-1;30020000;-1;-1;-1;-1;-1;-1;-1;0;0;0;0;0;0;0;0;0;0;-1;
4480;[Sorcery] Lucidity;1;0;-1;4630;0;0;10;10;4000;0;-1;-1;-1;1;99;0;1;17;0;10;70;0;0;3;13;0;0;0;0;0;1;1;1;1;1;1;1;1;1;0;0;0;1;1;1;1;0;0;0;0;1;0;1;1;1;1;1;1;1;1;1;523150;523151;523153;0;3;-1;-1;-1;-1;0;0;-1;-1;-1;-1;0;0;0;0;0;0;0;0;0;0;10448000;-1;-1;20000000;-1;-1;-1;-1;-1;-1;-1;0;0;0;0;0;0;0;0;0;0;-1;
4490;[Sorcery] Frozen Armament;1;0;-1;4600;0;0;20;10;4000;0;-1;-1;-1;2;99;0;1;15;0;10;70;0;0;3;11;0;0;0;0;0;1;1;1;1;1;1;1;1;1;0;1;0;1;1;1;1;0;0;0;0;0;0;1;1;1;1;1;1;1;1;1;523130;523131;-1;0;3;-1;-1;-1;-1;0;0;-1;-1;-1;-1;0;0;0;0;13;0;0;0;0;0;1449000;-1;-1;30010000;-1;-1;-1;-1;-1;-1;-1;0;0;0;0;0;0;0;0;0;0;-1;
4500;[Sorcery] Shattering Crystal;1;0;-1;4070;0;0;32;35;4000;0;-1;-1;-1;1;99;1;1;38;0;10;70;0;1;3;113;0;1;0;0;0;1;1;1;1;1;1;1;1;1;0;0;0;1;1;1;1;0;0;0;0;1;0;0;1;1;1;1;1;1;1;1;523190;523191;523194;0;3;-1;-1;-1;-1;1;0;-1;-1;-1;-1;32;46;0;1;5;0;0;0;0;0;10450000;10450001;10450002;11000000;10450050;10450051;10450052;-1;-1;-1;-1;0;2;2;1;2;2;0;0;0;0;-1;
4510;[Sorcery] Crystal Release;1;0;-1;4101;0;0;38;26;4060;0;-1;-1;-1;1;99;1;1;41;0;10;70;0;1;3;58;0;1;0;0;0;1;1;1;1;1;1;1;1;1;0;0;0;1;1;1;1;0;0;0;0;1;0;0;1;1;1;1;1;1;1;1;-1;-1;-1;0;3;-1;-1;-1;-1;0;0;-1;-1;-1;-1;0;0;0;0;5;0;0;0;0;0;10451000;10451010;10451020;12000000;10451000;-1;-1;-1;-1;-1;-1;0;2;2;2;0;0;0;0;0;0;-1;
4520;[Sorcery] Crystal Torrent;1;0;-1;4110;0;0;20;30;4104;0;-1;-1;-1;1;99;1;1;47;0;10;70;0;0;3;7;0;1;0;0;0;1;1;1;1;1;1;1;1;1;0;0;0;1;1;1;1;0;0;0;0;1;0;0;1;1;1;1;1;1;1;1;526240;526241;-1;0;3;-1;-1;-1;-1;1;0;-1;-1;-1;-1;5;0;0;1;5;0;0;0;0;0;10452000;10452001;-1;10000000;10999999;10452000;10452002;-1;-1;-1;-1;2;1;0;0;2;2;0;0;0;0;5;
4600;[Sorcery] Ambush Shard;1;0;-1;4000;0;0;16;15;4000;0;-1;-1;-1;1;99;0;1;23;0;10;70;0;0;3;83;0;0;0;0;0;1;1;1;1;1;1;1;1;1;0;0;0;1;1;1;1;0;0;0;0;1;0;0;1;1;1;1;1;1;1;1;-1;-1;-1;0;3;-1;-1;-1;-1;0;0;-1;-1;-1;-1;0;0;0;0;0;0;0;0;0;0;10460000;-1;-1;10000000;-1;-1;-1;-1;-1;-1;-1;0;0;0;0;0;0;0;0;0;0;-1;
4610;[Sorcery] Night Shard;1;0;-1;4010;0;0;7;9;4130;0;-1;-1;-1;1;99;0;1;18;0;10;70;0;0;3;79;0;0;0;0;0;1;1;1;1;1;1;1;1;1;0;0;0;1;1;1;1;0;0;0;0;1;0;0;1;1;1;1;1;1;1;1;523240;523241;510300;0;3;-1;-1;-1;-1;0;0;-1;-1;-1;-1;0;0;0;0;12;0;0;0;0;0;10461000;-1;-1;10000000;-1;-1;-1;-1;-1;-1;-1;0;0;0;0;0;0;0;0;0;0;-1;
4620;[Sorcery] Night Comet;1;0;-1;4020;0;0;24;30;4006;0;-1;-1;-1;1;99;1;1;38;0;10;70;0;0;3;2;0;0;0;0;0;1;1;1;1;1;1;1;1;1;0;0;0;1;1;1;1;0;0;0;0;1;0;0;1;1;1;1;1;1;1;1;523200;523201;523204;0;3;-1;-1;-1;-1;0;0;-1;-1;-1;-1;24;39;0;0;12;0;0;0;0;0;10462000;10462050;-1;10000000;-1;-1;-1;-1;-1;-1;-1;0;1;0;0;0;0;0;0;0;0;-1;
4630;[Sorcery] Thops's Barrier;1;0;-1;4040;0;0;7;10;4004;0;-1;-1;-1;1;99;0;1;18;0;10;70;0;0;3;110;0;0;0;0;0;1;1;1;1;1;1;1;1;1;0;0;0;1;1;1;1;0;0;0;0;1;0;0;1;1;1;1;1;1;1;1;523210;523211;-1;0;3;-1;-1;-1;-1;0;0;-1;-1;-1;-1;0;0;0;0;0;0;0;0;0;0;10463000;-1;-1;10000000;-1;-1;-1;-1;-1;-1;-1;0;0;0;0;0;0;0;0;0;0;7;
4640;[Sorcery] Carian Retaliation;1;0;-1;4640;0;0;8;15;4000;0;-1;-1;-1;1;99;0;1;17;0;10;70;0;0;3;84;0;0;0;0;0;1;1;1;1;1;1;1;1;1;0;0;0;1;1;1;1;0;0;0;0;1;0;0;1;1;1;1;1;1;1;1;523500;523501;-1;0;3;-1;-1;34;51;0;0;-1;-1;4641;4642;0;0;0;0;3;0;0;0;0;0;10464000;-1;-1;-1;-1;-1;-1;-1;-1;-1;-1;0;0;0;0;0;0;0;0;0;0;-1;
4641;[Sorcery] Carian Retaliation - 1;1;0;-1;4641;0;0;8;15;4000;0;-1;-1;-1;1;99;0;1;17;0;10;70;0;0;3;84;0;0;0;0;0;1;1;1;1;1;1;1;1;1;0;0;0;1;1;1;1;0;0;0;0;1;0;0;1;1;1;1;1;1;1;1;523500;523501;-1;0;3;-1;-1;-1;-1;0;0;-1;-1;-1;-1;0;0;0;0;3;0;0;0;0;0;10464010;-1;-1;-1;-1;-1;-1;-1;-1;-1;-1;0;0;0;0;0;0;0;0;0;0;-1;
4642;[Sorcery] Carian Retaliation - 2;1;0;-1;4642;0;0;8;15;4000;0;-1;-1;-1;1;99;0;1;17;0;10;70;0;0;3;84;0;0;0;0;0;1;1;1;1;1;1;1;1;1;0;0;0;1;1;1;1;0;0;0;0;1;0;0;1;1;1;1;1;1;1;1;523500;523501;-1;0;3;-1;-1;-1;-1;0;0;-1;-1;-1;-1;0;0;0;0;3;0;0;0;0;0;10464020;-1;-1;-1;-1;-1;-1;-1;-1;-1;-1;0;0;0;0;0;0;0;0;0;0;-1;
4650;[Sorcery] Eternal Darkness;1;0;-1;4640;0;0;25;15;4000;0;-1;-1;-1;1;99;0;1;35;0;10;70;0;0;3;8;0;0;0;0;0;1;1;1;1;1;1;1;1;1;0;0;0;1;1;1;1;0;0;0;0;1;0;0;1;1;1;1;1;1;1;1;523250;523251;-1;0;3;-1;-1;-1;-1;0;0;-1;-1;-1;-1;0;0;0;0;6;0;0;0;0;0;10465000;-1;-1;-1;-1;-1;-1;-1;-1;-1;-1;0;0;0;0;0;0;0;0;0;0;-1;
4660;[Sorcery] Unseen Blade;1;0;-1;4000;0;0;18;10;4000;0;-1;-1;-1;2;99;0;1;12;0;10;70;0;0;3;11;0;0;0;0;0;1;1;1;1;1;1;1;1;1;0;1;0;1;1;1;1;0;0;0;0;0;0;1;1;1;1;1;1;1;1;1;523400;523401;523402;0;3;-1;-1;-1;-1;0;0;-1;-1;-1;-1;0;0;0;0;12;0;0;0;0;0;1466000;-1;-1;30010000;-1;-1;-1;-1;-1;-1;-1;0;0;0;0;0;0;0;0;0;0;-1;
4670;[Sorcery] Unseen Form;1;0;-1;4000;0;0;20;10;4000;0;-1;-1;-1;2;99;2;1;16;0;10;70;0;1;3;109;0;2;0;0;0;1;1;1;1;1;1;1;1;1;0;0;0;1;1;1;1;0;0;0;0;1;0;1;1;1;1;1;1;1;1;1;523410;523411;-1;0;3;-1;-1;-1;-1;0;0;-1;-1;-1;-1;0;0;0;0;12;0;0;0;0;0;1467000;1467001;10467001;-1;1467002;-1;-1;-1;-1;-1;-1;0;2;2;2;0;0;0;0;0;0;-1;
4700;[Sorcery] Meteorite;0;0;-1;4420;0;0;30;35;4000;0;-1;-1;-1;1;99;1;1;30;0;10;70;0;1;3;15;0;1;0;0;0;1;1;1;1;1;1;1;1;1;0;0;0;1;1;1;1;0;0;0;0;0;0;0;1;1;1;1;1;1;1;1;530120;530121;530124;0;3;-1;-1;-1;-1;1;0;-1;-1;-1;-1;10;0;0;1;11;0;0;0;0;0;10470000;10470005;10470040;11000200;10470010;10470020;10470030;-1;-1;-1;-1;1;1;1;0;2;2;0;0;0;0;10;
4701;[Sorcery] Meteorite of Astel;1;0;-1;4000;0;0;60;40;4000;0;-1;-1;-1;1;99;1;2;55;0;10;70;0;1;3;15;0;1;0;0;0;1;1;1;1;1;1;1;1;1;0;0;0;1;1;1;1;0;0;0;0;0;0;0;1;1;1;1;1;1;1;1;529990;529991;-1;0;3;-1;-1;-1;-1;1;0;-1;-1;-1;-1;12;0;0;1;11;0;0;0;0;0;10470100;10470110;10470120;11000200;10470150;10470151;10470152;-1;-1;-1;-1;1;1;1;0;2;2;0;0;0;0;12;
4710;[Sorcery] Rock Sling;1;0;-1;4430;0;0;18;29;4000;0;-1;-1;-1;1;99;1;1;18;0;10;70;0;1;3;108;0;1;0;0;0;1;1;1;1;1;1;1;1;1;0;0;0;1;1;1;1;0;0;0;0;1;0;0;1;1;1;1;1;1;1;1;530130;530131;-1;0;3;-1;-1;-1;-1;1;0;-1;-1;-1;-1;0;0;0;1;11;0;0;0;0;0;10471000;10471001;10471002;11000000;10471050;10471051;10471052;-1;-1;-1;-1;0;2;2;0;2;2;0;0;0;0;-1;
4720;[Sorcery] Gravity Well;1;0;-1;4000;0;0;12;20;4000;0;-1;-1;-1;1;99;0;1;17;0;10;70;0;0;3;120;0;0;0;0;0;1;1;1;1;1;1;1;1;1;0;0;0;1;1;1;1;0;0;0;0;0;0;0;1;1;1;1;1;1;1;1;529980;529981;529984;0;3;-1;-1;-1;-1;1;0;-1;-1;-1;-1;12;26;0;0;11;0;0;0;0;0;10472000;-1;-1;11000000;-1;10472050;-1;-1;-1;-1;-1;0;0;0;0;1;0;0;0;0;0;-1;
4721;[Sorcery] Collapsing Stars;1;0;-1;4000;0;0;18;27;4000;0;-1;-1;-1;1;99;1;1;36;0;10;70;0;0;3;120;0;0;0;0;0;1;1;1;1;1;1;1;1;1;0;0;0;1;1;1;1;0;0;0;0;0;0;0;1;1;1;1;1;1;1;1;529970;529971;529974;0;3;-1;-1;-1;-1;1;0;-1;-1;-1;-1;18;35;0;1;11;0;0;0;0;0;10472100;10472101;-1;11000000;-1;10472150;10472151;-1;-1;-1;-1;0;2;0;0;1;2;0;0;0;0;-1;
4800;[Sorcery] Magma Shot;1;0;-1;5013;0;0;18;21;4054;0;-1;-1;-1;1;99;1;1;19;10;10;70;0;0;3;117;0;0;0;0;0;1;1;1;1;1;1;1;1;1;0;0;0;1;1;1;1;0;0;0;0;1;0;0;1;1;1;1;1;1;1;1;524500;524501;-1;0;0;-1;-1;-1;-1;0;0;-1;-1;-1;-1;18;27;0;0;8;0;0;0;0;0;10480000;10480050;-1;10000000;-1;-1;-1;-1;-1;-1;-1;0;1;0;0;0;0;0;0;0;0;-1;
4810;[Sorcery] Gelmir's Fury;1;0;-1;5140;0;0;27;38;4087;0;-1;-1;-1;1;99;1;1;28;15;10;70;0;1;3;102;0;1;0;0;0;1;1;1;1;1;1;1;1;1;0;0;0;1;1;1;1;0;0;0;0;0;0;0;1;1;1;1;1;1;1;1;524510;524511;524515;0;0;-1;-1;-1;-1;1;0;-1;-1;-1;-1;3;0;0;1;8;0;0;0;0;0;10481000;10481002;10481004;12000000;10481011;10999999;10481015;-1;-1;-1;-1;2;2;2;2;0;1;0;0;0;0;3;
4820;[Sorcery] Roiling Magma;1;0;-1;5150;0;0;32;27;4147;0;-1;-1;-1;1;99;1;1;21;12;10;70;0;0;3;117;0;0;0;0;0;1;1;1;1;1;1;1;1;1;0;0;0;1;1;1;1;0;0;0;0;1;0;0;1;1;1;1;1;1;1;1;529100;529101;529102;0;0;-1;-1;-1;-1;0;0;-1;-1;-1;-1;32;35;0;0;8;0;0;0;0;0;10482000;10482050;-1;10000000;-1;-1;-1;-1;-1;-1;-1;0;1;0;0;0;0;0;0;0;0;-1;
4830;[Sorcery] Rykard's Rancor;1;0;-1;4090;0;0;26;36;4060;0;-1;-1;-1;1;99;0;2;40;18;10;70;0;0;3;95;0;0;0;0;0;1;1;1;1;1;1;1;1;1;0;0;0;1;1;1;1;0;0;0;0;1;0;0;1;1;1;1;1;1;1;1;524495;-1;-1;0;3;-1;-1;-1;-1;0;0;-1;-1;-1;-1;0;0;0;0;8;0;0;0;0;0;10483000;-1;-1;10100000;-1;-1;-1;-1;-1;-1;-1;0;0;0;0;0;0;0;0;0;0;-1;
4900;[Sorcery] Briars of Sin;0;0;-1;4200;0;0;9;26;4000;0;-1;-1;-1;1;99;1;1;0;24;10;70;0;1;3;81;0;0;0;0;0;1;1;1;1;1;1;1;1;1;0;0;0;1;1;1;1;0;0;0;0;0;0;0;1;1;1;1;1;1;1;1;-1;-1;-1;0;3;-1;-1;-1;-1;0;0;-1;-1;-1;-1;0;0;0;0;9;0;0;0;0;0;10490000;10490001;10490002;12000000;-1;-1;-1;-1;-1;-1;-1;0;0;0;0;0;0;0;0;0;0;-1;
4910;[Sorcery] Briars of Punishment;1;0;-1;4200;0;0;13;22;4000;0;-1;-1;-1;1;99;0;1;0;21;10;70;0;0;3;82;0;0;0;0;0;1;1;1;1;1;1;1;1;1;0;0;0;1;1;1;1;0;0;0;0;0;0;0;1;1;1;1;1;1;1;1;-1;-1;-1;0;3;-1;-1;-1;-1;0;0;-1;-1;-1;-1;0;0;0;0;9;0;0;0;0;0;10491000;-1;-1;10000000;-1;-1;-1;-1;-1;-1;-1;0;0;0;0;0;0;0;0;0;0;-1;
5000;[Sorcery] Rancorcall;1;0;-1;4000;0;0;14;21;4000;0;-1;-1;-1;1;99;1;1;16;14;10;70;0;1;3;103;0;1;0;0;0;1;1;1;1;1;1;1;1;1;0;0;0;1;1;1;1;0;0;0;0;1;0;0;1;1;1;1;1;1;1;1;523360;523361;523364;0;3;-1;-1;-1;-1;1;0;-1;-1;-1;-1;14;27;0;1;10;0;1;0;0;0;10500000;10500001;10500002;10000000;10500050;10500051;10500052;10500099;-1;-1;-1;0;2;2;1;2;2;2;0;0;0;-1;
5001;[Sorcery] Ancient Death Rancor;1;0;-1;4000;0;0;24;27;4000;0;-1;-1;-1;1;99;1;1;34;24;10;70;0;1;3;103;0;1;0;0;0;1;1;1;1;1;1;1;1;1;0;0;0;1;1;1;1;0;0;0;0;1;0;0;1;1;1;1;1;1;1;1;523370;523371;523374;0;3;-1;-1;-1;-1;1;0;-1;-1;-1;-1;24;35;0;1;10;0;1;0;0;0;10500100;10500101;10500102;10000000;10500150;10500151;10500152;10500099;-1;-1;-1;0;2;2;1;2;2;2;0;0;0;-1;
5010;[Sorcery] Explosive Ghostflame;1;0;-1;4000;0;0;29;45;4000;0;-1;-1;-1;1;99;1;1;42;30;10;70;0;0;3;115;0;0;0;0;0;1;1;1;1;1;1;1;1;1;0;0;0;1;1;1;1;0;0;0;0;0;0;0;1;1;1;1;1;1;1;1;523000;523001;-1;0;3;-1;-1;-1;-1;0;0;-1;-1;-1;-1;0;0;0;0;10;0;0;0;0;0;10501000;10501001;-1;11000000;-1;-1;-1;-1;-1;-1;-1;0;2;0;0;0;0;0;0;0;0;-1;
5020;[Sorcery] Fia's Mist;1;0;-1;4000;0;0;25;13;4000;0;-1;-1;-1;1;99;0;1;23;18;10;70;0;0;3;113;0;1;0;0;0;1;1;1;1;1;1;1;1;1;0;0;0;1;1;1;1;0;0;0;0;1;0;0;1;1;1;1;1;1;1;1;523350;523351;523354;0;3;-1;-1;-1;-1;0;0;-1;-1;-1;-1;25;17;0;0;10;0;0;0;0;0;10502000;-1;-1;12000000;10502050;-1;-1;-1;-1;-1;-1;0;0;0;1;0;0;0;0;0;0;-1;
5030;[Sorcery] Tibia's Summons;1;0;-1;4000;0;0;20;27;4000;0;-1;-1;-1;1;99;1;1;28;20;10;70;0;0;3;121;0;0;0;0;0;1;1;1;1;1;1;1;1;1;0;0;0;1;1;1;1;0;0;0;0;0;0;0;1;1;1;1;1;1;1;1;-1;-1;-1;0;3;-1;-1;-1;-1;0;0;-1;-1;-1;-1;0;0;0;0;10;0;0;0;0;0;10503000;10503010;-1;10000000;-1;-1;-1;-1;-1;-1;-1;0;2;0;0;0;0;0;0;0;0;-1;
5040;[Sorcery] Death Lightning;1;0;-1;4000;0;0;32;32;4000;0;-1;-1;-1;1;99;0;2;0;47;10;70;1;1;4;42;0;0;0;0;0;1;1;1;1;1;1;1;1;1;0;0;0;1;1;1;1;0;0;0;0;1;0;0;1;1;1;1;1;1;1;1;525670;525676;525674;0;3;-1;-1;-1;-1;1;0;-1;-1;-1;-1;32;42;0;1;22;0;0;0;0;0;10999999;-1;10999999;10000000;-1;10504000;10504050;-1;-1;-1;-1;0;0;1;0;2;2;0;0;0;0;-1;
5100;[Sorcery] Oracle Bubbles;0;0;-1;4000;15;0;12;18;4000;0;-1;-1;-1;1;99;1;1;19;0;10;70;0;1;3;75;0;1;0;0;0;1;1;1;1;1;1;1;1;1;0;0;0;1;1;1;1;0;0;0;0;1;0;0;1;1;1;1;1;1;1;1;523220;523221;523224;0;3;-1;-1;-1;-1;1;0;-1;-1;-1;-1;12;23;0;0;0;0;0;0;0;0;10510000;10510050;10510099;11000000;10510001;10510051;-1;-1;-1;-1;-1;0;1;2;2;2;0;0;0;0;0;-1;
5110;[Sorcery] Great Oracular Bubble;1;0;-1;4000;18;0;16;27;4000;0;-1;-1;-1;1;99;1;1;25;0;10;70;0;0;3;76;0;0;0;0;0;1;1;1;1;1;1;1;1;1;0;0;0;1;1;1;1;0;0;0;0;1;0;0;1;1;1;1;1;1;1;1;523230;523231;523234;0;3;-1;-1;-1;-1;0;0;-1;-1;-1;-1;16;35;0;0;0;0;0;0;0;0;10511000;10511050;-1;11000000;-1;-1;-1;-1;-1;-1;-1;0;1;0;0;0;0;0;0;0;0;-1;
6000;[Incantation] Catch Flame;0;0;-1;5000;0;0;10;17;4027;0;-1;-1;-1;1;99;1;1;0;8;10;70;1;1;4;106;0;1;0;0;0;1;1;1;1;1;1;1;1;1;0;0;0;1;1;1;1;0;0;0;0;1;0;0;1;1;1;1;1;1;1;1;524100;-1;-1;0;0;-1;-1;-1;-1;0;0;-1;-1;-1;-1;0;0;0;0;0;0;0;0;0;0;10600000;10600001;10600002;12000130;10600005;-1;-1;-1;-1;-1;-1;0;0;0;0;0;0;0;0;0;0;-1;
6001;[Incantation] O, Flame!;1;0;-1;5001;0;0;16;24;4028;0;-1;-1;-1;1;99;1;1;0;16;10;70;1;1;4;25;0;1;0;0;0;1;1;1;1;1;1;1;1;1;0;0;0;1;1;1;1;0;0;0;0;1;0;0;1;1;1;1;1;1;1;1;524110;524115;524114;0;0;-1;-1;-1;-1;0;0;-1;-1;-1;-1;16;31;0;0;21;0;0;0;0;0;10600100;10600150;10600155;12000130;10600105;-1;-1;-1;-1;-1;-1;0;1;2;0;0;0;0;0;0;0;-1;
6010;[Incantation] Flame Sling;0;0;-1;5010;0;0;11;22;4021;0;-1;-1;-1;1;99;1;1;0;10;10;70;1;0;4;17;0;0;0;0;0;1;1;1;1;1;1;1;1;1;0;0;0;1;1;1;1;0;0;0;0;1;0;0;1;1;1;1;1;1;1;1;524009;524001;524005;0;0;-1;-1;-1;-1;0;0;-1;-1;-1;-1;11;29;0;0;0;0;0;0;0;0;10601000;10601050;-1;10000000;-1;-1;-1;-1;-1;-1;-1;0;1;0;0;0;0;0;0;0;0;-1;
6020;[Incantation] Flame, Fall Upon Them;1;0;-1;5020;0;0;18;10;4110;0;-1;-1;-1;1;99;1;1;0;28;10;70;1;1;4;17;0;1;0;0;0;1;1;1;1;1;1;1;1;1;0;0;0;1;1;1;1;0;0;0;0;1;0;0;1;1;1;1;1;1;1;1;524020;524021;524025;0;0;-1;-1;-1;-1;1;0;-1;-1;-1;-1;18;13;0;1;21;0;0;0;0;0;10602000;10602050;10602000;10000000;10602050;10602000;10602050;-1;-1;-1;-1;0;1;0;1;0;1;0;0;0;0;-1;
6030;[Incantation] Whirl, O Flame!;1;0;-1;5110;0;0;21;26;4110;0;-1;-1;-1;1;99;1;1;0;13;10;70;1;1;4;20;0;1;0;0;0;1;1;1;1;1;1;1;1;1;0;0;0;1;1;1;1;0;0;0;0;1;0;0;1;1;1;1;1;1;1;1;524520;524521;-1;0;0;-1;-1;-1;-1;0;0;-1;-1;-1;-1;21;34;0;0;21;0;0;0;0;0;10603000;10603050;10999999;11000200;10999999;-1;-1;-1;-1;-1;-1;2;2;0;1;0;0;0;0;0;0;-1;
6040;[Incantation] Flame, Cleanse Me;1;0;-1;5530;0;0;14;10;4072;0;-1;-1;-1;1;99;2;1;0;12;10;70;1;0;4;31;0;0;0;0;0;1;1;1;1;1;1;1;1;1;0;0;0;1;1;1;1;0;0;0;0;1;0;1;1;1;1;1;1;1;1;1;524320;-1;-1;0;0;-1;-1;-1;-1;0;0;-1;-1;-1;-1;0;0;0;0;21;0;0;0;0;0;10604000;1604005;-1;-1;-1;-1;-1;-1;-1;-1;-1;0;2;0;0;0;0;0;0;0;0;-1;
6050;[Incantation] Flame, Grant Me Strength;1;0;-1;5620;0;0;28;16;4095;0;-1;-1;-1;2;99;0;1;0;15;10;70;1;0;4;31;0;0;0;0;0;1;1;1;1;1;1;1;1;1;0;0;0;1;1;1;1;0;0;0;0;1;0;1;1;1;1;1;1;1;1;1;524400;524401;-1;0;0;-1;-1;-1;-1;0;0;-1;-1;-1;-1;0;0;0;0;21;0;0;0;0;0;1605000;-1;-1;30000000;-1;-1;-1;-1;-1;-1;-1;0;0;0;0;0;0;0;0;0;0;-1;
6060;[Incantation] Flame, Protect Me;1;0;-1;5630;0;0;30;20;4095;0;-1;-1;-1;2;99;0;1;0;24;10;70;1;0;4;31;0;0;0;0;0;1;1;1;1;1;1;1;1;1;0;0;0;1;1;1;1;0;0;0;0;1;0;1;1;1;1;1;1;1;1;1;524850;524851;-1;0;0;-1;-1;-1;-1;0;0;-1;-1;-1;-1;0;0;0;0;21;0;0;0;0;0;1606000;-1;-1;30000000;-1;-1;-1;-1;-1;-1;-1;0;0;0;0;0;0;0;0;0;0;-1;
6100;[Incantation] Giantsflame Take Thee;1;0;-1;5012;0;0;32;34;4023;0;-1;-1;-1;1;99;1;2;0;30;10;70;1;0;4;17;0;0;0;0;0;1;1;1;1;1;1;1;1;1;0;0;0;1;1;1;1;0;0;0;0;1;0;0;1;1;1;1;1;1;1;1;524020;524021;524025;0;0;-1;-1;-1;-1;0;0;-1;-1;-1;-1;32;44;0;0;21;0;0;0;0;0;10610000;10610050;-1;10000000;-1;-1;-1;-1;-1;-1;-1;0;1;0;0;0;0;0;0;0;0;-1;
6110;[Incantation] Flame of the Fell God;1;0;-1;5030;0;0;42;42;4137;0;-1;-1;-1;1;99;0;2;0;41;10;70;1;0;4;19;0;0;0;0;0;1;1;1;1;1;1;1;1;1;0;0;0;1;1;1;1;0;0;0;0;1;0;0;1;1;1;1;1;1;1;1;524080;-1;-1;0;0;-1;-1;-1;-1;0;0;-1;-1;-1;-1;0;0;0;0;21;0;0;0;0;0;10611000;-1;-1;10100000;-1;-1;-1;-1;-1;-1;-1;0;0;0;0;0;0;0;0;0;0;-1;
6120;[Incantation] Burn, O Flame!;1;0;-1;5130;0;0;30;36;4024;0;-1;-1;-1;1;99;1;1;0;27;10;70;1;1;4;24;0;1;0;0;0;1;1;1;1;1;1;1;1;1;0;0;0;1;1;1;1;0;0;0;0;0;0;0;1;1;1;1;1;1;1;1;524030;524031;524035;0;0;-1;-1;-1;-1;1;0;-1;-1;-1;-1;30;47;0;1;21;0;1;1;0;0;10612000;10612005;10612006;12000000;10612050;10612055;10612056;10999999;10999999;-1;-1;2;2;2;2;2;2;0;1;0;0;-1;
6210;[Incantation] Black Flame;1;0;-1;5011;0;0;18;25;4023;0;-1;-1;-1;1;99;1;1;0;20;10;70;1;0;4;17;0;0;0;0;0;1;1;1;1;1;1;1;1;1;0;0;0;1;1;1;1;0;0;0;0;1;0;0;1;1;1;1;1;1;1;1;524540;524541;524545;0;0;-1;-1;-1;-1;0;0;-1;-1;-1;-1;18;33;0;0;20;0;0;0;0;0;10621000;10621050;-1;10000000;-1;-1;-1;-1;-1;-1;-1;0;1;0;0;0;0;0;0;0;0;-1;
6220;[Incantation] Surge, O Flame!;1;0;-1;5100;0;0;1;2;4088;0;-1;-1;-1;1;99;0;1;0;9;10;70;1;0;4;23;0;0;0;0;0;1;1;1;1;1;1;1;1;1;0;0;0;1;1;1;1;0;0;0;0;1;0;0;1;1;1;1;1;1;1;1;524050;-1;-1;0;0;-1;-1;-1;-1;0;0;-1;-1;-1;-1;0;0;0;0;21;0;0;0;0;0;10622000;-1;-1;11000200;-1;-1;-1;-1;-1;-1;-1;0;0;0;0;0;0;0;0;0;0;1;
6230;[Incantation] Scouring Black Flame;1;0;-1;5120;0;0;21;29;4000;0;-1;-1;-1;1;99;1;1;0;28;10;70;1;1;4;22;0;1;0;0;0;1;1;1;1;1;1;1;1;1;0;0;0;1;1;1;1;0;0;0;0;1;0;0;1;1;1;1;1;1;1;1;524520;524521;-1;0;0;-1;-1;-1;-1;1;0;-1;-1;-1;-1;21;38;0;1;20;0;0;0;0;0;10623000;10623001;10623050;11000200;10623051;10999999;10999999;-1;-1;-1;-1;2;2;2;2;0;1;0;0;0;0;-1;
6240;[Incantation] Black Flame Ritual;1;0;-1;5160;0;0;30;39;4024;0;-1;-1;-1;1;99;1;1;0;42;10;70;1;0;4;99;0;0;0;0;0;1;1;1;1;1;1;1;1;1;0;0;0;1;1;1;1;0;0;0;0;1;0;0;1;1;1;1;1;1;1;1;-1;-1;-1;0;0;-1;-1;-1;-1;0;0;-1;-1;-1;-1;30;51;0;0;20;0;0;0;0;0;10625000;10625050;-1;12000000;-1;-1;-1;-1;-1;-1;-1;0;0;0;0;0;0;0;0;0;0;-1;
6250;[Incantation] Black Flame Blade;1;0;-1;5600;0;0;15;10;4033;0;-1;-1;-1;2;99;0;1;0;17;10;70;1;0;4;32;0;0;0;0;0;1;1;1;1;1;1;1;1;1;0;1;0;1;1;1;1;0;0;0;0;0;0;1;1;1;1;1;1;1;1;1;524090;524091;-1;0;0;-1;-1;-1;-1;0;0;-1;-1;-1;-1;0;0;0;0;20;0;0;0;0;0;1626000;-1;-1;30010000;-1;-1;-1;-1;-1;-1;-1;0;0;0;0;0;0;0;0;0;0;-1;
6260;[Incantation] Black Flame's Protection;1;0;-1;5640;0;0;30;13;4095;0;-1;-1;-1;2;99;0;1;0;30;10;70;1;0;4;31;0;0;0;0;0;1;1;1;1;1;1;1;1;1;0;0;0;1;1;1;1;0;0;0;0;1;0;0;1;1;1;1;1;1;1;1;524790;524791;-1;0;0;-1;-1;-1;-1;0;0;-1;-1;-1;-1;0;0;0;0;20;0;0;0;0;0;1627000;-1;-1;30000000;-1;-1;-1;-1;-1;-1;-1;0;0;0;0;0;0;0;0;0;0;-1;
6270;[Incantation] Noble Presence;1;0;-1;4000;0;0;20;35;4000;0;-1;-1;-1;1;99;1;1;0;26;10;70;1;2;4;105;0;1;0;0;0;1;1;1;1;1;1;1;1;1;0;0;0;1;1;1;1;0;0;0;0;0;0;0;1;1;1;1;1;1;1;1;525330;525335;-1;0;0;-1;-1;-1;-1;1;0;-1;-1;-1;-1;20;46;0;0;27;0;0;0;0;0;10624000;10624050;1624000;12000000;10624001;10624051;-1;-1;-1;-1;-1;0;1;2;2;2;0;0;0;0;0;-1;
6300;[Incantation] Bloodflame Talons;1;0;-1;5340;15;0;14;21;4021;0;-1;-1;-1;1;99;0;1;0;13;10;70;1;0;4;94;0;0;0;0;0;1;1;1;1;1;1;1;1;1;0;0;0;1;1;1;1;0;0;0;0;0;0;0;1;1;1;1;1;1;1;1;-1;-1;-1;0;0;-1;-1;-1;-1;0;0;-1;-1;-1;-1;0;0;0;0;0;0;0;0;0;0;10630000;-1;-1;12000130;-1;-1;-1;-1;-1;-1;-1;0;0;0;0;0;0;0;0;0;0;-1;
6310;[Incantation] Bloodboon;1;0;-1;5340;17;0;15;34;4021;0;-1;-1;-1;1;99;1;1;0;14;10;70;1;0;4;93;0;0;0;0;0;1;1;1;1;1;1;1;1;1;0;0;0;1;1;1;1;0;0;0;0;0;0;0;1;1;1;1;1;1;1;1;-1;-1;-1;0;0;-1;-1;-1;-1;0;0;-1;-1;-1;-1;0;0;0;0;0;0;0;0;0;0;10631000;10631005;-1;11000000;-1;-1;-1;-1;-1;-1;-1;0;0;0;0;0;0;0;0;0;0;-1;
6320;[Incantation] Bloodflame Blade;1;0;-1;5650;10;0;20;10;4095;0;-1;-1;-1;2;99;0;1;0;12;10;70;1;0;4;112;0;0;0;0;0;1;1;1;1;1;1;1;1;1;0;1;0;1;1;1;1;0;0;0;0;0;0;1;1;1;1;1;1;1;1;1;524140;524141;-1;0;0;-1;-1;-1;-1;0;0;-1;-1;-1;-1;0;0;0;0;0;0;0;0;0;0;1632000;-1;-1;30010000;-1;-1;-1;-1;-1;-1;-1;0;0;0;0;0;0;0;0;0;0;-1;
6330;[Incantation] Barrier of Gold;1;0;-1;5610;0;0;30;13;4033;0;-1;-1;-1;1;99;0;1;0;24;10;70;1;0;4;34;0;0;0;0;0;1;1;1;1;1;1;1;1;1;0;0;0;1;1;1;1;0;0;0;0;1;0;1;1;1;1;1;1;1;1;1;524840;524841;524844;0;0;-1;-1;-1;-1;0;0;-1;-1;-1;-1;0;0;0;0;0;0;0;0;0;0;10633000;-1;-1;30000000;-1;-1;-1;-1;-1;-1;-1;0;0;0;0;0;0;0;0;0;0;-1;
6340;[Incantation] Protection of the Erdtree;1;0;-1;5610;0;0;30;50;4033;0;-1;-1;-1;1;99;0;1;0;35;10;70;1;0;4;34;0;0;0;0;0;1;1;1;1;1;1;1;1;1;0;0;0;1;1;1;1;0;0;0;0;1;0;1;1;1;1;1;1;1;1;1;524880;524881;524884;0;0;-1;-1;-1;-1;0;0;-1;-1;-1;-1;0;0;0;0;0;0;0;0;0;0;10634000;-1;-1;30000000;-1;-1;-1;-1;-1;-1;-1;0;0;0;0;0;0;0;0;0;0;-1;
6400;[Incantation] Rejection;0;0;-1;5300;0;0;9;24;4040;0;-1;-1;-1;1;99;1;1;0;12;10;70;1;2;4;28;0;0;0;0;0;1;1;1;1;1;1;1;1;1;0;0;0;1;1;1;1;0;0;0;0;1;0;0;1;1;1;1;1;1;1;1;525300;-1;-1;0;0;-1;-1;-1;-1;0;0;-1;-1;-1;-1;9;31;0;0;0;0;0;0;0;0;10640000;10640050;1640000;12000000;-1;-1;-1;-1;-1;-1;-1;0;1;2;0;0;0;0;0;0;0;-1;
6410;[Incantation] Wrath of Gold;1;0;-1;5310;0;0;40;44;4041;0;-1;-1;-1;1;99;1;1;0;32;10;70;1;2;4;29;0;0;0;0;0;1;1;1;1;1;1;1;1;1;0;0;0;1;1;1;1;0;0;0;0;1;0;0;1;1;1;1;1;1;1;1;525310;525311;525315;0;0;-1;-1;-1;-1;0;0;-1;-1;-1;-1;40;57;0;0;0;0;0;0;0;0;10641000;10641050;1641000;12000000;-1;-1;-1;-1;-1;-1;-1;0;1;2;0;0;0;0;0;0;0;-1;
6420;[Incantation] Urgent Heal;0;0;-1;5500;0;0;16;30;4132;0;-1;-1;-1;1;99;0;1;0;8;10;70;1;0;4;33;0;0;0;0;0;1;1;1;1;1;1;1;1;1;0;0;0;1;1;1;1;0;0;0;0;1;0;1;1;1;1;1;1;1;1;1;524900;524901;-1;0;0;-1;-1;-1;-1;0;0;-1;-1;-1;-1;0;0;0;0;0;0;0;0;0;0;10642000;-1;-1;20000000;-1;-1;-1;-1;-1;-1;-1;0;0;0;0;0;0;0;0;0;0;-1;
6421;[Incantation] Heal;0;0;-1;5510;0;0;32;35;4034;0;-1;-1;-1;1;99;0;1;0;12;10;70;1;0;4;34;0;0;0;0;0;1;1;1;1;1;1;1;1;1;0;0;0;1;1;1;1;0;0;0;0;1;0;1;1;1;1;1;1;1;1;1;525000;525001;525004;0;0;-1;-1;-1;-1;0;0;-1;-1;-1;-1;0;0;0;0;0;0;0;0;0;0;10642100;-1;-1;20000000;-1;-1;-1;-1;-1;-1;-1;0;0;0;0;0;0;0;0;0;0;-1;
6422;[Incantation] Great Heal;1;0;-1;5510;0;0;45;40;4034;0;-1;-1;-1;1;99;0;1;0;15;10;70;1;0;4;34;0;0;0;0;0;1;1;1;1;1;1;1;1;1;0;0;0;1;1;1;1;0;0;0;0;1;0;1;1;1;1;1;1;1;1;1;525010;525011;525004;0;0;-1;-1;-1;-1;0;0;-1;-1;-1;-1;0;0;0;0;0;0;0;0;0;0;10642200;-1;-1;20000000;-1;-1;-1;-1;-1;-1;-1;0;0;0;0;0;0;0;0;0;0;-1;
6423;[Incantation] Lord's Heal;1;0;-1;5510;0;0;55;45;4034;0;-1;-1;-1;1;99;0;1;0;20;10;70;1;0;4;34;0;0;0;0;0;1;1;1;1;1;1;1;1;1;0;0;0;1;1;1;1;0;0;0;0;1;0;1;1;1;1;1;1;1;1;1;525020;525021;525004;0;0;-1;-1;-1;-1;0;0;-1;-1;-1;-1;0;0;0;0;0;0;0;0;0;0;10642300;-1;-1;20000000;-1;-1;-1;-1;-1;-1;-1;0;0;0;0;0;0;0;0;0;0;-1;
6424;[Incantation] Erdtree Heal;1;0;-1;5520;0;0;65;50;4036;0;-1;-1;-1;1;99;0;1;0;42;10;70;1;0;4;34;0;0;0;0;0;1;1;1;1;1;1;1;1;1;0;0;0;1;1;1;1;0;0;0;0;1;0;1;1;1;1;1;1;1;1;1;525030;525031;525034;0;0;-1;-1;-1;-1;0;0;-1;-1;-1;-1;0;0;0;0;0;0;0;0;0;0;10642400;-1;-1;20000000;-1;-1;-1;-1;-1;-1;-1;0;0;0;0;0;0;0;0;0;0;-1;
6430;[Incantation] Blessing's Boon;1;0;-1;6601;0;0;30;30;3048;0;-1;-1;-1;1;99;0;1;0;24;10;70;1;0;4;34;0;0;0;0;0;1;1;1;1;1;1;1;1;1;0;0;0;1;1;1;1;0;0;0;0;1;0;1;1;1;1;1;1;1;1;1;525070;525071;525034;0;0;-1;-1;-1;-1;0;0;-1;-1;-1;-1;0;0;0;0;0;0;0;0;0;0;10643000;-1;-1;20000000;-1;-1;-1;-1;-1;-1;-1;0;0;0;0;0;0;0;0;0;0;-1;
6431;[Incantation] Blessing of the Erdtree;1;0;-1;6610;0;0;60;50;3048;0;-1;-1;-1;1;99;0;1;0;38;10;70;1;0;4;34;0;0;0;0;0;1;1;1;1;1;1;1;1;1;0;0;0;1;1;1;1;0;0;0;0;1;0;1;1;1;1;1;1;1;1;1;525050;525051;525034;0;0;-1;-1;-1;-1;0;0;-1;-1;-1;-1;0;0;0;0;0;0;0;0;0;0;10643100;-1;-1;20000000;-1;-1;-1;-1;-1;-1;-1;0;0;0;0;0;0;0;0;0;0;-1;
6440;[Incantation] Cure Poison;0;0;-1;4000;0;0;7;10;4000;0;-1;-1;-1;1;99;0;1;0;10;10;70;1;0;4;33;0;0;0;0;0;1;1;1;1;1;1;1;1;1;0;0;0;1;1;1;1;0;0;0;0;1;0;1;1;1;1;1;1;1;1;1;525080;525081;-1;0;0;-1;-1;-1;-1;0;0;-1;-1;-1;-1;0;0;0;0;0;0;0;0;0;0;10644000;-1;-1;-1;-1;-1;-1;-1;-1;-1;-1;0;0;0;0;0;0;0;0;0;0;-1;
6441;[Incantation] Lord's Aid;1;0;-1;4000;0;0;12;10;4000;0;-1;-1;-1;1;99;1;1;0;12;10;70;1;1;4;34;0;1;0;0;0;1;1;1;1;1;1;1;1;1;0;0;0;1;1;1;1;0;0;0;0;1;0;1;1;1;1;1;1;1;1;1;525090;525091;525094;0;0;-1;-1;-1;-1;0;0;-1;-1;-1;-1;0;0;0;0;0;0;0;0;0;0;10644100;10644101;10644110;20000000;10644111;-1;-1;-1;-1;-1;-1;0;2;2;2;0;0;0;0;0;0;-1;
6450;[Incantation] Flame Fortification;1;0;-1;5630;0;0;20;13;4095;0;-1;-1;-1;2;99;0;1;0;10;10;70;1;0;4;33;0;0;0;0;0;1;1;1;1;1;1;1;1;1;0;0;0;1;1;1;1;0;0;0;0;1;0;1;1;1;1;1;1;1;1;1;524810;524811;-1;0;0;-1;-1;-1;-1;0;0;-1;-1;-1;-1;0;0;0;0;0;0;0;0;0;0;1645000;-1;-1;30000000;-1;-1;-1;-1;-1;-1;-1;0;0;0;0;0;0;0;0;0;0;-1;
6460;[Incantation] Magic Fortification;1;0;-1;5630;0;0;20;13;4095;0;-1;-1;-1;2;99;0;1;0;10;10;70;1;0;4;33;0;0;0;0;0;1;1;1;1;1;1;1;1;1;0;0;0;1;1;1;1;0;0;0;0;1;0;1;1;1;1;1;1;1;1;1;524800;524801;-1;0;0;-1;-1;-1;-1;0;0;-1;-1;-1;-1;0;0;0;0;0;0;0;0;0;0;1646000;-1;-1;30000000;-1;-1;-1;-1;-1;-1;-1;0;0;0;0;0;0;0;0;0;0;-1;
6470;[Incantation] Lightning Fortification;1;0;-1;5630;0;0;20;13;4095;0;-1;-1;-1;2;99;0;1;0;10;10;70;1;0;4;33;0;0;0;0;0;1;1;1;1;1;1;1;1;1;0;0;0;1;1;1;1;0;0;0;0;1;0;1;1;1;1;1;1;1;1;1;524820;524821;-1;0;0;-1;-1;-1;-1;0;0;-1;-1;-1;-1;0;0;0;0;0;0;0;0;0;0;1647000;-1;-1;30000000;-1;-1;-1;-1;-1;-1;-1;0;0;0;0;0;0;0;0;0;0;-1;
6480;[Incantation] Divine Fortification;1;0;-1;5630;0;0;20;13;4095;0;-1;-1;-1;2;99;0;1;0;10;10;70;1;0;4;33;0;0;0;0;0;1;1;1;1;1;1;1;1;1;0;0;0;1;1;1;1;0;0;0;0;1;0;1;1;1;1;1;1;1;1;1;524830;524831;-1;0;0;-1;-1;-1;-1;0;0;-1;-1;-1;-1;0;0;0;0;0;0;0;0;0;0;1648000;-1;-1;30000000;-1;-1;-1;-1;-1;-1;-1;0;0;0;0;0;0;0;0;0;0;-1;
6490;[Incantation] Lord's Divine Fortification;1;0;-1;5630;0;0;30;20;4095;0;-1;-1;-1;1;99;0;1;0;27;10;70;1;0;4;34;0;0;0;0;0;1;1;1;1;1;1;1;1;1;0;0;0;1;1;1;1;0;0;0;0;1;0;1;1;1;1;1;1;1;1;1;524870;524871;524874;0;0;-1;-1;-1;-1;0;0;-1;-1;-1;-1;0;0;0;0;0;0;0;0;0;0;10649000;-1;-1;30000000;-1;-1;-1;-1;-1;-1;-1;0;0;0;0;0;0;0;0;0;0;-1;
6500;[Incantation] Night Maiden's Mist;1;0;-1;5330;0;0;20;20;4125;0;-1;-1;-1;1;99;0;1;14;0;10;70;0;0;3;113;0;1;0;0;0;1;1;1;1;1;1;1;1;1;0;0;0;1;1;1;1;0;0;0;0;1;0;0;1;1;1;1;1;1;1;1;523580;-1;523204;0;0;-1;-1;-1;-1;0;0;-1;-1;-1;-1;20;26;0;0;0;0;0;0;0;0;10650000;-1;-1;11000000;10650050;-1;-1;-1;-1;-1;-1;0;0;0;1;0;0;0;0;0;0;-1;
6510;[Incantation] Assassin's Approach;1;0;-1;5660;0;0;15;13;4018;0;-1;-1;-1;2;99;1;1;0;10;10;70;1;0;4;114;0;0;0;0;0;1;1;1;1;1;1;1;1;1;0;0;0;1;1;1;1;0;0;0;0;1;0;1;1;1;1;1;1;1;1;1;523540;523541;-1;0;0;-1;-1;-1;-1;0;0;-1;-1;-1;-1;0;0;0;0;0;0;0;0;0;0;1651000;10651001;-1;-1;-1;-1;-1;-1;-1;-1;-1;0;2;0;0;0;0;0;0;0;0;-1;
6520;[Incantation] Shadow Bait;1;0;-1;5670;0;0;15;14;4065;0;-1;-1;-1;1;99;0;1;0;13;10;70;1;0;4;26;0;0;0;0;0;1;1;1;1;1;1;1;1;1;0;0;0;1;1;1;1;0;0;0;0;1;0;0;1;1;1;1;1;1;1;1;523520;523521;-1;0;0;-1;-1;-1;-1;0;0;-1;-1;-1;-1;0;0;0;0;0;0;0;0;0;0;10652000;-1;-1;-1;-1;-1;-1;-1;-1;-1;-1;0;0;0;0;0;0;0;0;0;0;-1;
6530;[Incantation] Darkness;1;0;-1;4000;0;0;34;24;4000;0;-1;-1;-1;1;99;0;1;0;18;10;70;1;0;4;26;0;0;0;0;0;1;1;1;1;1;1;1;1;1;0;0;0;1;1;1;1;0;0;0;0;1;0;0;1;1;1;1;1;1;1;1;523570;523571;-1;0;0;-1;-1;-1;-1;0;0;-1;-1;-1;-1;0;0;0;0;0;0;0;0;0;0;10653000;-1;-1;-1;-1;-1;-1;-1;-1;-1;-1;0;0;0;0;0;0;0;0;0;0;-1;
6600;[Incantation] Golden Vow;1;0;-1;6700;0;0;47;50;3050;0;-1;-1;-1;1;99;0;1;0;25;10;70;1;0;4;35;0;0;0;0;0;1;1;1;1;1;1;1;1;1;0;0;0;1;1;1;1;0;0;0;0;1;0;1;1;1;1;1;1;1;1;1;525630;525631;525632;0;0;-1;-1;-1;-1;0;0;-1;-1;-1;-1;0;0;0;0;0;0;0;0;0;0;10660000;-1;-1;30000000;-1;-1;-1;-1;-1;-1;-1;0;0;0;0;0;0;0;0;0;0;-1;
6700;[Incantation] Discus of Light;1;0;-1;5320;0;0;9;20;4138;0;-1;-1;-1;1;99;0;1;13;13;10;70;1;0;4;27;0;0;0;0;0;1;1;1;1;1;1;1;1;1;0;0;0;1;1;1;1;0;0;0;0;1;0;0;1;1;1;1;1;1;1;1;528120;528121;528125;0;0;-1;-1;-1;-1;0;0;-1;-1;-1;-1;0;0;0;0;24;0;0;0;0;0;10670000;-1;-1;11000000;-1;-1;-1;-1;-1;-1;-1;0;0;0;0;0;0;0;0;0;0;-1;
6701;[Incantation] Triple Rings of Light;1;0;-1;5320;0;0;23;28;4138;0;-1;-1;-1;1;99;0;1;23;23;10;70;1;0;4;27;0;0;0;0;0;1;1;1;1;1;1;1;1;1;0;0;0;1;1;1;1;0;0;0;0;1;0;0;1;1;1;1;1;1;1;1;528110;528111;528115;0;0;-1;-1;-1;-1;0;0;-1;-1;-1;-1;0;0;0;0;24;0;0;0;0;0;10670100;-1;-1;11000000;-1;-1;-1;-1;-1;-1;-1;0;0;0;0;0;0;0;0;0;0;-1;
6710;[Incantation] Radagon's Rings of Light;1;0;-1;5340;0;0;25;37;4021;0;-1;-1;-1;1;99;1;1;31;31;10;70;1;1;4;48;0;1;0;0;0;1;1;1;1;1;1;1;1;1;0;0;0;1;1;1;1;0;0;0;0;1;0;0;1;1;1;1;1;1;1;1;-1;-1;-1;0;0;-1;-1;-1;-1;0;0;-1;-1;-1;-1;25;48;0;0;24;0;0;0;0;0;10671000;10671005;10671050;11000000;10671055;-1;-1;-1;-1;-1;-1;0;2;1;2;0;0;0;0;0;0;-1;
6720;[Incantation] Elden Stars;1;0;-1;5013;0;0;47;48;4054;0;-1;-1;-1;1;99;0;2;0;50;10;70;1;0;4;91;0;0;0;0;0;1;1;1;1;1;1;1;1;1;0;0;0;1;1;1;1;0;0;0;0;1;0;0;1;1;1;1;1;1;1;1;-1;-1;-1;0;0;-1;-1;-1;-1;0;0;-1;-1;-1;-1;0;0;0;0;0;0;0;0;0;0;10672000;-1;-1;10100000;-1;-1;-1;-1;-1;-1;-1;0;0;0;0;0;0;0;0;0;0;-1;
6730;[Incantation] Law of Regression;1;0;-1;5670;0;0;55;50;4065;0;-1;-1;-1;0;99;1;1;37;0;10;70;1;1;4;86;0;1;0;0;0;1;1;1;1;1;1;1;1;1;0;0;0;1;1;1;1;0;0;0;0;1;0;1;1;1;1;1;1;1;1;1;528160;-1;-1;0;0;-1;-1;-1;-1;1;0;-1;-1;-1;-1;0;0;0;1;24;0;1;1;0;0;-1;10673000;10673001;30000000;10673002;10673010;10673011;10673012;10673013;-1;-1;0;0;2;2;2;2;2;2;0;0;-1;
6740;[Incantation] Immutable Shield;1;0;-1;5670;0;0;15;10;4065;0;-1;-1;-1;2;99;0;1;19;19;10;70;1;0;4;49;0;0;0;0;0;1;1;1;1;1;1;1;1;1;0;0;1;1;1;1;1;0;0;0;0;0;0;1;1;1;1;1;1;1;1;1;528180;528181;-1;0;0;-1;-1;-1;-1;0;0;-1;-1;-1;-1;0;0;0;0;24;0;0;0;0;0;1674000;-1;-1;30020000;-1;-1;-1;-1;-1;-1;-1;0;0;0;0;0;0;0;0;0;0;-1;
6750;[Incantation] Litany of Proper Death;0;0;-1;5670;0;0;17;28;4065;0;-1;-1;-1;1;99;2;1;17;17;10;70;1;0;4;87;0;0;0;0;0;1;1;1;1;1;1;1;1;1;0;0;0;1;1;1;1;0;0;0;0;1;0;0;1;1;1;1;1;1;1;1;-1;-1;-1;0;0;-1;-1;-1;-1;0;0;-1;-1;-1;-1;0;0;0;0;24;0;0;0;0;0;10675000;1675000;-1;11000000;-1;-1;-1;-1;-1;-1;-1;0;2;0;0;0;0;0;0;0;0;-1;
6760;[Incantation] Law of Causality;1;0;-1;5670;0;0;22;20;4065;0;-1;-1;-1;1;99;2;1;29;0;10;70;1;2;4;86;0;0;0;0;0;1;1;1;1;1;1;1;1;1;0;0;0;1;1;1;1;0;0;0;0;1;0;0;1;1;1;1;1;1;1;1;528170;528171;-1;0;0;-1;-1;-1;-1;0;0;-1;-1;-1;-1;0;0;0;0;24;0;0;0;0;0;10676000;1676000;1676005;30000000;-1;-1;-1;-1;-1;-1;-1;2;0;2;0;0;0;0;0;0;0;-1;
6770;[Incantation] Order's Blade;1;0;-1;4000;0;0;22;10;4000;0;-1;-1;-1;2;99;0;1;13;13;10;70;1;0;4;104;0;0;0;0;0;1;1;1;1;1;1;1;1;1;0;1;0;1;1;1;1;0;0;0;0;0;0;1;1;1;1;1;1;1;1;1;528190;528191;-1;0;0;-1;-1;-1;-1;0;0;-1;-1;-1;-1;0;0;0;0;24;0;0;0;0;0;1677000;-1;-1;30010000;-1;-1;-1;-1;-1;-1;-1;0;0;0;0;0;0;0;0;0;0;-1;
6780;[Incantation] Order Healing;1;0;-1;5670;0;0;15;10;4065;0;-1;-1;-1;0;99;1;1;11;11;10;70;1;0;4;86;0;0;0;0;0;1;1;1;1;1;1;1;1;1;0;0;0;1;1;1;1;0;0;0;0;1;0;1;1;1;1;1;1;1;1;1;528150;-1;-1;0;0;-1;-1;-1;-1;0;0;-1;-1;-1;-1;0;0;0;0;24;0;0;0;0;0;-1;10678000;-1;-1;-1;-1;-1;-1;-1;-1;-1;0;0;0;0;0;0;0;0;0;0;-1;
6800;[Incantation] Bestial Sling;1;0;-1;6000;0;0;7;19;4021;0;-1;-1;-1;1;99;1;1;0;10;10;70;1;0;4;38;0;0;0;0;0;1;1;1;1;1;1;1;1;1;0;0;0;1;1;1;1;0;0;0;0;1;0;0;1;1;1;1;1;1;1;1;-1;-1;-1;0;0;-1;-1;-1;-1;0;0;-1;-1;-1;-1;0;0;0;0;23;0;0;0;0;0;10680000;10680001;-1;11000000;-1;-1;-1;-1;-1;-1;-1;0;2;0;0;0;0;0;0;0;0;-1;
6810;[Incantation] Stone of Gurranq;1;0;-1;6010;0;0;15;37;4021;0;-1;-1;-1;1;99;0;1;0;13;10;70;1;0;4;37;0;0;0;0;0;1;1;1;1;1;1;1;1;1;0;0;0;1;1;1;1;0;0;0;0;1;0;0;1;1;1;1;1;1;1;1;-1;-1;-1;0;0;-1;-1;-1;-1;0;0;-1;-1;-1;-1;0;0;0;0;23;0;0;0;0;0;10681000;-1;-1;10000000;-1;-1;-1;-1;-1;-1;-1;0;0;0;0;0;0;0;0;0;0;-1;
6820;[Incantation] Beast Claw;0;0;-1;6020;0;0;10;27;4021;0;-1;-1;-1;1;99;1;1;0;8;10;70;1;0;4;40;0;0;0;0;0;1;1;1;1;1;1;1;1;1;0;0;0;1;1;1;1;0;0;0;0;1;0;0;1;1;1;1;1;1;1;1;530170;530171;530174;0;0;-1;-1;-1;-1;0;0;-1;-1;-1;-1;10;35;0;0;23;0;0;0;0;0;10682000;10682050;-1;11000000;-1;-1;-1;-1;-1;-1;-1;0;1;0;0;0;0;0;0;0;0;-1;
6830;[Incantation] Gurranq's Beast Claw;1;0;-1;6030;0;0;21;42;4021;0;-1;-1;-1;1;99;0;1;0;15;10;70;1;0;4;41;0;0;0;0;0;1;1;1;1;1;1;1;1;1;0;0;0;1;1;1;1;0;0;0;0;0;0;0;1;1;1;1;1;1;1;1;-1;-1;-1;0;0;-1;-1;-1;-1;0;0;-1;-1;-1;-1;0;0;0;0;23;0;0;0;0;0;10683000;-1;-1;12000000;-1;-1;-1;-1;-1;-1;-1;0;0;0;0;0;0;0;0;0;0;-1;
6840;[Incantation] Bestial Vitality;1;0;-1;6600;0;0;18;10;3047;0;-1;-1;-1;2;99;0;1;0;12;10;70;1;0;4;31;0;0;0;0;0;1;1;1;1;1;1;1;1;1;0;0;0;1;1;1;1;0;0;0;0;1;0;1;1;1;1;1;1;1;1;1;525040;525041;-1;0;0;-1;-1;-1;-1;0;0;-1;-1;-1;-1;0;0;0;0;23;0;0;0;0;0;1685000;-1;-1;10000000;-1;-1;-1;-1;-1;-1;-1;0;0;0;0;0;0;0;0;0;0;-1;
6850;[Incantation] Bestial Constitution;1;0;-1;6620;0;0;10;10;3049;0;-1;-1;-1;1;99;0;1;0;9;10;70;1;0;4;31;0;0;0;0;0;1;1;1;1;1;1;1;1;1;0;0;0;1;1;1;1;0;0;0;0;1;0;1;1;1;1;1;1;1;1;1;529510;-1;-1;0;0;-1;-1;-1;-1;0;0;-1;-1;-1;-1;0;0;0;0;23;0;0;0;0;0;10686000;-1;-1;-1;-1;-1;-1;-1;-1;-1;-1;0;0;0;0;0;0;0;0;0;0;-1;
6900;[Incantation] Lightning Spear;1;0;-1;6200;0;0;18;28;3031;0;-1;-1;-1;1;99;1;1;0;17;10;70;1;0;4;36;0;0;0;0;0;1;1;1;1;1;1;1;1;1;0;0;0;1;1;1;1;0;0;0;0;1;0;0;1;1;1;1;1;1;1;1;-1;-1;-1;0;0;-1;-1;-1;-1;0;0;-1;-1;-1;-1;18;36;0;0;22;0;0;0;0;0;10690000;10690050;-1;10000000;-1;-1;-1;-1;-1;-1;-1;0;0;0;0;0;0;0;0;0;0;-1;
6910;[Incantation] Ancient Dragons' Lightning Strike;1;0;-1;6230;0;0;36;31;3018;0;-1;-1;-1;1;99;1;1;0;26;10;70;1;1;4;42;0;1;0;0;0;1;1;1;1;1;1;1;1;1;0;0;0;1;1;1;1;0;0;0;0;1;0;0;1;1;1;1;1;1;1;1;525530;525536;525534;0;0;-1;-1;-1;-1;0;0;-1;-1;-1;-1;36;40;0;0;22;0;0;0;0;0;10691000;10691020;10691050;12000000;10691070;-1;-1;-1;-1;-1;-1;0;2;1;2;0;0;0;0;0;0;-1;
6920;[Incantation] Lightning Strike;1;0;-1;6220;0;0;21;32;3066;0;-1;-1;-1;1;99;1;1;0;28;10;70;1;0;4;111;0;0;0;0;0;1;1;1;1;1;1;1;1;1;0;0;0;1;1;1;1;0;0;0;0;1;0;0;1;1;1;1;1;1;1;1;525570;525571;-1;0;0;-1;-1;-1;-1;0;0;-1;-1;-1;-1;0;0;0;0;22;0;0;0;0;0;10692000;10692000;-1;10000100;-1;-1;-1;-1;-1;-1;-1;0;2;0;0;0;0;0;0;0;0;-1;
6921;[Incantation] Frozen Lightning Spear;1;0;-1;4000;0;0;36;39;4000;0;-1;-1;-1;1;99;0;1;0;34;10;70;1;0;4;119;0;0;0;0;0;1;1;1;1;1;1;1;1;1;0;0;0;1;1;1;1;0;0;0;0;0;0;0;1;1;1;1;1;1;1;1;-1;-1;-1;0;0;-1;-1;-1;-1;0;0;-1;-1;-1;-1;0;0;0;0;22;0;0;0;0;0;10692100;-1;-1;10000100;-1;-1;-1;-1;-1;-1;-1;0;0;0;0;0;0;0;0;0;0;-1;
6930;[Incantation] Honed Bolt;1;0;-1;4000;0;0;12;29;4000;0;-1;-1;-1;1;99;0;1;0;24;10;70;1;0;4;111;0;0;0;0;0;1;1;1;1;1;1;1;1;1;0;0;0;1;1;1;1;0;0;0;0;1;0;0;1;1;1;1;1;1;1;1;525560;525561;-1;0;0;-1;-1;-1;-1;0;0;-1;-1;-1;-1;0;0;0;0;22;0;0;0;0;0;10693000;-1;-1;10000000;-1;-1;-1;-1;-1;-1;-1;0;0;0;0;0;0;0;0;0;0;-1;
6940;[Incantation] Ancient Dragons' Lightning Spear;1;0;-1;6240;0;0;30;29;3019;0;-1;-1;-1;1;99;0;1;0;32;10;70;1;0;4;44;0;0;0;0;0;1;1;1;1;1;1;1;1;1;0;0;0;1;1;1;1;0;0;0;0;0;0;0;1;1;1;1;1;1;1;1;-1;-1;-1;0;0;-1;-1;-1;-1;0;0;-1;-1;-1;-1;0;0;0;0;22;0;0;0;0;0;10694000;-1;-1;12000000;-1;-1;-1;-1;-1;-1;-1;0;0;0;0;0;0;0;0;0;0;-1;
6941;[Incantation] Fortissax's Lightning Spear;1;0;-1;6250;0;0;45;42;3042;0;-1;-1;-1;1;99;1;1;0;46;10;70;1;0;4;98;0;0;0;0;0;1;1;1;1;1;1;1;1;1;0;0;0;1;1;1;1;0;0;0;0;0;0;0;1;1;1;1;1;1;1;1;-1;-1;-1;0;0;-1;-1;-1;-1;0;0;-1;-1;-1;-1;0;0;0;0;22;0;0;0;0;0;10694100;10694150;-1;12000000;-1;-1;-1;-1;-1;-1;-1;0;2;0;0;0;0;0;0;0;0;-1;
6950;[Incantation] Lansseax's Glaive;1;0;-1;6730;0;0;28;45;3054;0;-1;-1;-1;1;99;0;1;0;40;10;70;1;0;4;45;0;0;0;0;0;1;1;1;1;1;1;1;1;1;0;0;0;1;1;1;1;0;0;0;0;0;0;0;1;1;1;1;1;1;1;1;-1;-1;-1;0;0;-1;-1;-1;-1;0;0;-1;-1;-1;-1;0;0;0;0;22;0;0;0;0;0;10695000;69500;69501;11000000;-1;-1;-1;-1;-1;-1;-1;2;0;0;0;0;0;0;0;0;0;-1;
6960;[Incantation] Electrify Armament;1;0;-1;6730;0;0;27;10;3055;0;-1;-1;-1;2;99;0;1;0;15;10;70;1;0;4;59;0;0;0;0;0;1;1;1;1;1;1;1;1;1;0;1;0;1;1;1;1;0;0;0;0;0;0;1;1;1;1;1;1;1;1;1;525660;525661;-1;0;0;-1;-1;-1;-1;0;0;-1;-1;-1;-1;0;0;0;0;22;0;0;0;0;0;1696000;-1;-1;30010000;-1;-1;-1;-1;-1;-1;-1;0;0;0;0;0;0;0;0;0;0;-1;
6970;[Incantation] Vyke's Dragonbolt;1;0;-1;6730;0;0;35;20;3056;0;-1;-1;-1;2;99;2;1;0;23;10;70;1;0;4;59;0;0;0;0;0;1;1;1;1;1;1;1;1;1;0;1;0;1;1;1;1;0;0;0;0;0;0;1;1;1;1;1;1;1;1;1;525640;525641;-1;0;0;-1;-1;-1;-1;0;0;-1;-1;-1;-1;0;0;0;0;22;0;0;0;0;0;1697000;1697001;-1;30010000;-1;-1;-1;-1;-1;-1;-1;0;2;0;0;0;0;0;0;0;0;-1;
6971;[Incantation] Dragonbolt Blessing;1;0;-1;6260;0;0;20;20;3043;0;-1;-1;-1;2;99;0;1;0;21;10;70;1;0;4;60;0;0;0;0;0;1;1;1;1;1;1;1;1;1;0;0;0;1;1;1;1;0;0;0;0;1;0;1;1;1;1;1;1;1;1;1;525650;525651;-1;0;0;-1;-1;-1;-1;0;0;-1;-1;-1;-1;0;0;0;0;22;0;0;0;0;0;1697100;-1;-1;30000000;-1;-1;-1;-1;-1;-1;-1;0;0;0;0;0;0;0;0;0;0;-1;
7000;[Incantation] Dragonfire;0;0;-1;4000;12;0;28;40;4000;0;-1;-1;-1;1;99;1;1;0;15;10;70;1;1;4;67;0;1;0;0;0;1;1;1;1;1;1;1;1;1;0;0;0;1;1;1;1;0;0;0;0;1;0;0;1;1;1;1;1;1;1;1;530400;530401;530402;0;0;-1;-1;-1;-1;0;0;-1;-1;-1;-1;4;0;0;0;25;0;0;0;0;0;10700001;10700000;10700002;10000300;10999999;-1;-1;-1;-1;-1;-1;1;2;2;0;0;0;0;0;0;0;4;
7001;[Incantation] Agheel's Flame;1;0;-1;4000;15;0;36;60;4000;0;-1;-1;-1;1;99;1;1;0;23;10;70;1;1;4;50;0;0;0;0;0;1;1;1;1;1;1;1;1;1;0;0;0;1;1;1;1;0;0;0;0;0;0;0;1;1;1;1;1;1;1;1;-1;530431;530440;0;0;-1;-1;-1;-1;1;0;-1;-1;-1;-1;6;0;0;0;25;0;0;0;0;0;10700110;10700100;10700101;10000300;-1;10999999;-1;-1;-1;-1;-1;1;2;2;0;0;0;0;0;0;0;6;
7010;[Incantation] Magma Breath;1;0;-1;4000;10;0;30;40;4000;0;-1;-1;-1;1;99;1;1;0;14;10;70;1;0;4;123;0;0;0;0;0;1;1;1;1;1;1;1;1;1;0;0;0;1;1;1;1;0;0;0;0;1;0;0;1;1;1;1;1;1;1;1;-1;530501;530502;0;0;-1;-1;-1;-1;0;0;-1;-1;-1;-1;0;0;0;0;25;0;0;0;0;0;10701000;10701009;-1;11000000;-1;-1;-1;-1;-1;-1;-1;0;2;0;0;0;0;0;0;0;0;-1;
7011;[Incantation] Theodorix's Magma;1;0;-1;4000;14;0;45;60;4000;0;-1;-1;-1;1;99;1;1;0;21;10;70;1;0;4;123;0;0;0;0;0;1;1;1;1;1;1;1;1;1;0;0;0;1;1;1;1;0;0;0;0;1;0;0;1;1;1;1;1;1;1;1;-1;530511;530512;0;0;-1;-1;-1;-1;0;0;-1;-1;-1;-1;0;0;0;0;25;0;0;0;0;0;10701100;10701109;-1;11000000;-1;-1;-1;-1;-1;-1;-1;0;2;0;0;0;0;0;0;0;0;-1;
7020;[Incantation] Dragonice;1;0;-1;4000;12;0;36;48;4000;0;-1;-1;-1;1;99;1;1;0;15;10;70;1;1;4;67;0;1;0;0;0;1;1;1;1;1;1;1;1;1;0;0;0;1;1;1;1;0;0;0;0;1;0;0;1;1;1;1;1;1;1;1;-1;530551;530552;0;0;-1;-1;-1;-1;0;0;-1;-1;-1;-1;4;0;0;0;25;0;0;0;0;0;10702001;10702000;10702002;10000300;10999999;-1;-1;-1;-1;-1;-1;1;2;2;0;0;0;0;0;0;0;4;
7021;[Incantation] Borealis's Mist;1;0;-1;4000;15;0;48;60;4000;0;-1;-1;-1;1;99;1;1;0;23;10;70;1;1;4;50;0;0;0;0;0;1;1;1;1;1;1;1;1;1;0;0;0;1;1;1;1;0;0;0;0;0;0;0;1;1;1;1;1;1;1;1;-1;530581;530590;0;0;-1;-1;-1;-1;1;0;-1;-1;-1;-1;6;0;0;0;25;0;0;0;0;0;10702110;10702100;10702101;10000300;-1;10999999;-1;-1;-1;-1;-1;1;2;2;0;0;0;0;0;0;0;6;
7030;[Incantation] Rotten Breath;1;0;-1;4000;12;0;36;48;4000;0;-1;-1;-1;1;99;1;1;0;15;10;70;1;1;4;67;0;1;0;0;0;1;1;1;1;1;1;1;1;1;0;0;0;1;1;1;1;0;0;0;0;1;0;0;1;1;1;1;1;1;1;1;-1;530601;530602;0;0;-1;-1;-1;-1;0;0;-1;-1;-1;-1;4;0;0;0;25;0;0;0;0;0;10703001;10703000;10703002;10000300;10999999;-1;-1;-1;-1;-1;-1;1;2;2;0;0;0;0;0;0;0;4;
7031;[Incantation] Ekzykes's Decay;1;0;-1;4000;15;0;48;60;4000;0;-1;-1;-1;1;99;1;1;0;23;10;70;1;1;4;50;0;0;0;0;0;1;1;1;1;1;1;1;1;1;0;0;0;1;1;1;1;0;0;0;0;0;0;0;1;1;1;1;1;1;1;1;-1;530631;530640;0;0;-1;-1;-1;-1;1;0;-1;-1;-1;-1;6;0;0;0;25;0;0;0;0;0;10703110;10703100;10703101;10000300;-1;10999999;-1;-1;-1;-1;-1;1;2;2;0;0;0;0;0;0;0;6;
7040;[Incantation] Glintstone Breath;1;0;-1;4000;12;0;28;40;4000;0;-1;-1;-1;1;99;1;1;0;15;10;70;1;1;4;67;0;1;0;0;0;1;1;1;1;1;1;1;1;1;0;0;0;1;1;1;1;0;0;0;0;1;0;0;1;1;1;1;1;1;1;1;-1;530651;530652;0;0;-1;-1;-1;-1;0;0;-1;-1;-1;-1;4;0;0;0;25;0;0;0;0;0;10704001;10704000;10704002;10000300;10999999;-1;-1;-1;-1;-1;-1;1;2;2;0;0;0;0;0;0;0;4;
7041;[Incantation] Smarag's Glintstone Breath;1;0;-1;4000;15;0;36;60;4000;0;-1;-1;-1;1;99;1;1;0;23;10;70;1;1;4;50;0;0;0;0;0;1;1;1;1;1;1;1;1;1;0;0;0;1;1;1;1;0;0;0;0;0;0;0;1;1;1;1;1;1;1;1;-1;530681;530690;0;0;-1;-1;-1;-1;1;0;-1;-1;-1;-1;6;0;0;0;25;0;0;0;0;0;10704110;10704100;10704101;10000300;-1;10999999;-1;-1;-1;-1;-1;1;2;2;0;0;0;0;0;0;0;6;
7050;[Incantation] Placidusax's Ruin;1;0;-1;4000;0;0;62;75;4000;0;-1;-1;-1;1;99;1;3;0;36;10;70;1;1;4;51;0;1;0;0;0;1;1;1;1;1;1;1;1;1;0;0;0;1;1;1;1;0;0;0;0;0;0;0;1;1;1;1;1;1;1;1;523000;523001;-1;0;0;-1;-1;-1;-1;1;0;-1;-1;-1;-1;0;0;0;0;0;0;0;0;0;0;10705000;10705002;10705010;11000000;10999999;10705004;-1;-1;-1;-1;-1;2;2;2;0;2;0;0;0;0;0;-1;
7060;[Incantation] Dragonclaw;1;0;-1;4000;13;0;32;35;4000;0;-1;-1;-1;0;99;0;1;0;17;10;70;1;0;4;52;0;0;0;0;0;1;1;1;1;1;1;1;1;1;0;0;0;1;1;1;1;0;0;0;0;0;0;0;1;1;1;1;1;1;1;1;530160;530161;-1;0;0;-1;-1;-1;-1;1;0;-1;-1;-1;-1;0;0;0;1;25;0;0;0;0;0;70600;70601;70602;12000000;70603;10706000;10706002;-1;-1;-1;-1;0;0;0;0;2;2;0;0;0;0;-1;
7080;[Incantation] Dragonmaw;1;0;-1;4000;16;0;46;50;4000;0;-1;-1;-1;0;99;0;1;0;24;10;70;1;0;4;54;0;0;0;0;0;1;1;1;1;1;1;1;1;1;0;0;0;1;1;1;1;0;0;0;0;0;0;0;1;1;1;1;1;1;1;1;523000;523001;-1;0;0;-1;-1;-1;-1;0;0;-1;-1;-1;-1;0;0;0;0;25;0;0;0;0;0;70800;-1;-1;12000000;-1;-1;-1;-1;-1;-1;-1;0;0;0;0;0;0;0;0;0;0;-1;
7090;[Incantation] Greyoll's Roar;0;0;-1;4000;17;0;62;72;4000;0;-1;-1;-1;1;99;1;2;0;28;10;70;1;0;4;55;0;0;0;0;0;1;1;1;1;1;1;1;1;1;0;0;0;1;1;1;1;0;0;0;0;0;0;0;1;1;1;1;1;1;1;1;-1;-1;-1;0;0;-1;-1;-1;-1;0;0;-1;-1;-1;-1;0;0;0;0;25;0;0;0;0;0;10709000;10709001;-1;11000000;-1;-1;-1;-1;-1;-1;-1;0;2;0;0;0;0;0;0;0;0;-1;
7200;[Incantation] Pest Threads;1;0;-1;4000;0;0;19;29;4000;0;-1;-1;-1;1;99;1;1;0;11;10;70;1;1;4;74;0;1;0;0;0;1;1;1;1;1;1;1;1;1;0;0;0;1;1;1;1;0;0;0;0;1;0;0;1;1;1;1;1;1;1;1;-1;-1;-1;0;0;-1;-1;-1;-1;1;0;-1;-1;-1;-1;0;0;0;1;0;0;0;0;0;0;10720000;10720001;10720002;10000000;10720003;10720004;10720005;-1;-1;-1;-1;0;2;2;2;2;2;0;0;0;0;-1;
7210;[Incantation] Swarm of Flies;1;0;-1;4000;16;0;14;24;4000;0;-1;-1;-1;1;99;0;1;0;11;10;70;1;0;4;26;0;0;0;0;0;1;1;1;1;1;1;1;1;1;0;0;0;1;1;1;1;0;0;0;0;1;0;0;1;1;1;1;1;1;1;1;525540;-1;-1;0;0;-1;-1;-1;-1;0;0;-1;-1;-1;-1;0;0;0;0;0;0;0;0;0;0;10721000;-1;-1;11000000;-1;-1;-1;-1;-1;-1;-1;0;0;0;0;0;0;0;0;0;0;-1;
7220;[Incantation] Poison Mist;1;0;-1;4000;0;0;18;10;4000;0;-1;-1;-1;1;99;0;1;0;12;10;70;1;0;4;26;0;0;0;0;0;1;1;1;1;1;1;1;1;1;0;0;0;1;1;1;1;0;0;0;0;1;0;0;1;1;1;1;1;1;1;1;526320;-1;-1;0;0;-1;-1;-1;-1;0;0;-1;-1;-1;-1;0;0;0;0;0;0;0;0;0;0;10722000;-1;-1;11000000;-1;-1;-1;-1;-1;-1;-1;0;0;0;0;0;0;0;0;0;0;-1;
7230;[Incantation] Poison Armament;1;0;-1;4000;0;0;15;10;4000;0;-1;-1;-1;2;99;0;1;0;10;10;70;1;0;4;112;0;0;0;0;0;1;1;1;1;1;1;1;1;1;0;1;0;1;1;1;1;0;0;0;0;0;0;1;1;1;1;1;1;1;1;1;526310;526311;-1;0;0;-1;-1;-1;-1;0;0;-1;-1;-1;-1;0;0;0;0;0;0;0;0;0;0;1723000;-1;-1;30010000;-1;-1;-1;-1;-1;-1;-1;0;0;0;0;0;0;0;0;0;0;-1;
7240;[Incantation] Scarlet Aeonia;1;0;-1;4000;0;0;56;66;4000;0;-1;-1;-1;0;99;1;3;0;35;10;70;1;0;4;122;0;0;0;0;0;1;1;1;1;1;1;1;1;1;0;0;0;1;1;1;1;0;0;0;0;0;0;0;1;1;1;1;1;1;1;1;-1;-1;-1;0;0;-1;-1;-1;-1;0;0;-1;-1;-1;-1;0;0;0;0;0;0;0;0;0;0;72400;10724000;-1;11000000;-1;-1;-1;-1;-1;-1;-1;0;2;0;0;0;0;0;0;0;0;-1;
7300;[Incantation] Inescapable Frenzy;1;0;-1;6500;0;0;32;31;3046;0;-1;-1;-1;0;99;0;1;0;21;10;70;1;1;4;0;0;1;0;0;0;1;1;1;1;1;1;1;1;1;0;0;0;1;1;1;1;0;0;0;0;0;0;0;1;1;1;1;1;1;1;1;-1;-1;-1;0;0;-1;-1;-1;-1;0;0;-1;-1;-1;-1;0;0;0;0;26;0;0;0;0;0;73000;73002;10730000;12000000;10730001;-1;-1;-1;-1;-1;-1;0;0;2;2;0;0;0;0;0;0;-1;
7310;[Incantation] The Flame of Frenzy;0;0;-1;4000;0;0;16;30;4000;0;-1;-1;-1;1;99;1;1;0;16;10;70;1;1;4;66;0;1;0;0;0;1;1;1;1;1;1;1;1;1;0;0;0;1;1;1;1;0;0;0;0;1;0;0;1;1;1;1;1;1;1;1;-1;-1;-1;0;0;-1;-1;-1;-1;1;0;-1;-1;-1;-1;16;39;0;1;26;0;1;1;0;0;10731000;10731050;10999999;10000200;10999999;10731010;10731060;10731005;10731055;-1;-1;2;2;0;1;2;2;2;2;0;0;-1;
7311;[Incantation] Unendurable Frenzy;1;0;-1;4000;0;0;30;40;4000;0;-1;-1;-1;1;99;1;1;0;31;10;70;1;1;4;88;0;1;0;0;0;1;1;1;1;1;1;1;1;1;0;0;0;1;1;1;1;0;0;0;0;0;0;0;1;1;1;1;1;1;1;1;-1;-1;-1;0;0;-1;-1;-1;-1;1;0;-1;-1;-1;-1;6;0;0;1;26;0;1;1;1;0;10999999;10731100;10731100;10000200;10731105;10731106;10731107;10731108;10731110;10731115;-1;0;2;1;2;2;2;2;2;2;0;6;
7320;[Incantation] Frenzied Burst;1;0;-1;4000;0;0;24;33;4000;0;-1;-1;-1;1;99;1;1;0;22;10;70;1;0;4;89;0;0;0;0;0;1;1;1;1;1;1;1;1;1;0;0;0;1;1;1;1;0;0;0;0;1;0;0;1;1;1;1;1;1;1;1;-1;-1;-1;0;0;-1;-1;-1;-1;0;0;-1;-1;-1;-1;24;43;0;0;26;0;0;0;0;0;10732000;10732050;-1;11000200;-1;-1;-1;-1;-1;-1;-1;0;1;0;0;0;0;0;0;0;0;-1;
7330;[Incantation] Howl of Shabriri;1;0;-1;4000;0;0;21;38;4000;0;-1;-1;-1;1;99;2;1;0;33;10;70;1;1;4;90;0;1;0;0;0;1;1;1;1;1;1;1;1;1;0;0;0;1;1;1;1;0;0;0;0;0;0;0;1;1;1;1;1;1;1;1;-1;-1;-1;0;0;-1;-1;-1;-1;0;0;-1;-1;-1;-1;0;0;0;0;26;0;0;0;0;0;10733000;1733000;10733001;12000000;10999999;-1;-1;-1;-1;-1;-1;2;2;2;0;0;0;0;0;0;0;-1;
7500;[Incantation] Aspects of the Crucible: Tail;1;0;-1;4000;0;0;22;32;4000;0;-1;-1;-1;0;99;0;1;0;27;10;70;1;0;4;70;0;1;0;0;0;1;1;1;1;1;1;1;1;1;0;0;0;1;1;1;1;0;0;0;0;0;0;0;1;1;1;1;1;1;1;1;-1;-1;-1;0;0;-1;-1;-1;-1;0;0;-1;-1;-1;-1;22;42;0;0;28;0;0;0;0;0;75000;75005;75000;12000000;10999999;-1;-1;-1;-1;-1;-1;0;2;2;1;0;0;0;0;0;0;-1;
7510;[Incantation] Aspects of the Crucible: Horns;1;0;-1;4000;0;0;20;38;4000;0;-1;-1;-1;0;99;0;1;0;27;10;70;1;0;4;71;0;0;0;0;0;1;1;1;1;1;1;1;1;1;0;0;0;1;1;1;1;0;0;0;0;0;0;0;1;1;1;1;1;1;1;1;523000;523001;-1;0;0;-1;-1;-1;-1;0;0;-1;-1;-1;-1;20;49;0;0;28;0;0;0;0;0;75100;75101;75105;12000000;75106;-1;-1;-1;-1;-1;-1;0;0;1;1;0;0;0;0;0;0;-1;
7520;[Incantation] Aspects of the Crucible: Breath;1;0;-1;4000;0;0;28;40;4000;0;-1;-1;-1;1;99;1;1;0;27;10;70;1;1;4;100;0;0;0;0;0;1;1;1;1;1;1;1;1;1;0;0;0;1;1;1;1;0;0;0;0;0;0;0;1;1;1;1;1;1;1;1;-1;-1;-1;0;0;-1;-1;-1;-1;0;0;-1;-1;-1;-1;4;0;0;0;28;0;0;0;0;0;10752000;10752001;10999999;11000000;-1;-1;-1;-1;-1;-1;-1;2;1;0;0;0;0;0;0;0;0;4;
7530;[Incantation] Black Blade;1;0;-1;4200;0;0;26;51;4061;0;-1;-1;-1;0;99;1;2;0;46;10;70;1;0;4;116;0;1;0;0;0;1;1;1;1;1;1;1;1;1;0;0;0;1;1;1;1;0;0;0;0;0;0;0;1;1;1;1;1;1;1;1;-1;-1;-1;0;0;-1;-1;-1;-1;0;0;-1;-1;-1;-1;0;0;0;1;0;0;0;1;0;0;75300;10753000;75302;11000000;10753010;75304;10753020;75306;10753030;-1;-1;2;0;2;0;2;0;2;0;0;0;-1;
7900;[Incantation] Fire's Deadly Sin;1;0;-1;4000;0;0;26;28;4000;0;-1;-1;-1;2;99;1;1;0;19;10;70;1;0;4;24;0;2;0;0;0;1;1;1;1;1;1;1;1;1;0;0;0;1;1;1;1;0;0;0;0;0;0;0;1;1;1;1;1;1;1;1;525410;-1;525415;0;0;-1;-1;-1;-1;1;0;-1;-1;-1;-1;26;36;0;0;0;0;1;1;0;0;1790000;10790001;-1;12000000;1790010;10790051;-1;10790099;10790099;-1;-1;0;2;0;1;2;0;2;2;0;0;-1;
7903;[Incantation] Golden Lightning Fortification;1;0;-1;4000;0;0;30;20;4000;0;-1;-1;-1;1;99;0;1;0;24;10;70;1;0;4;34;0;0;0;0;0;1;1;1;1;1;1;1;1;1;0;0;0;1;1;1;1;0;0;0;0;1;0;1;1;1;1;1;1;1;1;1;524860;524861;524844;0;0;-1;-1;-1;-1;0;0;-1;-1;-1;-1;0;0;0;0;0;0;0;0;0;0;10790300;-1;-1;30000000;-1;-1;-1;-1;-1;-1;-1;0;0;0;0;0;0;0;0;0;0;-1;
8000;;1;0;-1;4200;0;0;9;26;4000;0;-1;-1;-1;1;99;1;1;24;0;10;70;0;1;3;81;0;0;0;0;0;1;1;1;1;1;1;1;1;1;0;0;0;1;1;1;1;0;0;0;0;0;0;0;1;1;1;1;1;1;1;1;-1;-1;-1;0;3;-1;-1;-1;-1;0;0;-1;-1;-1;-1;0;0;0;0;9;0;0;0;0;0;10490090;10490091;10490092;12000000;-1;-1;-1;-1;-1;-1;-1;0;0;0;0;0;0;0;0;0;0;-1;
8001;;1;0;-1;4200;0;0;9;22;4000;0;-1;-1;-1;1;99;0;1;21;0;10;70;0;0;3;82;0;0;0;0;0;1;1;1;1;1;1;1;1;1;0;0;0;1;1;1;1;0;0;0;0;0;0;0;1;1;1;1;1;1;1;1;-1;-1;-1;0;3;-1;-1;-1;-1;0;0;-1;-1;-1;-1;0;0;0;0;9;0;0;0;0;0;10491090;-1;-1;10000000;-1;-1;-1;-1;-1;-1;-1;0;0;0;0;0;0;0;0;0;0;-1;
53010;;1;0;-1;5000;0;0;1;1;4027;0;-1;-1;-1;1;99;1;0;0;0;1;20;1;1;4;106;0;1;0;0;0;1;1;1;1;1;1;1;1;1;0;0;0;1;1;1;1;0;0;0;0;1;0;0;1;1;1;1;1;1;1;1;524100;-1;-1;0;0;-1;-1;-1;-1;0;0;-1;-1;-1;-1;1;1;0;0;21;0;0;0;0;0;10600000;10600001;10600002;12000130;10600005;-1;-1;-1;-1;-1;-1;0;0;0;0;0;0;0;0;0;0;-1;
53011;;1;0;-1;5650;0;0;1;1;4095;0;-1;-1;-1;2;99;0;0;0;0;1;20;1;0;4;112;0;0;0;0;0;1;1;1;1;1;1;1;1;1;0;1;0;1;1;1;1;0;0;0;0;0;0;1;1;1;1;1;1;1;1;1;524140;524141;-1;0;0;-1;-1;-1;-1;0;0;-1;-1;-1;-1;1;1;0;0;0;0;0;0;0;0;1632000;-1;-1;30010000;-1;-1;-1;-1;-1;-1;-1;0;0;0;0;0;0;0;0;0;0;-1;
53012;;1;0;-1;4000;0;0;1;1;4000;0;-1;-1;-1;1;99;0;0;0;0;1;20;1;0;4;26;0;0;0;0;0;1;1;1;1;1;1;1;1;1;0;0;0;1;1;1;1;0;0;0;0;1;0;0;1;1;1;1;1;1;1;1;525540;-1;-1;0;0;-1;-1;-1;-1;0;0;-1;-1;-1;-1;1;1;0;0;0;0;0;0;0;0;10721000;-1;-1;11000000;-1;-1;-1;-1;-1;-1;-1;0;0;0;0;0;0;0;0;0;0;-1;
53040;;1;0;-1;6220;0;0;1;1;3066;0;-1;-1;-1;1;99;0;0;0;0;1;20;1;0;4;111;0;0;0;0;0;1;1;1;1;1;1;1;1;1;0;0;0;1;1;1;1;0;0;0;0;1;0;0;1;1;1;1;1;1;1;1;525570;525571;-1;0;0;-1;-1;-1;-1;0;0;-1;-1;-1;-1;1;1;0;0;22;0;0;0;0;0;10692000;-1;-1;10000100;-1;-1;-1;-1;-1;-1;-1;0;0;0;0;0;0;0;0;0;0;-1;
53041;;1;0;-1;6250;0;0;1;1;3042;0;-1;-1;-1;1;99;1;0;0;0;1;20;1;0;4;98;0;0;0;0;0;1;1;1;1;1;1;1;1;1;0;0;0;1;1;1;1;0;0;0;0;0;0;0;1;1;1;1;1;1;1;1;-1;-1;-1;0;0;-1;-1;-1;-1;0;0;-1;-1;-1;-1;1;1;0;0;22;0;0;0;0;0;10694100;10694150;-1;12000000;-1;-1;-1;-1;-1;-1;-1;0;0;0;0;0;0;0;0;0;0;-1;
53042;;1;0;-1;6730;0;0;1;1;3056;0;-1;-1;-1;2;99;2;0;0;0;1;20;1;0;4;59;0;0;0;0;0;1;1;1;1;1;1;1;1;1;0;1;0;1;1;1;1;0;0;0;0;1;0;0;1;1;1;1;1;1;1;1;525640;525641;-1;0;0;-1;-1;-1;-1;0;0;-1;-1;-1;-1;1;1;0;0;22;0;0;0;0;0;1697010;1697001;-1;30010000;-1;-1;-1;-1;-1;-1;-1;0;2;0;0;0;0;0;0;0;0;-1;
53043;;1;0;-1;4000;0;0;1;1;4000;0;-1;-1;-1;1;99;1;0;0;0;1;20;1;1;4;66;0;1;0;0;0;1;1;1;1;1;1;1;1;1;0;0;0;1;1;1;1;0;0;0;0;1;0;0;1;1;1;1;1;1;1;1;-1;-1;-1;0;3;-1;-1;-1;-1;1;0;-1;-1;-1;-1;1;1;0;1;27;0;0;0;0;0;10731000;10731050;10999999;10000200;10999999;10731010;10731060;-1;-1;-1;-1;2;2;0;1;2;2;0;0;0;0;-1;
53044;;1;0;-1;4000;0;0;1;1;4000;0;-1;-1;-1;1;99;1;0;0;0;1;20;1;0;4;89;0;0;0;0;0;1;1;1;1;1;1;1;1;1;0;0;0;1;1;1;1;0;0;0;0;1;0;0;1;1;1;1;1;1;1;1;-1;-1;-1;0;3;-1;-1;-1;-1;0;0;-1;-1;-1;-1;1;1;0;0;26;0;0;0;0;0;10732000;10732050;-1;11000200;-1;-1;-1;-1;-1;-1;-1;0;0;0;0;0;0;0;0;0;0;-1;
53045;;1;0;-1;4000;0;0;1;1;4000;0;-1;-1;-1;1;99;2;0;0;0;1;20;1;1;4;90;0;0;0;0;0;1;1;1;1;1;1;1;1;1;0;0;0;1;1;1;1;0;0;0;0;0;0;0;1;1;1;1;1;1;1;1;-1;-1;-1;0;3;-1;-1;-1;-1;0;0;-1;-1;-1;-1;1;1;0;0;26;0;0;0;0;0;10733000;1733000;10733001;12000000;-1;-1;-1;-1;-1;-1;-1;0;2;2;0;0;0;0;0;0;0;-1;
53110;;1;0;-1;5310;0;0;1;1;4041;0;-1;-1;-1;1;99;1;0;0;0;1;20;1;2;4;29;0;0;0;0;0;1;1;1;1;1;1;1;1;1;0;0;0;1;1;1;1;0;0;0;0;1;0;0;1;1;1;1;1;1;1;1;525310;525311;525315;0;0;-1;-1;-1;-1;0;0;-1;-1;-1;-1;1;1;0;0;0;0;0;0;0;0;10641000;10641050;1641000;12000000;-1;-1;-1;-1;-1;-1;-1;0;1;2;0;0;0;0;0;0;0;-1;
53111;;1;0;-1;6700;0;0;1;1;3050;0;-1;-1;-1;1;99;0;0;0;0;1;20;1;0;4;35;0;0;0;0;0;1;1;1;1;1;1;1;1;1;0;0;0;1;1;1;1;0;0;0;0;1;0;0;1;1;1;1;1;1;1;1;525630;525631;525632;0;0;-1;-1;-1;-1;0;0;-1;-1;-1;-1;1;1;0;0;0;0;0;0;0;0;10660000;-1;-1;30000000;-1;-1;-1;-1;-1;-1;-1;0;0;0;0;0;0;0;0;0;0;-1;
53120;;1;0;-1;4100;0;0;1;1;4060;0;-1;-1;-1;1;99;1;0;0;0;1;20;0;1;3;118;0;1;0;0;0;1;1;1;1;1;1;1;1;1;0;0;0;1;1;1;1;0;0;0;0;1;0;0;1;1;1;1;1;1;1;1;523090;523091;-1;0;3;-1;-1;-1;-1;0;0;-1;-1;-1;-1;1;1;0;0;3;0;0;0;0;0;10439000;10439002;10439050;10000000;10439052;-1;-1;-1;-1;-1;-1;0;1;0;2;0;0;0;0;0;0;-1;
53160;;1;0;-1;4020;0;0;1;1;4006;0;-1;-1;-1;1;99;1;0;0;0;1;20;0;0;3;2;0;0;0;0;0;1;1;1;1;1;1;1;1;1;0;0;0;1;1;1;1;0;0;0;0;1;0;0;1;1;1;1;1;1;1;1;523060;523061;523064;0;3;-1;-1;-1;-1;0;0;-1;-1;-1;-1;1;1;0;0;6;0;0;0;0;0;10402000;10402050;-1;10000000;-1;-1;-1;-1;-1;-1;-1;0;1;0;0;0;0;0;0;0;0;-1;
53161;;1;0;-1;4100;0;0;1;1;4060;0;-1;-1;-1;1;99;1;0;0;0;1;20;0;1;3;124;0;1;0;0;0;1;1;1;1;1;1;1;1;1;0;0;0;1;1;1;1;0;0;0;0;1;0;0;1;1;1;1;1;1;1;1;523820;523821;-1;0;3;-1;-1;-1;-1;0;0;-1;-1;-1;-1;1;1;0;0;0;0;0;0;0;0;10421000;10421050;10421007;11100020;10421057;-1;-1;-1;-1;-1;-1;0;1;0;0;0;0;0;0;0;0;-1;
53162;;1;0;-1;4070;0;0;1;1;4000;0;-1;-1;-1;1;99;1;0;0;0;1;20;0;1;3;113;0;1;0;0;0;1;1;1;1;1;1;1;1;1;0;0;0;1;1;1;1;0;0;0;0;1;0;0;1;1;1;1;1;1;1;1;523190;523191;523194;0;3;-1;-1;-1;-1;1;0;-1;-1;-1;-1;1;1;0;1;5;0;0;0;0;0;10450000;10450001;10450002;11000000;10450050;10450051;10450052;-1;-1;-1;-1;0;2;2;1;2;2;0;0;0;0;-1;
53163;;1;0;-1;4101;0;0;1;1;4060;0;-1;-1;-1;1;99;1;0;0;0;1;20;0;1;3;58;0;1;0;0;0;1;1;1;1;1;1;1;1;1;0;0;0;1;1;1;1;0;0;0;0;1;0;0;1;1;1;1;1;1;1;1;-1;-1;-1;0;3;-1;-1;-1;-1;0;0;-1;-1;-1;-1;1;1;0;0;5;0;0;0;0;0;10451000;10451010;10451020;12000000;10451000;-1;-1;-1;-1;-1;-1;0;2;2;2;0;0;0;0;0;0;-1;
53180;;1;0;-1;6500;0;0;1;1;3046;0;-1;-1;-1;0;99;0;0;0;0;1;20;1;0;4;0;0;0;0;0;0;1;1;1;1;1;1;1;1;1;0;0;0;1;1;1;1;0;0;0;0;0;0;0;1;1;1;1;1;1;1;1;-1;-1;-1;0;0;-1;-1;-1;-1;0;0;-1;-1;-1;-1;1;1;0;0;26;0;0;0;0;0;73000;-1;-1;12000030;-1;-1;-1;-1;-1;-1;-1;0;0;0;0;0;0;0;0;0;0;-1;
53181;;1;0;-1;4000;0;0;1;1;4000;0;-1;-1;-1;1;99;1;0;0;0;1;20;1;1;4;88;0;1;0;0;0;1;1;1;1;1;1;1;1;1;0;0;0;1;1;1;1;0;0;0;0;0;0;0;1;1;1;1;1;1;1;1;-1;-1;-1;0;0;-1;-1;-1;-1;1;0;-1;-1;-1;-1;1;1;0;1;26;0;1;1;0;0;10999999;10731100;10731100;11000000;10731105;10731106;10731107;10731108;10731110;-1;-1;0;2;1;2;2;2;2;2;0;0;-1;
53182;;1;0;-1;4000;0;0;1;1;4000;0;-1;-1;-1;1;99;1;0;0;0;1;20;1;1;4;88;0;1;0;0;0;1;1;1;1;1;1;1;1;1;0;0;0;1;1;1;1;0;0;0;0;0;0;0;1;1;1;1;1;1;1;1;-1;-1;-1;0;0;-1;-1;-1;-1;1;0;-1;-1;-1;-1;1;1;0;1;26;0;1;1;0;0;10999999;10731180;10731180;11000000;10731185;10731186;10731187;10731188;10731190;-1;-1;0;2;1;2;2;2;2;2;0;0;-1;
53183;;1;0;-1;4000;0;0;1;1;4000;0;-1;-1;-1;1;99;2;0;0;0;1;20;1;1;4;90;0;1;0;0;0;1;1;1;1;1;1;1;1;1;0;0;0;1;1;1;1;0;0;0;0;0;0;0;1;1;1;1;1;1;1;1;-1;-1;-1;0;0;-1;-1;-1;-1;0;0;-1;-1;-1;-1;1;1;0;0;26;0;0;0;0;0;10733000;1733000;10733001;12000000;10999999;-1;-1;-1;-1;-1;-1;2;2;2;0;0;0;0;0;0;0;-1;
53190;;1;0;-1;5670;0;0;1;1;4065;0;-1;-1;-1;1;99;2;0;0;0;1;20;1;0;4;87;0;0;0;0;0;1;1;1;1;1;1;1;1;1;0;0;0;1;1;1;1;0;0;0;0;1;0;0;1;1;1;1;1;1;1;1;-1;-1;-1;0;0;-1;-1;-1;-1;0;0;-1;-1;-1;-1;1;1;0;0;24;0;0;0;0;0;10675000;1675000;-1;11000000;-1;-1;-1;-1;-1;-1;-1;0;2;0;0;0;0;0;0;0;0;-1;
53191;;1;0;-1;6020;0;0;1;1;4021;0;-1;-1;-1;1;99;1;0;0;0;1;20;1;0;4;40;0;0;0;0;0;1;1;1;1;1;1;1;1;1;0;0;0;1;1;1;1;0;0;0;0;1;0;0;1;1;1;1;1;1;1;1;530170;530171;530174;0;0;-1;-1;-1;-1;0;0;-1;-1;-1;-1;1;1;0;0;23;0;0;0;0;0;10682000;10682050;-1;11000000;-1;-1;-1;-1;-1;-1;-1;0;1;0;0;0;0;0;0;0;0;-1;
53192;;1;0;-1;5320;0;0;1;1;4138;0;-1;-1;-1;1;99;0;0;0;0;1;20;1;0;4;27;0;0;0;0;0;1;1;1;1;1;1;1;1;1;0;0;0;1;1;1;1;0;0;0;0;1;0;0;1;1;1;1;1;1;1;1;528120;528121;528125;0;0;-1;-1;-1;-1;0;0;-1;-1;-1;-1;1;1;0;0;24;0;0;0;0;0;10670000;-1;-1;11000000;-1;-1;-1;-1;-1;-1;-1;0;0;0;0;0;0;0;0;0;0;-1;
53210;;1;0;-1;5310;0;0;1;1;4041;0;-1;-1;-1;1;99;1;0;0;0;1;20;1;2;4;29;0;0;0;0;0;1;1;1;1;1;1;1;1;1;0;0;0;1;1;1;1;0;0;0;0;1;0;0;1;1;1;1;1;1;1;1;525310;525311;525315;0;0;-1;-1;-1;-1;0;0;-1;-1;-1;-1;1;1;0;0;0;0;0;0;0;0;10641000;10641050;1641000;12000000;-1;-1;-1;-1;-1;-1;-1;0;1;2;0;0;0;0;0;0;0;-1;
53240;;1;0;-1;4021;0;0;1;1;4007;0;-1;-1;-1;1;99;1;0;0;0;1;20;0;0;3;2;0;0;0;0;0;1;1;1;1;1;1;1;1;1;0;0;0;1;1;1;1;0;0;0;0;1;0;0;1;1;1;1;1;1;1;1;523070;523071;523064;0;3;-1;-1;-1;-1;0;0;-1;-1;-1;-1;1;1;0;0;6;0;0;0;0;0;10402100;10402150;-1;10000100;-1;-1;-1;-1;-1;-1;-1;0;1;0;0;0;0;0;0;0;0;-1;
53241;;1;0;-1;4110;0;0;1;1;4104;0;-1;-1;-1;1;99;1;0;0;0;1;20;0;1;3;7;0;1;0;0;0;1;1;1;1;1;1;1;1;1;0;0;0;1;1;1;1;0;0;0;0;1;0;0;1;1;1;1;1;1;1;1;526250;-1;526255;0;3;-1;-1;-1;-1;1;0;-1;-1;-1;-1;1;1;0;1;14;0;0;0;0;0;10420000;10420002;10420003;10000200;10420004;10420002;10420001;-1;-1;-1;-1;2;1;2;0;2;2;0;0;0;0;-1;
53242;;1;0;-1;4040;0;0;1;1;4004;0;-1;-1;-1;1;99;0;0;0;0;1;20;0;0;3;8;0;0;0;0;0;1;1;1;1;1;1;1;1;1;0;0;0;1;1;1;1;0;0;0;0;1;0;0;1;1;1;1;1;1;1;1;523040;523041;-1;0;3;-1;-1;-1;-1;0;0;-1;-1;-1;-1;1;1;0;0;3;0;0;0;0;0;10430100;-1;-1;11000000;-1;-1;-1;-1;-1;-1;-1;0;0;0;0;0;0;0;0;0;0;-1;
53243;;1;0;-1;5160;0;0;1;1;4024;0;-1;-1;-1;1;99;1;0;0;0;1;20;1;0;4;99;0;0;0;0;0;1;1;1;1;1;1;1;1;1;0;0;0;1;1;1;1;0;0;0;0;1;0;0;1;1;1;1;1;1;1;1;-1;-1;-1;0;0;-1;-1;-1;-1;0;0;-1;-1;-1;-1;1;1;0;0;20;0;0;0;0;0;10625000;10625050;-1;12000000;-1;-1;-1;-1;-1;-1;-1;0;0;0;0;0;0;0;0;0;0;-1;
53244;;1;0;-1;5320;0;0;1;1;4138;0;-1;-1;-1;1;99;0;0;0;0;1;20;1;0;4;27;0;0;0;0;0;1;1;1;1;1;1;1;1;1;0;0;0;1;1;1;1;0;0;0;0;1;0;0;1;1;1;1;1;1;1;1;528110;528111;528115;0;0;-1;-1;-1;-1;0;0;-1;-1;-1;-1;1;1;0;0;24;0;0;0;0;0;10670100;-1;-1;11000000;-1;-1;-1;-1;-1;-1;-1;0;0;0;0;0;0;0;0;0;0;-1;
53245;;1;0;-1;5670;0;0;1;1;4065;0;-1;-1;-1;1;99;2;0;0;0;1;20;1;2;4;86;0;0;0;0;0;1;1;1;1;1;1;1;1;1;0;0;0;1;1;1;1;0;0;0;0;1;0;0;1;1;1;1;1;1;1;1;528170;528171;-1;0;0;-1;-1;-1;-1;0;0;-1;-1;-1;-1;1;1;0;0;24;0;0;0;0;0;10676000;1676000;1676005;30000000;-1;-1;-1;-1;-1;-1;-1;2;0;2;0;0;0;0;0;0;0;-1;
53246;;1;0;-1;4090;0;0;1;1;4060;0;-1;-1;-1;1;99;0;0;0;0;1;20;0;0;3;95;0;0;0;0;0;1;1;1;1;1;1;1;1;1;0;0;0;1;1;1;1;0;0;0;0;1;0;0;1;1;1;1;1;1;1;1;524495;-1;-1;0;3;-1;-1;-1;-1;0;0;-1;-1;-1;-1;1;1;0;0;8;0;0;0;0;0;10483000;-1;-1;10100010;-1;-1;-1;-1;-1;-1;-1;0;0;0;0;0;0;0;0;0;0;-1;
53247;;1;0;-1;5340;0;0;1;1;4021;0;-1;-1;-1;1;99;1;0;0;0;1;20;1;0;4;93;0;0;0;0;0;1;1;1;1;1;1;1;1;1;0;0;0;1;1;1;1;0;0;0;0;0;0;0;1;1;1;1;1;1;1;1;-1;-1;-1;0;0;-1;-1;-1;-1;0;0;-1;-1;-1;-1;1;1;0;0;0;0;0;0;0;0;10631000;10631005;-1;11000000;-1;-1;-1;-1;-1;-1;-1;0;0;0;0;0;0;0;0;0;0;-1;
53248;;1;0;-1;4000;0;0;1;1;4000;0;-1;-1;-1;0;99;1;0;0;0;1;20;1;0;4;122;0;0;0;0;0;1;1;1;1;1;1;1;1;1;0;0;0;1;1;1;1;0;0;0;0;1;0;0;1;1;1;1;1;1;1;1;-1;-1;-1;0;3;-1;-1;-1;-1;0;0;-1;-1;-1;-1;1;1;0;0;0;0;0;0;0;0;72400;10724000;-1;11000000;-1;-1;-1;-1;-1;-1;-1;0;2;0;0;0;0;0;0;0;0;-1;
53250;;1;0;-1;4000;0;0;1;1;4000;0;-1;-1;-1;1;99;0;0;0;0;1;20;0;0;3;1;0;0;0;0;0;1;1;1;1;1;1;1;1;1;0;0;0;1;1;1;1;0;0;0;0;1;0;0;1;1;1;1;1;1;1;1;523000;523001;510010;0;3;-1;-1;-1;-1;0;0;-1;-1;-1;-1;1;1;0;0;0;0;0;0;0;0;10400000;-1;-1;10000100;-1;-1;-1;-1;-1;-1;-1;0;0;0;0;0;0;0;0;0;0;-1;
53251;;1;0;-1;4100;0;0;1;1;4060;0;-1;-1;-1;1;99;1;0;0;0;1;20;0;0;3;107;0;1;0;0;0;1;1;1;1;1;1;1;1;1;0;0;0;1;1;1;1;0;0;0;0;1;0;0;1;1;1;1;1;1;1;1;523730;523731;-1;0;3;-1;-1;-1;-1;1;0;-1;-1;-1;-1;1;1;0;0;0;0;0;0;0;0;10437000;10437050;-1;11100000;10437003;10437053;-1;-1;-1;-1;-1;0;0;0;2;2;0;0;0;0;0;-1;
53252;;1;0;-1;4600;0;0;1;1;4000;0;-1;-1;-1;2;99;0;0;0;0;1;20;0;0;3;11;0;0;0;0;0;1;1;1;1;1;1;1;1;1;0;1;0;1;1;1;1;0;0;0;0;1;0;0;1;1;1;1;1;1;1;1;523100;523101;-1;0;3;-1;-1;-1;-1;0;0;-1;-1;-1;-1;1;1;0;0;0;0;0;0;0;0;1446000;-1;-1;30010000;-1;-1;-1;-1;-1;-1;-1;0;0;0;0;0;0;0;0;0;0;-1;
53260;;1;0;-1;5610;0;0;1;1;4033;0;-1;-1;-1;1;99;0;0;0;0;1;20;1;0;4;34;0;0;0;0;0;1;1;1;1;1;1;1;1;1;0;0;0;1;1;1;1;0;0;0;0;1;0;0;1;1;1;1;1;1;1;1;524880;524881;524884;0;0;-1;-1;-1;-1;0;0;-1;-1;-1;-1;1;1;0;0;0;0;0;0;0;0;10634000;-1;-1;30010000;-1;-1;-1;-1;-1;-1;-1;0;0;0;0;0;0;0;0;0;0;-1;
53261;;1;0;-1;6700;0;0;1;1;3050;0;-1;-1;-1;1;99;0;0;0;0;1;20;1;0;4;35;0;0;0;0;0;1;1;1;1;1;1;1;1;1;0;0;0;1;1;1;1;0;0;0;0;1;0;0;1;1;1;1;1;1;1;1;525630;525631;525632;0;0;-1;-1;-1;-1;0;0;-1;-1;-1;-1;1;1;0;0;0;0;0;0;0;0;10660000;-1;-1;30000000;-1;-1;-1;-1;-1;-1;-1;0;0;0;0;0;0;0;0;0;0;-1;
53270;;1;0;-1;4000;0;0;1;1;4000;0;-1;-1;-1;1;99;1;0;0;0;1;20;1;1;4;50;0;0;0;0;0;1;1;1;1;1;1;1;1;1;0;0;0;1;1;1;1;0;0;0;0;0;0;0;1;1;1;1;1;1;1;1;-1;530431;530440;0;3;-1;-1;-1;-1;0;0;-1;-1;-1;-1;1;1;0;0;25;0;0;0;0;0;10700110;10700100;10700101;11000020;-1;-1;-1;-1;-1;-1;-1;0;2;2;0;0;0;0;0;0;0;-1;
53271;;1;0;-1;4000;0;0;1;1;4000;0;-1;-1;-1;1;99;1;0;0;0;1;20;1;0;4;55;0;0;0;0;0;1;1;1;1;1;1;1;1;1;0;0;0;1;1;1;1;0;0;0;0;0;0;0;1;1;1;1;1;1;1;1;-1;-1;-1;0;3;-1;-1;-1;-1;0;0;-1;-1;-1;-1;1;1;0;0;25;0;0;0;0;0;10709000;10709001;-1;11000000;-1;-1;-1;-1;-1;-1;-1;0;2;0;0;0;0;0;0;0;0;-1;
53290;;1;0;-1;4000;0;0;1;1;4000;0;-1;-1;-1;1;99;1;0;0;0;1;20;0;1;3;103;0;1;0;0;0;1;1;1;1;1;1;1;1;1;0;0;0;1;1;1;1;0;0;0;0;1;0;0;1;1;1;1;1;1;1;1;523360;523361;523364;0;3;-1;-1;-1;-1;1;0;-1;-1;-1;-1;1;1;0;1;10;0;1;0;0;0;10500000;10500001;10500002;10000000;10500050;10500051;10500052;10500099;-1;-1;-1;0;2;2;1;2;2;2;0;0;0;-1;
53291;;1;0;-1;4000;0;0;1;1;4000;0;-1;-1;-1;1;99;0;0;0;0;1;20;0;0;3;113;0;1;0;0;0;1;1;1;1;1;1;1;1;1;0;0;0;1;1;1;1;0;0;0;0;1;0;0;1;1;1;1;1;1;1;1;523350;523351;523354;0;3;-1;-1;-1;-1;0;0;-1;-1;-1;-1;1;1;0;0;0;0;0;0;0;0;10502000;-1;-1;12000000;10502050;-1;-1;-1;-1;-1;-1;0;0;0;1;0;0;0;0;0;0;-1;
53330;;1;0;-1;4000;0;0;1;1;4000;0;-1;-1;-1;1;99;0;0;0;0;1;20;0;0;3;1;0;0;0;0;0;1;1;1;1;1;1;1;1;1;0;0;0;1;1;1;1;0;0;0;0;1;0;0;1;1;1;1;1;1;1;1;523000;523001;510010;0;3;-1;-1;-1;-1;0;0;-1;-1;-1;-1;1;1;0;0;0;0;0;0;0;0;10400000;-1;-1;10000100;-1;-1;-1;-1;-1;-1;-1;0;0;0;0;0;0;0;0;0;0;-1;
53350;;1;0;-1;5320;0;0;1;1;4138;0;-1;-1;-1;1;99;0;0;0;0;1;20;1;0;4;27;0;0;0;0;0;1;1;1;1;1;1;1;1;1;0;0;0;1;1;1;1;0;0;0;0;1;0;0;1;1;1;1;1;1;1;1;528110;528111;528115;0;0;-1;-1;-1;-1;0;0;-1;-1;-1;-1;1;1;0;0;24;0;0;0;0;0;10670100;-1;-1;10000000;-1;-1;-1;-1;-1;-1;-1;0;0;0;0;0;0;0;0;0;0;-1;
53390;;1;0;-1;4000;0;0;1;1;4000;0;-1;-1;-1;1;99;1;0;0;0;1;20;0;0;3;120;0;0;0;0;0;1;1;1;1;1;1;1;1;1;0;0;0;1;1;1;1;0;0;0;0;0;0;0;1;1;1;1;1;1;1;1;529970;529971;529974;0;3;-1;-1;-1;-1;1;0;-1;-1;-1;-1;1;1;0;1;11;0;0;0;0;0;10472100;10472101;-1;11000000;-1;10472150;10472151;-1;-1;-1;-1;0;2;0;0;1;2;0;0;0;0;-1;
53510;;1;0;-1;5510;0;0;1;1;4034;0;-1;-1;-1;1;99;0;0;0;0;1;20;1;0;4;34;0;0;0;0;0;1;1;1;1;1;1;1;1;1;0;0;0;1;1;1;1;0;0;0;0;1;0;0;1;1;1;1;1;1;1;1;525000;525001;525004;0;0;-1;-1;-1;-1;0;0;-1;-1;-1;-1;1;1;0;0;0;0;0;0;0;0;10642100;-1;-1;20000000;-1;-1;-1;-1;-1;-1;-1;0;0;0;0;0;0;0;0;0;0;-1;
53520;;1;0;-1;4120;0;0;1;1;4104;0;-1;-1;-1;1;99;1;0;0;0;1;20;0;0;3;5;0;0;0;0;0;1;1;1;1;1;1;1;1;1;0;0;0;1;1;1;1;0;0;0;0;1;0;0;1;1;1;1;1;1;1;1;526250;526264;526269;0;3;-1;-1;-1;-1;1;0;-1;-1;-1;-1;1;1;0;1;0;0;0;0;0;0;10438000;10438000;-1;10000010;-1;10438050;10438050;-1;-1;-1;-1;0;0;0;0;1;1;0;0;0;0;-1;
53521;;1;0;-1;4120;0;0;1;1;4104;0;-1;-1;-1;1;99;1;0;0;0;1;20;0;0;3;5;0;0;0;0;0;1;1;1;1;1;1;1;1;1;0;0;0;1;1;1;1;0;0;0;0;1;0;0;1;1;1;1;1;1;1;1;526250;526264;526269;0;3;-1;-1;-1;-1;1;0;-1;-1;-1;-1;1;1;0;1;0;0;0;0;0;0;10438000;10438000;-1;10000010;-1;10438050;10438050;-1;-1;-1;-1;0;0;0;0;1;1;0;0;0;0;-1;
53522;;1;0;-1;4040;0;0;1;1;4004;0;-1;-1;-1;1;99;0;0;0;0;1;20;0;0;3;95;0;0;0;0;0;1;1;1;1;1;1;1;1;1;0;0;0;1;1;1;1;0;0;0;0;1;0;0;1;1;1;1;1;1;1;1;523050;523051;-1;0;3;-1;-1;-1;-1;0;0;-1;-1;-1;-1;1;1;0;0;3;0;0;0;0;0;10430200;-1;-1;11000000;-1;-1;-1;-1;-1;-1;-1;0;0;0;0;0;0;0;0;0;0;-1;
53523;;1;0;-1;4100;0;0;1;1;4060;0;-1;-1;-1;1;99;1;0;0;0;1;20;0;0;3;107;0;1;0;0;0;1;1;1;1;1;1;1;1;1;0;0;0;1;1;1;1;0;0;0;0;1;0;0;1;1;1;1;1;1;1;1;523730;523731;-1;0;3;-1;-1;-1;-1;1;0;-1;-1;-1;-1;1;1;0;0;0;0;0;0;0;0;10437000;10437050;-1;11100000;10437003;10437053;-1;-1;-1;-1;-1;0;0;0;2;2;0;0;0;0;0;-1;
53524;;1;0;-1;4210;0;0;1;1;4102;0;-1;-1;-1;0;99;0;0;0;0;1;20;0;0;3;80;0;0;0;0;0;1;1;1;1;1;1;1;1;1;0;0;0;1;1;1;1;0;0;0;0;1;0;0;1;1;1;1;1;1;1;1;523750;523751;523752;0;3;-1;-1;-1;-1;0;0;-1;-1;-1;-1;1;1;0;0;0;0;0;0;0;0;44400;44401;44405;12000130;44406;44407;44408;-1;-1;-1;-1;0;0;0;0;0;0;0;0;0;0;-1;
53560;;1;0;-1;5001;0;0;1;1;4028;0;-1;-1;-1;1;99;1;0;0;0;1;20;1;1;4;25;0;1;0;0;0;1;1;1;1;1;1;1;1;1;0;0;0;1;1;1;1;0;0;0;0;1;0;0;1;1;1;1;1;1;1;1;524110;524115;524114;0;0;-1;-1;-1;-1;0;0;-1;-1;-1;-1;1;1;0;0;21;0;0;0;0;0;10600100;10600150;10600155;12000130;10600105;-1;-1;-1;-1;-1;-1;0;1;2;0;0;0;0;0;0;0;-1;
53561;;1;0;-1;5030;0;0;1;1;4137;0;-1;-1;-1;1;99;0;0;0;0;1;20;1;0;4;19;0;0;0;0;0;1;1;1;1;1;1;1;1;1;0;0;0;1;1;1;1;0;0;0;0;1;0;0;1;1;1;1;1;1;1;1;524080;-1;-1;0;0;-1;-1;-1;-1;0;0;-1;-1;-1;-1;1;1;0;0;21;0;0;0;0;0;10611000;-1;-1;11100000;-1;-1;-1;-1;-1;-1;-1;0;0;0;0;0;0;0;0;0;0;-1;
53590;;1;0;-1;4200;0;0;1;1;4061;0;-1;-1;-1;0;99;0;0;0;0;1;20;0;0;3;10;0;0;0;0;0;1;1;1;1;1;1;1;1;1;0;0;0;1;1;1;1;0;0;0;0;1;0;0;1;1;1;1;1;1;1;1;523740;523741;523742;0;3;-1;-1;-1;-1;0;0;-1;-1;-1;-1;1;1;0;0;2;0;0;0;0;0;44500;44501;44505;11000021;44506;-1;-1;-1;-1;-1;-1;0;0;1;1;0;0;0;0;0;0;-1;
53610;;1;0;-1;4210;0;0;1;1;4102;0;-1;-1;-1;0;99;0;0;0;0;1;20;0;0;3;80;0;0;0;0;0;1;1;1;1;1;1;1;1;1;0;0;0;1;1;1;1;0;0;0;0;1;0;0;1;1;1;1;1;1;1;1;523750;523751;523752;0;3;-1;-1;-1;-1;0;0;-1;-1;-1;-1;1;1;0;0;2;0;0;0;0;0;44400;44401;44405;12000130;44406;44407;44408;-1;-1;-1;-1;0;0;0;0;0;0;0;0;0;0;-1;
53630;;1;0;-1;5510;0;0;1;1;4034;0;-1;-1;-1;1;99;0;0;0;0;1;20;1;0;4;34;0;0;0;0;0;1;1;1;1;1;1;1;1;1;0;0;0;1;1;1;1;0;0;0;0;1;0;0;1;1;1;1;1;1;1;1;525010;525011;525004;0;0;-1;-1;-1;-1;0;0;-1;-1;-1;-1;1;1;0;0;0;0;0;0;0;0;10642200;-1;-1;11000000;-1;-1;-1;-1;-1;-1;-1;0;0;0;0;0;0;0;0;0;0;-1;
53720;;1;0;-1;4000;0;0;1;1;4000;0;-1;-1;-1;1;99;1;0;0;0;1;20;1;0;4;26;0;0;0;0;0;1;1;1;1;1;1;1;1;1;0;0;0;1;1;1;1;0;0;0;0;1;0;0;1;1;1;1;1;1;1;1;-1;-1;-1;0;3;-1;-1;-1;-1;0;0;-1;-1;-1;-1;1;1;0;0;0;0;0;0;0;0;10722000;10722050;-1;11000000;-1;-1;-1;-1;-1;-1;-1;0;0;0;0;0;0;0;0;0;0;-1;
53750;;1;0;-1;4040;0;0;1;1;4004;0;-1;-1;-1;1;99;0;0;0;0;1;20;0;0;3;8;0;0;0;0;0;1;1;1;1;1;1;1;1;1;0;0;0;1;1;1;1;0;0;0;0;1;0;0;1;1;1;1;1;1;1;1;523040;523041;-1;0;3;-1;-1;-1;-1;0;0;-1;-1;-1;-1;1;1;0;0;3;0;0;0;0;0;10430100;-1;-1;10000000;-1;-1;-1;-1;-1;-1;-1;0;0;0;0;0;0;0;0;0;0;-1;
53751;;1;0;-1;4100;0;0;1;1;4060;0;-1;-1;-1;1;99;1;0;0;0;1;20;0;1;3;118;0;1;0;0;0;1;1;1;1;1;1;1;1;1;0;0;0;1;1;1;1;0;0;0;0;1;0;0;1;1;1;1;1;1;1;1;523090;523091;-1;0;3;-1;-1;-1;-1;0;0;-1;-1;-1;-1;1;1;0;0;3;0;0;0;0;0;10439000;10439002;10439050;10000000;10439052;-1;-1;-1;-1;-1;-1;0;1;0;2;0;0;0;0;0;0;-1;
53760;;1;0;-1;4000;0;0;1;1;4000;0;-1;-1;-1;1;99;1;0;0;0;1;20;0;0;3;121;0;0;0;0;0;1;1;1;1;1;1;1;1;1;0;0;0;1;1;1;1;0;0;0;0;0;0;0;1;1;1;1;1;1;1;1;-1;-1;-1;0;3;-1;-1;-1;-1;0;0;-1;-1;-1;-1;1;1;0;0;10;0;0;0;0;0;10503000;10503010;-1;10000000;-1;-1;-1;-1;-1;-1;-1;0;2;0;0;0;0;0;0;0;0;-1;
53770;;1;0;-1;4000;0;0;1;1;4000;0;-1;-1;-1;1;99;0;0;0;0;1;20;1;0;4;26;0;0;0;0;0;1;1;1;1;1;1;1;1;1;0;0;0;1;1;1;1;0;0;0;0;1;0;0;1;1;1;1;1;1;1;1;525540;-1;-1;0;0;-1;-1;-1;-1;0;0;-1;-1;-1;-1;1;1;0;0;0;0;0;0;0;0;10721000;-1;-1;11000000;-1;-1;-1;-1;-1;-1;-1;0;0;0;0;0;0;0;0;0;0;-1;
53800;;1;0;-1;4070;0;0;1;1;4000;0;-1;-1;-1;1;99;1;0;0;0;1;20;0;1;3;113;0;1;0;0;0;1;1;1;1;1;1;1;1;1;0;0;0;1;1;1;1;0;0;0;0;1;0;0;1;1;1;1;1;1;1;1;523000;523001;-1;0;3;-1;-1;-1;-1;1;0;-1;-1;-1;-1;1;1;0;1;0;0;0;0;0;0;10409000;10409001;10409002;11000020;10409050;10409051;10409052;-1;-1;-1;-1;0;2;2;1;2;2;0;0;0;0;-1;
53801;;1;0;-1;4090;0;0;1;1;4060;0;-1;-1;-1;1;99;1;0;0;0;1;20;0;0;3;107;0;0;0;0;0;1;1;1;1;1;1;1;1;1;0;0;0;1;1;1;1;0;0;0;0;1;0;0;1;1;1;1;1;1;1;1;523900;523901;-1;0;3;-1;-1;-1;-1;0;0;-1;-1;-1;-1;1;1;0;0;15;0;0;0;0;0;10422000;10422050;-1;10000000;-1;-1;-1;-1;-1;-1;-1;0;1;0;0;0;0;0;0;0;0;-1;
53802;;1;0;-1;4000;0;0;1;1;4000;0;-1;-1;-1;1;99;0;0;0;0;1;20;0;0;3;83;0;0;0;0;0;1;1;1;1;1;1;1;1;1;0;0;0;1;1;1;1;0;0;0;0;1;0;0;1;1;1;1;1;1;1;1;-1;-1;-1;0;3;-1;-1;-1;-1;0;0;-1;-1;-1;-1;1;1;0;0;3;0;0;0;0;0;10460000;-1;-1;10000100;-1;-1;-1;-1;-1;-1;-1;0;0;0;0;0;0;0;0;0;0;-1;
53803;;1;0;-1;4020;0;0;1;1;4006;0;-1;-1;-1;1;99;1;0;0;0;1;20;0;0;3;2;0;0;0;0;0;1;1;1;1;1;1;1;1;1;0;0;0;1;1;1;1;0;0;0;0;1;0;0;1;1;1;1;1;1;1;1;523200;523201;523204;0;3;-1;-1;-1;-1;0;0;-1;-1;-1;-1;1;1;0;0;12;0;0;0;0;0;10462000;10462050;-1;11000120;-1;-1;-1;-1;-1;-1;-1;0;1;0;0;0;0;0;0;0;0;-1;
53804;;1;0;-1;4000;0;0;1;1;4000;0;-1;-1;-1;1;99;0;0;0;0;1;20;0;0;3;83;0;0;0;0;0;1;1;1;1;1;1;1;1;1;0;0;0;1;1;1;1;0;0;0;0;1;0;0;1;1;1;1;1;1;1;1;-1;-1;-1;0;3;-1;-1;-1;-1;0;0;-1;-1;-1;-1;1;1;0;0;3;0;0;0;0;0;10460000;-1;-1;10000100;-1;-1;-1;-1;-1;-1;-1;0;0;0;0;0;0;0;0;0;0;-1;
53805;;1;0;-1;4020;0;0;1;1;4006;0;-1;-1;-1;1;99;1;0;0;0;1;20;0;0;3;2;0;0;0;0;0;1;1;1;1;1;1;1;1;1;0;0;0;1;1;1;1;0;0;0;0;1;0;0;1;1;1;1;1;1;1;1;523200;523201;523204;0;3;-1;-1;-1;-1;0;0;-1;-1;-1;-1;1;1;0;0;12;0;0;0;0;0;10462000;10462050;-1;10000200;-1;-1;-1;-1;-1;-1;-1;0;1;0;0;0;0;0;0;0;0;-1;
53820;;1;0;-1;5000;0;0;1;1;4027;0;-1;-1;-1;1;99;1;0;0;0;1;20;1;1;4;106;0;1;0;0;0;1;1;1;1;1;1;1;1;1;0;0;0;1;1;1;1;0;0;0;0;1;0;0;1;1;1;1;1;1;1;1;524100;-1;-1;0;0;-1;-1;-1;-1;0;0;-1;-1;-1;-1;1;1;0;0;21;0;0;0;0;0;10600000;10600001;10600002;12000130;10600005;-1;-1;-1;-1;-1;-1;0;0;0;0;0;0;0;0;0;0;-1;
53821;;1;0;-1;5130;0;0;1;1;4024;0;-1;-1;-1;1;99;1;0;0;0;1;20;1;1;4;24;0;1;0;0;0;1;1;1;1;1;1;1;1;1;0;0;0;1;1;1;1;0;0;0;0;0;0;0;1;1;1;1;1;1;1;1;524030;524031;524035;0;0;-1;-1;-1;-1;1;0;-1;-1;-1;-1;1;1;0;1;21;0;1;1;0;0;10612000;10612005;10612006;11000000;10612050;10612055;10612056;10999999;10999999;-1;-1;2;2;2;2;2;2;0;1;0;0;-1;
53822;;1;0;-1;5100;0;0;1;1;4088;0;-1;-1;-1;1;99;0;0;0;0;1;20;1;0;4;23;0;0;0;0;0;1;1;1;1;1;1;1;1;1;0;0;0;1;1;1;1;0;0;0;0;1;0;0;1;1;1;1;1;1;1;1;524050;-1;-1;0;0;-1;-1;-1;-1;0;0;-1;-1;-1;-1;1;1;0;0;21;0;0;0;0;0;10622000;-1;-1;11000200;-1;-1;-1;-1;-1;-1;-1;0;0;0;0;0;0;0;0;0;0;-1;
53830;;1;0;-1;5110;0;0;1;1;4110;0;-1;-1;-1;1;99;1;0;0;0;1;20;1;1;4;20;0;1;0;0;0;1;1;1;1;1;1;1;1;1;0;0;0;1;1;1;1;0;0;0;0;1;0;0;1;1;1;1;1;1;1;1;524520;524521;-1;0;0;-1;-1;-1;-1;0;0;-1;-1;-1;-1;1;1;0;0;21;0;0;0;0;0;10603000;10603050;10999999;11000200;10999999;-1;-1;-1;-1;-1;-1;2;2;0;1;0;0;0;0;0;0;-1;
53850;;1;0;-1;4000;0;0;1;1;4000;0;-1;-1;-1;1;99;0;0;0;0;1;20;0;0;3;1;0;0;0;0;0;1;1;1;1;1;1;1;1;1;0;0;0;1;1;1;1;0;0;0;0;1;0;0;1;1;1;1;1;1;1;1;523030;523031;-1;0;3;-1;-1;-1;-1;0;0;-1;-1;-1;-1;1;1;0;0;0;0;0;0;0;0;10440000;-1;-1;10000100;-1;-1;-1;-1;-1;-1;-1;0;0;0;0;0;0;0;0;0;0;-1;
53851;;1;0;-1;4000;0;0;1;1;4000;0;-1;-1;-1;1;99;0;0;0;0;1;20;0;0;3;113;0;1;0;0;0;1;1;1;1;1;1;1;1;1;0;0;0;1;1;1;1;0;0;0;0;1;0;0;1;1;1;1;1;1;1;1;523880;523881;523875;0;3;-1;-1;-1;-1;0;0;-1;-1;-1;-1;1;1;0;0;0;0;0;0;0;0;10442000;-1;-1;11000000;10442050;-1;-1;-1;-1;-1;-1;0;0;0;1;0;0;0;0;0;0;-1;
53852;;1;0;-1;4200;0;0;1;1;4000;0;-1;-1;-1;1;99;1;0;0;0;1;20;0;1;3;81;0;0;0;0;0;1;1;1;1;1;1;1;1;1;0;0;0;1;1;1;1;0;0;0;0;0;0;0;1;1;1;1;1;1;1;1;-1;-1;-1;0;3;-1;-1;-1;-1;0;0;-1;-1;-1;-1;1;1;0;0;9;0;0;0;0;0;10490090;10490091;10490092;12000000;-1;-1;-1;-1;-1;-1;-1;0;0;0;0;0;0;0;0;0;0;-1;
53860;;1;0;-1;5340;0;0;1;1;4021;0;-1;-1;-1;1;99;0;0;0;0;1;20;1;0;4;94;0;0;0;0;0;1;1;1;1;1;1;1;1;1;0;0;0;1;1;1;1;0;0;0;0;0;0;0;1;1;1;1;1;1;1;1;-1;-1;-1;0;0;-1;-1;-1;-1;0;0;-1;-1;-1;-1;1;1;0;0;0;0;0;0;0;0;10630000;-1;-1;12000130;-1;-1;-1;-1;-1;-1;-1;0;0;0;0;0;0;0;0;0;0;-1;
53861;;1;0;-1;4000;0;0;1;1;4000;0;-1;-1;-1;1;99;0;0;0;0;1;20;1;0;4;26;0;0;0;0;0;1;1;1;1;1;1;1;1;1;0;0;0;1;1;1;1;0;0;0;0;1;0;0;1;1;1;1;1;1;1;1;525540;-1;-1;0;3;-1;-1;-1;-1;0;0;-1;-1;-1;-1;1;1;0;0;0;0;0;0;0;0;10721000;-1;-1;11000000;-1;-1;-1;-1;-1;-1;-1;0;0;0;0;0;0;0;0;0;0;-1;
53900;;1;0;-1;4000;0;0;1;1;4000;0;-1;-1;-1;1;99;1;0;0;0;1;20;1;1;4;74;0;1;0;0;0;1;1;1;1;1;1;1;1;1;0;0;0;1;1;1;1;0;0;0;0;1;0;0;1;1;1;1;1;1;1;1;-1;-1;-1;0;0;-1;-1;-1;-1;1;0;-1;-1;-1;-1;1;1;0;1;0;0;0;0;0;0;10720000;10720001;10720002;10000000;10720003;10720004;10720005;-1;-1;-1;-1;0;2;2;2;2;2;0;0;0;0;-1;
999999999;;1;0;-1;4000;0;0;7;0;4000;0;-1;-1;-1;1;99;0;1;0;0;10;50;1;0;4;34;0;0;0;0;0;1;1;1;1;1;1;1;1;1;0;0;0;1;1;1;1;0;0;0;0;1;0;0;1;1;1;1;1;1;1;1;524860;524861;524844;0;3;-1;-1;-1;-1;0;0;-1;-1;-1;-1;0;0;0;0;0;0;0;0;0;0;10790300;-1;-1;-1;-1;-1;-1;-1;-1;-1;-1;0;0;0;0;0;0;0;0;0;0;-1;
