Row ID;Row Name;disableParam_NT;matchAreaId;multiPlayStartLimitEventFlagId;otherDisableDistance;pcPositionSaveLimitEventFlagId;bossAreaId;cultNpcWhiteGhostEntityId_byFree;bMapGuradianRegion;bYellowCostumeRegion;multiPlayStartLimitEventFlagId_targetFlagState;breakInLimitEventFlagId_1_targetFlagState;whiteSignLimitEventFlagId_1_targetFlagState;redSignLimitEventFlagId_1_targetFlagState;breakInLimitEventFlagId_2_targetFlagState;breakInLimitEventFlagId_3_targetFlagState;whiteSignLimitEventFlagId_2_targetFlagState;warpItemUsePermitBonfireId_1;warpItemUsePermitBonfireId_2;warpItemUsePermitBonfireId_3;warpItemUsePermitBonfireId_4;warpItemUsePermitBonfireId_5;warpItemProhibitionEventFlagId_1;warpItemProhibitionEventFlagId_2;warpItemProhibitionEventFlagId_3;warpItemProhibitionEventFlagId_4;warpItemProhibitionEventFlagId_5;enableBloodstain;enableBloodMessage;enableGhost;dispMask00;dispMask01;whiteSignLimitEventFlagId_3_targetFlagState;redSignLimitEventFlagId_2_targetFlagState;redSignLimitEventFlagId_3_targetFlagState;isAutoIntrudePoint;multiPlayHASHostLimitEventFlagId;otherMaxDistance;signPuddleOpenEventFlagId;areaNo;gridXNo;gridZNo;posX;posY;posZ;breakInLimitEventFlagId_1;whiteSignLimitEventFlagId_1;matchAreaSignCreateLimitEventFlagId;signAimId_1;signAimId_2;signAimId_3;signAimId_4;signAimId_5;signAimId_6;signAimId_7;signAimId_8;redSignLimitEventFlagId_1;breakInLimitEventFlagId_2;breakInLimitEventFlagId_3;whiteSignLimitEventFlagId_2;whiteSignLimitEventFlagId_3;redSignLimitEventFlagId_2;redSignLimitEventFlagId_3;bossId_1;bossId_2;bossId_3;bossId_4;bossId_5;bossId_6;bossId_7;bossId_8;bossId_9;bossId_10;bossId_11;bossId_12;bossId_13;bossId_14;bossId_15;bossId_16;mapMenuUnlockEventId
0;;0;0;6000;0;6001;0;-1;0;0;1;1;1;1;1;1;1;0;0;0;0;0;0;0;0;0;0;0;0;0;0;0;1;1;1;0;6001;1000;0;0;0;0;0;0;0;0;0;0;0;0;0;0;0;0;0;0;0;0;0;0;0;0;0;0;0;0;0;0;0;0;0;0;0;0;0;0;0;0;0;0;
981001;;1;981010;0;0;0;0;180;0;1;1;1;1;1;1;1;1;0;0;0;0;0;0;0;0;0;0;1;1;1;0;0;1;1;1;0;6000;1000;6001;0;0;0;0;0;0;6000;6000;0;0;0;0;0;0;0;0;0;6000;0;0;0;0;0;0;0;0;0;0;0;0;0;0;0;0;0;0;0;0;0;0;0;
981002;;1;981010;0;0;0;0;180;0;1;1;1;1;1;1;1;1;0;0;0;0;0;0;0;0;0;0;1;1;1;0;0;1;1;1;0;6000;1000;6000;0;0;0;0;0;0;6000;6000;0;0;0;0;0;0;0;0;0;6000;0;0;0;0;0;0;0;0;0;0;0;0;0;0;0;0;0;0;0;0;0;0;0;
981003;;1;981010;0;0;0;0;180;0;1;1;1;1;1;1;1;1;0;0;0;0;0;0;0;0;0;0;1;1;1;0;0;1;1;1;0;6000;1000;6001;0;0;0;0;0;0;6000;6000;0;0;0;0;0;0;0;0;0;6000;0;0;0;0;0;0;0;0;0;0;0;0;0;0;0;0;0;0;0;0;0;0;0;
981004;;1;981010;0;0;0;0;180;0;1;1;1;1;1;1;1;1;0;0;0;0;0;0;0;0;0;0;1;1;1;0;0;1;1;1;0;6000;1000;6000;0;0;0;0;0;0;6000;6000;0;0;0;0;0;0;0;0;0;6000;0;0;0;0;0;0;0;0;0;0;0;0;0;0;0;0;0;0;0;0;0;0;0;
981005;;1;981010;0;0;0;0;180;0;1;1;1;1;1;1;1;1;0;0;0;0;0;0;0;0;0;0;1;1;1;0;0;1;1;1;0;6000;1000;6001;0;0;0;0;0;0;6000;6000;0;0;0;0;0;0;0;0;0;6000;0;0;0;0;0;0;0;0;0;0;0;0;0;0;0;0;0;0;0;0;0;0;0;
981010;;1;981010;0;0;0;0;180;0;0;1;1;1;1;1;1;1;0;0;0;0;0;0;0;0;0;0;1;1;1;0;0;1;1;1;0;0;1000;0;0;0;0;0;0;0;6000;6000;0;0;0;0;0;0;0;0;0;6000;0;0;0;0;0;0;0;0;0;0;0;0;0;0;0;0;0;0;0;0;0;0;0;
981011;;1;981010;0;0;0;0;180;0;0;1;1;1;1;1;1;1;0;0;0;0;0;0;0;0;0;0;1;1;1;0;0;1;1;1;0;0;1000;0;0;0;0;0;0;0;6000;6000;0;0;0;0;0;0;0;0;0;6000;0;0;0;0;0;0;0;0;0;0;0;0;0;0;0;0;0;0;0;0;0;0;0;
982001;;1;10;0;0;6001;0;-1;0;0;1;1;1;1;1;1;1;0;0;0;0;0;0;0;0;0;0;1;1;1;0;0;1;1;1;0;6000;1000;0;0;0;0;0;0;0;0;0;0;0;0;0;0;0;0;0;0;0;0;0;0;0;0;0;0;0;0;0;0;0;0;0;0;0;0;0;0;0;0;0;0;
1000000;;1;1400;0;10;10000800;10000800;-1;0;0;0;0;0;0;1;1;1;0;0;0;0;0;0;0;0;0;0;1;1;1;0;0;1;1;1;0;0;80;0;0;0;0;0;0;0;0;0;0;0;0;0;0;0;0;0;0;0;0;0;0;0;0;0;0;0;0;0;0;0;0;0;0;0;0;0;0;0;0;0;0;
1000001;;0;1400;0;10;0;10000800;-1;0;0;0;1;1;1;1;1;1;0;0;0;0;0;0;0;0;0;0;1;1;1;1;0;1;1;1;0;0;80;0;10;0;0;-200.67;30.44;-16.52;6000;6000;0;0;0;0;0;0;0;0;0;6000;0;0;0;0;0;0;10000800;0;0;0;0;0;0;0;0;0;0;0;0;0;0;0;71004;
1000002;;0;1400;0;10;0;10000800;-1;0;0;0;1;1;1;1;1;1;0;0;0;0;0;0;0;0;0;0;1;1;1;0;0;1;1;1;0;0;80;0;0;0;0;0;0;0;6000;6000;0;0;0;0;0;0;0;0;0;6000;0;0;0;0;0;0;10000800;0;0;0;0;0;0;0;0;0;0;0;0;0;0;0;0;
1000003;;1;1400;0;10;0;10000800;-1;0;0;0;1;1;1;1;1;1;0;0;0;0;0;0;0;0;0;0;1;1;1;1;0;1;1;1;0;0;80;0;10;0;0;-262.26;98.45;112.96;6000;6000;0;0;0;0;0;0;0;0;0;6000;0;0;0;0;0;0;10000800;0;0;0;0;0;0;0;0;0;0;0;0;0;0;0;71005;
1000004;;1;1400;0;10;0;10000800;-1;0;0;0;1;1;1;1;1;1;0;0;0;0;0;0;0;0;0;0;1;1;1;0;0;1;1;1;0;0;80;0;0;0;0;0;0;0;6000;6000;0;0;0;0;0;0;0;0;0;6000;0;0;0;0;0;0;10000800;0;0;0;0;0;0;0;0;0;0;0;0;0;0;0;0;
1000005;;1;1400;0;10;0;10000800;-1;0;0;0;1;1;1;1;1;1;0;0;0;0;0;0;0;0;0;0;1;1;1;1;0;1;1;1;0;0;80;0;10;0;0;-189.74;81.87;315.08;6000;6000;0;0;0;0;0;0;0;0;0;6000;0;0;0;0;0;0;10000800;0;0;0;0;0;0;0;0;0;0;0;0;0;0;0;71007;
1000006;;1;1400;0;10;0;10000800;-1;0;0;0;1;1;1;1;1;1;0;0;0;0;0;0;0;0;0;0;1;1;1;1;0;1;1;1;0;0;80;0;10;0;0;-122.51;30.2;11.88;6000;6000;0;0;0;0;0;0;0;0;0;6000;0;0;0;0;0;0;10000800;0;0;0;0;0;0;0;0;0;0;0;0;0;0;0;71003;
1000007;;1;1400;0;10;0;10000800;-1;0;0;0;1;1;1;1;1;1;0;0;0;0;0;0;0;0;0;0;1;1;1;0;0;1;1;1;0;0;80;0;0;0;0;0;0;0;6000;6000;0;0;0;0;0;0;0;0;0;6000;0;0;0;0;0;0;10000800;0;0;0;0;0;0;0;0;0;0;0;0;0;0;0;0;
1000008;;1;1400;0;10;0;10000800;-1;0;0;0;1;1;1;1;1;1;0;0;0;0;0;0;0;0;0;0;1;1;1;0;0;1;1;1;0;0;80;0;0;0;0;0;0;0;6000;6000;0;0;0;0;0;0;0;0;0;6000;0;0;0;0;0;0;10000800;0;0;0;0;0;0;0;0;0;0;0;0;0;0;0;0;
1000009;;1;1400;0;10;0;10000800;-1;0;0;0;1;1;1;1;1;1;0;0;0;0;0;0;0;0;0;0;1;1;1;0;0;1;1;1;0;0;80;0;0;0;0;0;0;0;6000;6000;0;0;0;0;0;0;0;0;0;6000;0;0;0;0;0;0;10000800;0;0;0;0;0;0;0;0;0;0;0;0;0;0;0;0;
1000011;;1;1400;0;10;0;10000800;-1;0;0;0;1;1;1;1;1;1;0;0;0;0;0;0;0;0;0;0;1;1;1;0;0;1;1;1;0;0;80;0;0;0;0;0;0;0;6000;6000;0;0;0;0;0;0;0;0;0;6000;0;0;0;0;0;0;10000800;0;0;0;0;0;0;0;0;0;0;0;0;0;0;0;0;
1000012;;1;1400;0;10;0;10000800;-1;0;0;0;1;1;1;1;1;1;0;0;0;0;0;0;0;0;0;0;1;1;1;0;0;1;1;1;0;0;80;0;0;0;0;0;0;0;6000;6000;0;0;0;0;0;0;0;0;0;6000;0;0;0;0;0;0;10000800;0;0;0;0;0;0;0;0;0;0;0;0;0;0;0;0;
1000013;;1;1400;0;10;0;10000800;-1;0;0;0;1;1;1;1;1;1;0;0;0;0;0;0;0;0;0;0;1;1;1;0;0;1;1;1;0;0;80;0;0;0;0;0;0;0;6000;6000;0;0;0;0;0;0;0;0;0;6000;0;0;0;0;0;0;10000800;0;0;0;0;0;0;0;0;0;0;0;0;0;0;0;0;
1000090;;1;1400;0;10;0;10000800;-1;0;0;0;0;0;0;1;1;1;0;0;0;0;0;0;0;0;0;0;1;1;1;0;0;1;1;1;0;0;80;0;0;0;0;0;0;0;0;0;0;0;0;0;0;0;0;0;0;0;0;0;0;0;0;0;0;0;0;0;0;0;0;0;0;0;0;0;0;0;0;0;0;
1000091;;0;1400;0;10;0;10000800;-1;0;0;0;0;0;0;1;1;1;0;0;0;0;0;0;0;0;0;0;1;1;1;0;0;1;1;1;0;0;80;0;0;0;0;0;0;0;0;0;0;0;0;0;0;0;0;0;0;0;0;0;0;0;0;0;0;0;0;0;0;0;0;0;0;0;0;0;0;0;0;0;0;
1001000;;1;0;0;10;10010800;10010800;-1;0;0;0;0;0;0;1;1;1;0;0;0;0;0;0;0;0;0;0;1;1;1;0;0;1;1;1;0;0;80;0;10;0;0;-232.76;74.11;345.13;0;0;0;0;0;0;0;0;0;0;0;0;0;0;0;0;0;0;0;0;0;0;0;0;0;0;0;0;0;0;0;0;0;0;0;
1001001;;1;3400;0;10;0;10010800;-1;0;0;0;0;0;0;1;1;1;0;0;0;0;0;0;0;0;0;0;1;1;1;0;0;1;1;1;0;0;80;0;11;0;0;-173.4;39.57;-377.25;0;0;0;0;0;0;0;0;0;0;0;0;0;0;0;0;0;0;10010800;0;0;0;0;0;0;0;0;0;0;0;0;0;0;0;0;
1001002;;1;3400;0;10;0;10010800;-1;0;0;0;0;0;0;1;1;1;0;0;0;0;0;0;0;0;0;0;1;1;1;0;0;1;1;1;0;0;80;0;11;0;0;-173.4;39.57;-377.25;0;0;0;0;0;0;0;0;0;0;0;0;0;0;0;0;0;0;10010800;0;0;0;0;0;0;0;0;0;0;0;0;0;0;0;0;
1001003;;1;3400;0;10;0;10010800;-1;0;0;0;0;0;0;1;1;1;0;0;0;0;0;0;0;0;0;0;1;1;1;0;0;1;1;1;0;0;80;0;11;0;0;-173.4;39.57;-377.25;0;0;0;0;0;0;0;0;0;0;0;0;0;0;0;0;0;0;10010800;0;0;0;0;0;0;0;0;0;0;0;0;0;0;0;0;
1001090;;1;3400;0;10;0;10010800;-1;0;0;0;0;0;0;1;1;1;0;0;0;0;0;0;0;0;0;0;1;1;1;0;0;1;1;1;0;0;80;0;0;0;0;0;0;0;0;0;0;0;0;0;0;0;0;0;0;0;0;0;0;0;0;0;0;0;0;0;0;0;0;0;0;0;0;0;0;0;0;0;0;
1100000;;1;3400;0;10;11000800;11000800;-1;0;0;0;0;0;0;1;1;1;0;0;0;0;0;0;0;0;0;0;1;1;1;0;0;1;1;1;0;0;80;0;0;0;0;0;0;0;0;0;0;0;0;0;0;0;0;0;0;0;0;0;0;0;0;0;0;0;0;0;0;0;0;0;0;0;0;0;0;0;0;0;0;
1100001;;1;3400;0;10;0;11000800;-1;0;0;0;1;1;1;1;1;1;0;0;0;0;0;0;0;0;0;0;1;1;1;1;0;1;1;1;0;0;80;0;11;0;0;-55.11;47.51;-307.16;6000;6000;0;0;0;0;0;0;0;0;0;6000;0;0;0;0;0;0;11000800;0;0;0;0;0;0;0;0;0;0;0;0;0;0;0;71107;
1100002;;1;3400;0;10;0;11000800;-1;0;0;0;1;1;1;1;1;1;0;0;0;0;0;0;0;0;0;0;1;1;1;0;0;1;1;1;0;0;80;0;0;0;0;0;0;0;6000;6000;0;0;0;0;0;0;0;0;0;6000;0;0;0;0;0;0;11000800;0;0;0;0;0;0;0;0;0;0;0;0;0;0;0;0;
1100010;;1;3400;0;10;11000850;11000850;-1;0;0;0;0;0;0;1;1;1;0;0;0;0;0;0;0;0;0;0;1;1;1;0;0;1;1;1;0;0;80;0;0;0;0;0;0;0;0;0;0;0;0;0;0;0;0;0;0;0;0;0;0;0;0;0;0;0;0;0;0;0;0;0;0;0;0;0;0;0;0;0;0;
1100011;;1;3400;0;10;0;11000850;-1;0;0;0;1;1;1;1;1;1;0;0;0;0;0;0;0;0;0;0;1;1;1;1;0;1;1;1;0;0;80;0;60;45;52;-37.98;1028.37;-55.3;6000;6000;0;0;0;0;0;0;0;0;0;6000;0;0;0;0;0;0;11000850;0;0;0;0;0;0;0;0;0;0;0;0;0;0;0;76314;
1100012;;1;3400;0;10;0;11000850;-1;0;0;0;1;1;1;1;1;1;0;0;0;0;0;0;0;0;0;0;1;1;1;1;0;1;1;1;0;0;80;0;11;0;0;-33.04;7.93;-80.51;6000;6000;0;0;0;0;0;0;0;0;0;6000;0;0;0;0;0;0;11000850;0;0;0;0;0;0;0;0;0;0;0;0;0;0;0;71102;
1100013;;1;3400;0;10;0;11000850;-1;0;0;0;1;1;1;1;1;1;0;0;0;0;0;0;0;0;0;0;1;1;1;0;0;1;1;1;0;0;80;0;0;0;0;0;0;0;6000;6000;0;0;0;0;0;0;0;0;0;6000;0;0;0;0;0;0;11000850;0;0;0;0;0;0;0;0;0;0;0;0;0;0;0;0;
1100014;;1;3400;0;10;0;11000850;-1;0;0;0;1;1;1;1;1;1;0;0;0;0;0;0;0;0;0;0;1;1;1;0;0;1;1;1;0;0;80;0;0;0;0;0;0;0;6000;6000;0;0;0;0;0;0;0;0;0;6000;0;0;0;0;0;0;11000850;0;0;0;0;0;0;0;0;0;0;0;0;0;0;0;0;
1100015;;1;3400;0;10;0;11000850;-1;0;0;0;1;1;1;1;1;1;0;0;0;0;0;0;0;0;0;0;1;1;1;1;0;1;1;1;0;0;80;0;11;0;0;-180.35;-49.9;-185.54;6000;6000;0;0;0;0;0;0;0;0;0;6000;0;0;0;0;0;0;11000850;0;0;0;0;0;0;0;0;0;0;0;0;0;0;0;71104;
1100016;;1;3400;0;10;0;11000850;-1;0;0;0;1;1;1;1;1;1;0;0;0;0;0;0;0;0;0;0;1;1;1;1;0;1;1;1;0;0;80;0;11;0;0;-319.98;-32.63;-270.49;6000;6000;0;0;0;0;0;0;0;0;0;6000;0;0;0;0;0;0;11000850;0;0;0;0;0;0;0;0;0;0;0;0;0;0;0;71108;
1100017;;1;3400;0;10;0;11000850;-1;0;0;0;1;1;1;1;1;1;0;0;0;0;0;0;0;0;0;0;1;1;1;1;0;1;1;1;0;0;80;0;11;0;0;-426.02;29.12;-294.32;6000;6000;0;0;0;0;0;0;0;0;0;6000;0;0;0;0;0;0;11000850;0;0;0;0;0;0;0;0;0;0;0;0;0;0;0;71109;
1100018;;1;3400;0;10;0;11000850;-1;0;0;0;1;1;1;1;1;1;0;0;0;0;0;0;0;0;0;0;1;1;1;0;0;1;1;1;0;0;80;0;0;0;0;0;0;0;6000;6000;0;0;0;0;0;0;0;0;0;6000;0;0;0;0;0;0;11000850;0;0;0;0;0;0;0;0;0;0;0;0;0;0;0;0;
1100019;;1;3400;0;10;0;11000850;-1;0;0;0;1;1;1;1;1;1;0;0;0;0;0;0;0;0;0;0;1;1;1;0;0;1;1;1;0;0;80;0;0;0;0;0;0;0;6000;6000;0;0;0;0;0;0;0;0;0;6000;0;0;0;0;0;0;11000850;0;0;0;0;0;0;0;0;0;0;0;0;0;0;0;0;
1100021;;1;3400;0;10;0;11000850;-1;0;0;0;1;1;1;1;1;1;0;0;0;0;0;0;0;0;0;0;1;1;1;0;0;1;1;1;0;0;80;0;0;0;0;0;0;0;6000;6000;0;0;0;0;0;0;0;0;0;6000;0;0;0;0;0;0;11000850;0;0;0;0;0;0;0;0;0;0;0;0;0;0;0;0;
1100090;;1;3400;0;10;0;11000850;-1;0;0;0;1;1;1;1;1;1;0;0;0;0;0;0;0;0;0;0;1;1;1;0;0;1;1;1;0;0;80;0;0;0;0;0;0;0;6000;6000;0;0;0;0;0;0;0;0;0;6000;0;0;0;0;0;0;11000850;0;0;0;0;0;0;0;0;0;0;0;0;0;0;0;0;
1100091;;1;3400;0;10;0;11000800;-1;0;0;0;0;0;0;1;1;1;0;0;0;0;0;0;0;0;0;0;1;1;1;0;0;1;1;1;0;0;80;0;0;0;0;0;0;0;0;0;0;0;0;0;0;0;0;0;0;0;0;0;0;0;0;0;0;0;0;0;0;0;0;0;0;0;0;0;0;0;0;0;0;
1105000;;1;7000;0;10;11050800;11050800;-1;0;0;0;0;0;0;1;1;1;0;0;0;0;0;0;0;0;0;0;1;1;1;0;0;1;1;1;0;0;80;0;0;0;0;0;0;0;0;0;0;0;0;0;0;0;0;0;0;0;0;0;0;0;0;0;0;0;0;0;0;0;0;0;0;0;0;0;0;0;0;0;0;
1105001;;1;7000;0;10;0;11050800;-1;0;0;0;1;1;1;1;1;1;0;0;0;0;0;0;0;0;0;0;1;1;1;1;0;1;1;1;0;0;80;0;11;5;0;-54.63;47.56;-306.38;6000;6000;0;0;0;0;0;0;0;0;0;6000;0;0;0;0;0;0;11050800;0;0;0;0;0;0;0;0;0;0;0;0;0;0;0;71124;
1105002;;1;7000;0;10;0;11050800;-1;0;0;0;1;1;1;1;1;1;0;0;0;0;0;0;0;0;0;0;1;1;1;0;0;1;1;1;0;0;80;0;0;0;0;0;0;0;6000;6000;0;0;0;0;0;0;0;0;0;6000;0;0;0;0;0;0;11050800;0;0;0;0;0;0;0;0;0;0;0;0;0;0;0;0;
1105010;;1;7000;0;10;11050850;11050850;-1;0;0;0;0;0;0;1;1;1;0;0;0;0;0;0;0;0;0;0;1;1;1;0;0;1;1;1;0;0;80;0;0;0;0;0;0;0;0;0;0;0;0;0;0;0;0;0;0;0;0;0;0;0;0;0;0;0;0;0;0;0;0;0;0;0;0;0;0;0;0;0;0;
1105011;;1;7000;0;10;0;11050850;-1;0;0;0;1;1;1;1;1;1;0;0;0;0;0;0;0;0;0;0;1;1;1;1;0;1;1;1;0;0;80;0;11;5;0;-129.94;-31.54;-126.04;6000;6000;0;0;0;0;0;0;0;0;0;6000;0;0;0;0;0;0;11050850;0;0;0;0;0;0;0;0;0;0;0;0;0;0;0;71123;
1105012;;1;7000;0;10;0;11050850;-1;0;0;0;1;1;1;1;1;1;0;0;0;0;0;0;0;0;0;0;1;1;1;0;0;1;1;1;0;0;80;0;0;0;0;0;0;0;6000;6000;0;0;0;0;0;0;0;0;0;6000;0;0;0;0;0;0;11050850;0;0;0;0;0;0;0;0;0;0;0;0;0;0;0;0;
1105013;;1;7000;0;10;0;11050850;-1;0;0;0;1;1;1;1;1;1;0;0;0;0;0;0;0;0;0;0;1;1;1;0;0;1;1;1;0;0;80;0;0;0;0;0;0;0;6000;6000;0;0;0;0;0;0;0;0;0;6000;0;0;0;0;0;0;11050850;0;0;0;0;0;0;0;0;0;0;0;0;0;0;0;0;
1105014;;1;7000;0;10;0;11050850;-1;0;0;0;0;0;0;1;1;1;0;0;0;0;0;0;0;0;0;0;1;1;1;0;0;1;1;1;0;0;80;0;0;0;0;0;0;0;0;0;0;0;0;0;0;0;0;0;0;0;0;0;0;0;0;0;0;0;0;0;0;0;0;0;0;0;0;0;0;0;0;0;0;
1105020;;1;7000;0;10;0;11050850;-1;0;0;0;0;0;0;1;1;1;0;0;0;0;0;0;0;0;0;0;1;1;1;0;0;1;1;1;0;0;80;0;0;0;0;0;0;0;0;0;0;0;0;0;0;0;0;0;0;0;0;0;0;0;0;0;0;0;0;0;0;0;0;0;0;0;0;0;0;0;0;0;0;
1105090;;1;7000;0;10;0;11050800;-1;0;0;0;0;0;0;1;1;1;0;0;0;0;0;0;0;0;0;0;1;1;1;0;0;1;1;1;0;0;80;0;0;0;0;0;0;0;0;0;0;0;0;0;0;0;0;0;0;0;0;0;0;0;0;0;0;0;0;0;0;0;0;0;0;0;0;0;0;0;0;0;0;
1105091;;1;7000;0;10;0;11050850;-1;0;0;0;0;0;0;1;1;1;0;0;0;0;0;0;0;0;0;0;1;1;1;0;0;1;1;1;0;0;80;0;0;0;0;0;0;0;0;0;0;0;0;0;0;0;0;0;0;0;0;0;0;0;0;0;0;0;0;0;0;0;0;0;0;0;0;0;0;0;0;0;0;
1110000;;1;0;0;10;0;0;-1;0;0;0;0;0;0;1;1;1;0;0;0;0;0;0;0;0;0;0;1;1;1;0;0;1;1;1;0;0;80;0;0;0;0;0;0;0;0;0;0;0;0;0;0;0;0;0;0;0;0;0;0;0;0;0;0;0;0;0;0;0;0;0;0;0;0;0;0;0;0;0;0;
1201000;;1;6000;0;10;12010800;12010800;-1;0;0;0;0;0;0;1;1;1;0;0;0;0;0;0;0;0;0;0;1;1;1;0;0;1;1;1;0;0;80;0;0;0;0;0;0;0;0;0;0;0;0;0;0;0;0;0;0;0;0;0;0;0;0;0;0;0;0;0;0;0;0;0;0;0;0;0;0;0;0;0;0;
1201001;;1;6000;0;10;0;12010800;-1;0;0;0;1;1;1;1;1;1;0;0;0;0;0;0;0;0;0;0;1;1;1;0;1;1;1;1;0;0;80;0;12;1;0;400.79;-144.94;-103.08;6000;6000;0;0;0;0;0;0;0;0;0;6000;0;0;0;0;0;0;12010800;0;0;0;0;0;0;0;0;0;0;0;0;0;0;0;71211;
1201002;;1;6000;0;10;0;12010800;-1;0;0;0;1;1;1;1;1;1;0;0;0;0;0;0;0;0;0;0;1;1;1;0;1;1;1;1;0;0;80;0;12;1;0;206.99;-170.58;-204.16;6000;6000;0;0;0;0;0;0;0;0;0;6000;0;0;0;0;0;0;12010800;0;0;0;0;0;0;0;0;0;0;0;0;0;0;0;71212;
1201003;;1;6000;0;10;0;12010800;-1;0;0;0;1;1;1;1;1;1;0;0;0;0;0;0;0;0;0;0;1;1;1;0;1;1;1;1;0;0;80;0;12;1;0;-18.7;-210.34;-106.97;6000;6000;0;0;0;0;0;0;0;0;0;6000;0;0;0;0;0;0;12010800;0;0;0;0;0;0;0;0;0;0;0;0;0;0;0;71213;
1201011;;1;6200;0;10;0;12040800;-1;0;0;0;1;1;1;1;1;1;0;0;0;0;0;0;0;0;0;0;1;1;1;0;1;1;1;1;0;0;80;0;12;1;0;333.7;-79.06;269.15;6000;6000;0;0;0;0;0;0;0;0;0;6000;0;0;0;0;0;0;12040800;12010850;0;0;0;0;0;0;0;0;0;0;0;0;0;0;71214;
1201012;;1;6200;0;10;0;12040800;-1;0;0;0;1;1;1;1;1;1;0;0;0;0;0;0;0;0;0;0;1;1;1;0;0;1;1;1;0;0;80;0;0;0;0;0;0;0;6000;6000;0;0;0;0;0;0;0;0;0;6000;0;0;0;0;0;0;12040800;12010850;0;0;0;0;0;0;0;0;0;0;0;0;0;0;0;
1201013;;1;6200;0;10;0;12040800;-1;0;0;0;1;1;1;1;1;1;0;0;0;0;0;0;0;0;0;0;1;1;1;0;1;1;1;1;0;0;80;0;12;1;0;29.589;-160.789;76.524;6000;6000;0;0;0;0;0;0;0;0;0;6000;0;0;0;0;0;0;12040800;12010850;0;0;0;0;0;0;0;0;0;0;0;0;0;0;71215;
1201014;;1;6200;0;10;0;12040800;-1;0;0;0;1;1;1;1;1;1;0;0;0;0;0;0;0;0;0;0;1;1;1;0;1;1;1;1;0;0;80;0;12;1;0;-243.47;-280.21;153.21;6000;6000;0;0;0;0;0;0;0;0;0;6000;0;0;0;0;0;0;12040800;12010850;0;0;0;0;0;0;0;0;0;0;0;0;0;0;71219;
1201015;;1;6200;0;10;0;12040800;-1;0;0;0;1;1;1;1;1;1;0;0;0;0;0;0;0;0;0;0;1;1;1;0;1;1;1;1;0;0;80;0;12;1;0;-303.51;-308.06;-60.03;6000;6000;0;0;0;0;0;0;0;0;0;6000;0;0;0;0;0;0;12040800;12010850;0;0;0;0;0;0;0;0;0;0;0;0;0;0;71216;
1201016;;1;6200;0;10;0;12040800;-1;0;0;0;1;1;1;1;1;1;0;0;0;0;0;0;0;0;0;0;1;1;1;0;0;1;1;1;0;0;80;0;0;0;0;0;0;0;6000;6000;0;0;0;0;0;0;0;0;0;6000;0;0;0;0;0;0;12040800;12010850;0;0;0;0;0;0;0;0;0;0;0;0;0;0;0;
1201017;;1;6200;0;10;0;12040800;-1;0;0;0;1;1;1;1;1;1;0;0;0;0;0;0;0;0;0;0;1;1;1;0;1;1;1;1;0;0;80;0;12;1;0;-411.57;-328.84;-525.76;6000;6000;0;0;0;0;0;0;0;0;0;6000;0;0;0;0;0;0;12040800;0;0;0;0;0;0;0;0;0;0;0;0;0;0;0;71218;
1202000;;1;6500;0;10;12020800;12020800;-1;0;0;0;0;0;0;1;1;1;0;0;0;0;0;0;0;0;0;0;1;1;1;0;0;1;1;1;0;0;80;0;0;0;0;0;0;0;0;0;0;0;0;0;0;0;0;0;0;0;0;0;0;0;0;0;0;0;0;0;0;0;0;0;0;0;0;0;0;0;0;0;0;
1202001;;1;6500;0;10;0;12020800;-1;0;0;0;1;1;1;1;1;1;0;0;0;0;0;0;0;0;0;0;1;1;1;0;0;1;1;1;0;0;80;0;0;0;0;0;0;0;6000;6000;0;0;0;0;0;0;0;0;0;6000;0;0;0;0;0;0;12020800;12090800;12020830;0;0;0;0;0;0;0;0;0;0;0;0;0;0;
1202002;;1;6500;0;10;0;12020800;-1;0;0;0;1;1;1;1;1;1;0;0;0;0;0;0;0;0;0;0;1;1;1;0;1;1;1;1;0;0;80;0;12;2;0;1015.83;-605.44;1463.19;6000;6000;0;0;0;0;0;0;0;0;0;6000;0;0;0;0;0;0;12020800;12090800;12020830;0;0;0;0;0;0;0;0;0;0;0;0;0;71224;
1202003;;1;6500;0;10;0;12020800;-1;0;0;0;1;1;1;1;1;1;0;0;0;0;0;0;0;0;0;0;1;1;1;0;0;1;1;1;0;0;80;0;0;0;0;0;0;0;6000;6000;0;0;0;0;0;0;0;0;0;6000;0;0;0;0;0;0;12020800;0;0;0;0;0;0;0;0;0;0;0;0;0;0;0;0;
1202004;;1;6500;0;10;0;12020800;-1;0;0;0;1;1;1;1;1;1;0;0;0;0;0;0;0;0;0;0;1;1;1;0;1;1;1;1;0;0;80;0;12;2;0;1174.56;-611.53;1756.56;6000;6000;0;0;0;0;0;0;0;0;0;6000;0;0;0;0;0;0;12020800;0;0;0;0;0;0;0;0;0;0;0;0;0;0;0;71225;
1202005;;1;6500;0;10;0;12020800;-1;0;0;0;1;1;1;1;1;1;0;0;0;0;0;0;0;0;0;0;1;1;1;0;0;1;1;1;0;0;80;0;0;0;0;0;0;0;6000;6000;0;0;0;0;0;0;0;0;0;6000;0;0;0;0;0;0;12020800;12090800;12020830;0;0;0;0;0;0;0;0;0;0;0;0;0;0;
1202006;;1;6500;0;10;0;12020800;-1;0;0;0;1;1;1;1;1;1;0;0;0;0;0;0;0;0;0;0;1;1;1;0;0;1;1;1;0;0;80;0;0;0;0;0;0;0;6000;6000;0;0;0;0;0;0;0;0;0;6000;0;0;0;0;0;0;12020800;12090800;12020830;0;0;0;0;0;0;0;0;0;0;0;0;0;0;
1202007;;1;6500;0;10;0;12020800;-1;0;0;0;1;1;1;1;1;1;0;0;0;0;0;0;0;0;0;0;1;1;1;0;1;1;1;1;0;0;80;0;12;2;0;952.91;-671.25;1296.34;6000;6000;0;0;0;0;0;0;0;0;0;6000;0;0;0;0;0;0;12020800;12090800;12020830;0;0;0;0;0;0;0;0;0;0;0;0;0;71226;
1202011;;1;6500;0;10;0;12020800;-1;0;0;0;1;1;1;1;1;1;0;0;0;0;0;0;0;0;0;0;1;1;1;0;0;1;1;1;0;0;80;0;0;0;0;0;0;0;6000;6000;0;0;0;0;0;0;0;0;0;6000;0;0;0;0;0;0;12020830;0;0;0;0;0;0;0;0;0;0;0;0;0;0;0;0;
1202012;;1;6500;0;10;0;12020800;-1;0;0;0;1;1;1;1;1;1;0;0;0;0;0;0;0;0;0;0;1;1;1;0;0;1;1;1;0;0;80;0;0;0;0;0;0;0;6000;6000;0;0;0;0;0;0;0;0;0;6000;0;0;0;0;0;0;12020830;0;0;0;0;0;0;0;0;0;0;0;0;0;0;0;0;
1202013;;1;6500;0;10;0;12020800;-1;0;0;0;1;1;1;1;1;1;0;0;0;0;0;0;0;0;0;0;1;1;1;0;0;1;1;1;0;0;80;0;0;0;0;0;0;0;6000;6000;0;0;0;0;0;0;0;0;0;6000;0;0;0;0;0;0;12020830;0;0;0;0;0;0;0;0;0;0;0;0;0;0;0;0;
1202020;;1;6500;0;10;12020850;12020850;-1;0;0;0;0;0;0;1;1;1;0;0;0;0;0;0;0;0;0;0;1;1;1;0;0;1;1;1;0;0;80;0;0;0;0;0;0;0;0;0;0;0;0;0;0;0;0;0;0;0;0;0;0;0;0;0;0;0;0;0;0;0;0;0;0;0;0;0;0;0;0;0;0;
1202032;;1;6400;0;10;0;12080800;-1;0;0;0;1;1;1;1;1;1;0;0;0;0;0;0;0;0;0;0;1;1;1;0;0;1;1;1;0;0;80;0;0;0;0;0;0;0;6000;6000;0;0;0;0;0;0;0;0;0;6000;0;0;0;0;0;0;12080800;0;0;0;0;0;0;0;0;0;0;0;0;0;0;0;0;
1202033;;1;6400;0;10;0;12080800;-1;0;0;0;1;1;1;1;1;1;0;0;0;0;0;0;0;0;0;0;1;1;1;0;1;1;1;1;0;0;80;0;12;2;0;1098.39;-823.38;1266.81;6000;6000;0;0;0;0;0;0;0;0;0;6000;0;0;0;0;0;0;12080800;0;0;0;0;0;0;0;0;0;0;0;0;0;0;0;71222;
1202034;;1;6400;0;10;0;12080800;-1;0;0;0;1;1;1;1;1;1;0;0;0;0;0;0;0;0;0;0;1;1;1;0;1;1;1;1;0;0;80;0;12;2;0;1437.42;-816.41;1519.1;6000;6000;0;0;0;0;0;0;0;0;0;6000;0;0;0;0;0;0;12080800;0;0;0;0;0;0;0;0;0;0;0;0;0;0;0;71223;
1203000;;1;6600;0;10;12030800;12030800;-1;0;0;0;0;0;0;1;1;1;0;0;0;0;0;0;0;0;0;0;1;1;1;0;0;1;1;1;0;0;80;0;0;0;0;0;0;0;0;0;0;0;0;0;0;0;0;0;0;0;0;0;0;0;0;0;0;0;0;0;0;0;0;0;0;0;0;0;0;0;0;0;0;
1203001;;1;6600;0;10;0;12030800;-1;0;0;0;1;1;1;1;1;1;0;0;0;0;0;0;0;0;0;0;1;1;1;0;1;1;1;1;0;0;80;0;12;3;0;-184.91;273;-517.55;6000;6000;0;0;0;0;0;0;0;0;0;6000;0;0;0;0;0;0;12030800;12030390;0;0;0;0;0;0;0;0;0;0;0;0;0;0;71231;
1203002;;1;6600;0;10;0;12030800;-1;0;0;0;1;1;1;1;1;1;0;0;0;0;0;0;0;0;0;0;1;1;1;0;1;1;1;1;0;0;80;0;12;3;0;-163.91;92.01;-624.77;6000;6000;0;0;0;0;0;0;0;0;0;6000;0;0;0;0;0;0;12030800;12030390;0;0;0;0;0;0;0;0;0;0;0;0;0;0;71232;
1203003;;1;6600;0;10;0;12030800;-1;0;0;0;1;1;1;1;1;1;0;0;0;0;0;0;0;0;0;0;1;1;1;0;1;1;1;1;0;0;80;0;12;3;0;-598.42;98.21;-610.15;6000;6000;0;0;0;0;0;0;0;0;0;6000;0;0;0;0;0;0;12030800;12030390;0;0;0;0;0;0;0;0;0;0;0;0;0;0;71233;
1203004;;1;6600;0;10;0;12030800;-1;0;0;0;1;1;1;1;1;1;0;0;0;0;0;0;0;0;0;0;1;1;1;0;1;1;1;1;0;0;80;0;12;3;0;-690.02;92.37;-409.68;6000;6000;0;0;0;0;0;0;0;0;0;6000;0;0;0;0;0;0;12030800;12030390;0;0;0;0;0;0;0;0;0;0;0;0;0;0;71234;
1203005;;1;6600;0;10;0;12030800;-1;0;0;0;1;1;1;1;1;1;0;0;0;0;0;0;0;0;0;0;1;1;1;0;1;1;1;1;0;0;80;0;12;3;0;-472.21;-150.12;-346.73;6000;6000;0;0;0;0;0;0;0;0;0;6000;0;0;0;0;0;0;12030800;12030390;0;0;0;0;0;0;0;0;0;0;0;0;0;0;71235;
1204000;;1;6200;0;10;12040800;12040800;-1;0;0;0;0;0;0;1;1;1;0;0;0;0;0;0;0;0;0;0;1;1;1;0;0;1;1;1;0;0;80;0;0;0;0;0;0;0;0;0;0;0;0;0;0;0;0;0;0;0;0;0;0;0;0;0;0;0;0;0;0;0;0;0;0;0;0;0;0;0;0;0;0;
1204001;;1;6200;0;10;0;12040800;-1;0;0;0;1;1;1;1;1;1;0;0;0;0;0;0;0;0;0;0;1;1;1;0;0;1;1;1;0;0;80;0;0;0;0;0;0;0;6000;6000;0;0;0;0;0;0;0;0;0;6000;0;0;0;0;0;0;12040800;0;0;0;0;0;0;0;0;0;0;0;0;0;0;0;0;
1205000;;1;6800;0;10;12050800;12050800;-1;0;0;0;0;0;0;1;1;1;0;0;0;0;0;0;0;0;0;0;1;1;1;0;0;1;1;1;0;0;80;0;0;0;0;0;0;0;0;0;0;0;0;0;0;0;0;0;0;0;0;0;0;0;0;0;0;0;0;0;0;0;0;0;0;0;0;0;0;0;0;0;0;
1205001;;1;6800;0;10;0;12050800;-1;0;0;0;1;1;1;1;1;1;0;0;0;0;0;0;0;0;0;0;1;1;1;0;1;1;1;1;0;0;80;0;12;5;0;1898.99;-600.27;1115.76;6000;6000;0;0;0;0;0;0;0;0;0;6000;0;0;0;0;0;0;12050800;0;0;0;0;0;0;0;0;0;0;0;0;0;0;0;71251;
1205002;;1;6800;0;10;0;12050800;-1;0;0;0;1;1;1;1;1;1;0;0;0;0;0;0;0;0;0;0;1;1;1;0;0;1;1;1;0;0;80;0;0;0;0;0;0;0;6000;6000;0;0;0;0;0;0;0;0;0;6000;0;0;0;0;0;0;12050800;0;0;0;0;0;0;0;0;0;0;0;0;0;0;0;0;
1205003;;1;6800;0;10;0;12050800;-1;0;0;0;1;1;1;1;1;1;0;0;0;0;0;0;0;0;0;0;1;1;1;0;0;1;1;1;0;0;80;0;0;0;0;0;0;0;6000;6000;0;0;0;0;0;0;0;0;0;6000;0;0;0;0;0;0;12050800;0;0;0;0;0;0;0;0;0;0;0;0;0;0;0;0;
1205004;;1;6800;0;10;0;12050800;-1;0;0;0;1;1;1;1;1;1;0;0;0;0;0;0;0;0;0;0;1;1;1;0;1;1;1;1;0;0;80;0;12;5;0;1698.23;-611.75;1290.23;6000;6000;0;0;0;0;0;0;0;0;0;6000;0;0;0;0;0;0;12050800;0;0;0;0;0;0;0;0;0;0;0;0;0;0;0;71252;
1205005;;1;6800;0;10;0;12050800;-1;0;0;0;1;1;1;1;1;1;0;0;0;0;0;0;0;0;0;0;1;1;1;0;0;1;1;1;0;0;80;0;0;0;0;0;0;0;6000;6000;0;0;0;0;0;0;0;0;0;6000;0;0;0;0;0;0;12050800;0;0;0;0;0;0;0;0;0;0;0;0;0;0;0;0;
1205006;;1;6800;0;10;0;12050800;-1;0;0;0;1;1;1;1;1;1;0;0;0;0;0;0;0;0;0;0;1;1;1;0;1;1;1;1;0;0;80;0;12;5;0;1637.12;-562.58;1248.84;6000;6000;0;0;0;0;0;0;0;0;0;6000;0;0;0;0;0;0;12050800;0;0;0;0;0;0;0;0;0;0;0;0;0;0;0;71253;
1205007;;1;6800;0;10;0;12050800;-1;0;0;0;0;0;0;1;1;1;0;0;0;0;0;0;0;0;0;0;1;1;1;0;0;1;1;1;0;0;80;0;0;0;0;0;0;0;0;0;0;0;0;0;0;0;0;0;0;0;0;0;0;0;0;0;0;0;0;0;0;0;0;0;0;0;0;0;0;0;0;0;0;
1205090;;1;6800;0;10;0;12050800;-1;0;0;0;0;0;0;1;1;1;0;0;0;0;0;0;0;0;0;0;1;1;1;0;0;1;1;1;0;0;80;0;0;0;0;0;0;0;0;0;0;0;0;0;0;0;0;0;0;0;0;0;0;0;0;0;0;0;0;0;0;0;0;0;0;0;0;0;0;0;0;0;0;
1207031;;1;6400;0;10;0;12080800;-1;0;0;0;1;1;1;1;1;1;0;0;0;0;0;0;0;0;0;0;1;1;1;0;1;1;1;1;0;0;80;0;12;7;0;748.14;-911.61;1164.07;6000;6000;0;0;0;0;0;0;0;0;0;6000;0;0;0;0;0;0;12080800;0;0;0;0;0;0;0;0;0;0;0;0;0;0;0;71270;
1207021;;1;6500;0;10;0;12020850;-1;0;0;0;1;1;1;1;1;1;0;0;0;0;0;0;0;0;0;0;1;1;1;0;0;1;1;1;0;0;80;0;0;0;0;0;0;0;6000;6000;0;0;0;0;0;0;0;0;0;6000;0;0;0;0;0;0;12020850;0;0;0;0;0;0;0;0;0;0;0;0;0;0;0;0;
1207022;;1;6500;0;10;0;12020850;-1;0;0;0;1;1;1;1;1;1;0;0;0;0;0;0;0;0;0;0;1;1;1;0;0;1;1;1;0;0;80;0;0;0;0;0;0;0;6000;6000;0;0;0;0;0;0;0;0;0;6000;0;0;0;0;0;0;12020850;0;0;0;0;0;0;0;0;0;0;0;0;0;0;0;0;
1207023;;1;6500;0;10;0;12020850;-1;0;0;0;1;1;1;1;1;1;0;0;0;0;0;0;0;0;0;0;1;1;1;0;0;1;1;1;0;0;80;0;0;0;0;0;0;0;6000;6000;0;0;0;0;0;0;0;0;0;6000;0;0;0;0;0;0;12020850;0;0;0;0;0;0;0;0;0;0;0;0;0;0;0;0;
1207024;;1;6500;0;10;0;12020850;-1;0;0;0;1;1;1;1;1;1;0;0;0;0;0;0;0;0;0;0;1;1;1;0;0;1;1;1;0;0;80;0;0;0;0;0;0;0;6000;6000;0;0;0;0;0;0;0;0;0;6000;0;0;0;0;0;0;12020850;0;0;0;0;0;0;0;0;0;0;0;0;0;0;0;0;
1207025;;1;6500;0;10;0;12020850;-1;0;0;0;1;1;1;1;1;1;0;0;0;0;0;0;0;0;0;0;1;1;1;0;0;1;1;1;0;0;80;0;0;0;0;0;0;0;6000;6000;0;0;0;0;0;0;0;0;0;6000;0;0;0;0;0;0;12020850;0;0;0;0;0;0;0;0;0;0;0;0;0;0;0;0;
1207026;;1;6500;0;10;0;12020850;-1;0;0;0;1;1;1;1;1;1;0;0;0;0;0;0;0;0;0;0;1;1;1;0;1;1;1;1;0;0;80;0;12;7;0;709.78;-579.63;1233.81;6000;6000;0;0;0;0;0;0;0;0;0;6000;0;0;0;0;0;0;12020850;0;0;0;0;0;0;0;0;0;0;0;0;0;0;0;71271;
1208000;;1;6400;0;10;12080800;12080800;-1;0;0;0;0;0;0;1;1;1;0;0;0;0;0;0;0;0;0;0;1;1;1;0;0;1;1;1;0;0;80;0;0;0;0;0;0;0;0;0;0;0;0;0;0;0;0;0;0;0;0;0;0;0;0;0;0;0;0;0;0;0;0;0;0;0;0;0;0;0;0;0;0;
1208001;;1;6400;0;10;0;12080800;-1;0;0;0;1;1;1;1;1;1;0;0;0;0;0;0;0;0;0;0;1;1;1;0;0;1;1;1;0;0;80;0;0;0;0;0;0;0;6000;6000;0;0;0;0;0;0;0;0;0;6000;0;0;0;0;0;0;12080800;0;0;0;0;0;0;0;0;0;0;0;0;0;0;0;0;
1209000;;1;6500;0;10;12090800;12020800;-1;0;0;0;0;0;0;1;1;1;0;0;0;0;0;0;0;0;0;0;1;1;1;0;0;1;1;1;0;0;80;0;0;0;0;0;0;0;0;0;0;0;0;0;0;0;0;0;0;0;0;0;0;0;0;0;0;0;0;0;0;0;0;0;0;0;0;0;0;0;0;0;0;
1209001;;1;6500;0;10;0;12020800;-1;0;0;0;1;1;1;1;1;1;0;0;0;0;0;0;0;0;0;0;1;1;1;0;0;1;1;1;0;0;80;0;0;0;0;0;0;0;6000;6000;0;0;0;0;0;0;0;0;0;6000;0;0;0;0;0;0;12090800;0;0;0;0;0;0;0;0;0;0;0;0;0;0;0;0;
1300000;;1;7200;0;10;13000800;13000800;-1;0;0;0;0;0;0;1;1;1;0;0;0;0;0;0;0;0;0;0;1;1;1;0;0;1;1;1;0;0;80;0;0;0;0;0;0;0;0;0;0;0;0;0;0;0;0;0;0;0;0;0;0;0;0;0;0;0;0;0;0;0;0;0;0;0;0;0;0;0;0;0;0;
1300001;;1;7200;0;10;0;13000800;-1;0;0;0;1;1;1;1;1;1;0;0;0;0;0;0;0;0;0;0;1;1;1;0;0;1;1;1;0;0;80;0;0;0;0;0;0;0;6000;6000;0;0;0;0;0;0;0;0;0;6000;0;0;0;0;0;0;13000800;0;0;0;0;0;0;0;0;0;0;0;0;0;0;0;0;
1300002;;1;7200;0;10;0;13000800;-1;0;0;0;1;1;1;1;1;1;0;0;0;0;0;0;0;0;0;0;1;1;1;0;0;1;1;1;0;0;80;0;0;0;0;0;0;0;6000;6000;0;0;0;0;0;0;0;0;0;6000;0;0;0;0;0;0;13000800;0;0;0;0;0;0;0;0;0;0;0;0;0;0;0;0;
1300003;;1;7200;0;10;0;13000800;-1;0;0;0;1;1;1;1;1;1;0;0;0;0;0;0;0;0;0;0;1;1;1;1;0;1;1;1;0;0;80;0;13;0;0;83.98;-86.05;608.5;6000;6000;0;0;0;0;0;0;0;0;0;6000;0;0;0;0;0;0;13000800;0;0;0;0;0;0;0;0;0;0;0;0;0;0;0;71309;
1300004;;1;7200;0;10;0;13000800;-1;0;0;0;1;1;1;1;1;1;0;0;0;0;0;0;0;0;0;0;1;1;1;0;0;1;1;1;0;0;80;0;0;0;0;0;0;0;6000;6000;0;0;0;0;0;0;0;0;0;6000;0;0;0;0;0;0;13000800;0;0;0;0;0;0;0;0;0;0;0;0;0;0;0;0;
1300005;;1;7200;0;10;0;13000800;-1;0;0;0;1;1;1;1;1;1;0;0;0;0;0;0;0;0;0;0;1;1;1;0;0;1;1;1;0;0;80;0;0;0;0;0;0;0;6000;6000;0;0;0;0;0;0;0;0;0;6000;0;0;0;0;0;0;13000800;0;0;0;0;0;0;0;0;0;0;0;0;0;0;0;0;
1300006;;1;7200;0;10;0;13000800;-1;0;0;0;1;1;1;1;1;1;0;0;0;0;0;0;0;0;0;0;1;1;1;1;0;1;1;1;0;0;80;0;13;0;0;64.07;-73.77;497.52;6000;6000;0;0;0;0;0;0;0;0;0;6000;0;0;0;0;0;0;13000800;0;0;0;0;0;0;0;0;0;0;0;0;0;0;0;71310;
1300010;;1;7200;0;10;13002850;13000850;-1;0;0;0;0;0;0;1;1;1;0;0;0;0;0;0;0;0;0;0;1;1;1;1;0;1;1;1;0;0;80;0;13;0;0;13.73;-39.29;411.53;0;0;0;0;0;0;0;0;0;0;0;0;0;0;0;0;0;0;0;0;0;0;0;0;0;0;0;0;0;0;0;0;0;0;71302;
1300011;;1;7200;0;10;0;13000850;-1;0;0;0;1;1;1;1;1;1;0;0;0;0;0;0;0;0;0;0;1;1;1;0;0;1;1;1;0;0;80;0;0;0;0;0;0;0;6000;6000;0;0;0;0;0;0;0;0;0;6000;0;0;0;0;0;0;13000850;0;0;0;0;0;0;0;0;0;0;0;0;0;0;0;0;
1300012;;1;7200;0;10;0;13000850;-1;0;0;0;1;1;1;1;1;1;0;0;0;0;0;0;0;0;0;0;1;1;1;1;0;1;1;1;0;0;80;0;13;0;0;116.66;53.95;161.07;6000;6000;0;0;0;0;0;0;0;0;0;6000;0;0;0;0;0;0;13000850;0;0;0;0;0;0;0;0;0;0;0;0;0;0;0;71303;
1300013;;1;7200;0;10;0;13000850;-1;0;0;0;1;1;1;1;1;1;0;0;0;0;0;0;0;0;0;0;1;1;1;1;0;1;1;1;0;0;80;0;13;0;0;-92.94;47.42;210.9;6000;6000;0;0;0;0;0;0;0;0;0;6000;0;0;0;0;0;0;13000850;0;0;0;0;0;0;0;0;0;0;0;0;0;0;0;71305;
1300014;;1;7200;0;10;0;13000850;-1;0;0;0;1;1;1;1;1;1;0;0;0;0;0;0;0;0;0;0;1;1;1;0;0;1;1;1;0;0;80;0;0;0;0;0;0;0;6000;6000;0;0;0;0;0;0;0;0;0;6000;0;0;0;0;0;0;13000850;0;0;0;0;0;0;0;0;0;0;0;0;0;0;0;0;
1300015;;1;7200;0;10;0;13000850;-1;0;0;0;1;1;1;1;1;1;0;0;0;0;0;0;0;0;0;0;1;1;1;0;0;1;1;1;0;0;80;0;0;0;0;0;0;0;6000;6000;0;0;0;0;0;0;0;0;0;6000;0;0;0;0;0;0;13000850;0;0;0;0;0;0;0;0;0;0;0;0;0;0;0;0;
1300016;;1;7200;0;10;0;13000850;-1;0;0;0;1;1;1;1;1;1;0;0;0;0;0;0;0;0;0;0;1;1;1;0;0;1;1;1;0;0;80;0;0;0;0;0;0;0;6000;6000;0;0;0;0;0;0;0;0;0;6000;0;0;0;0;0;0;13000850;0;0;0;0;0;0;0;0;0;0;0;0;0;0;0;0;
1300017;;1;7200;0;10;0;13000850;-1;0;0;0;1;1;1;1;1;1;0;0;0;0;0;0;0;0;0;0;1;1;1;1;0;1;1;1;0;0;80;0;13;0;0;-75.41;-19.96;404.67;6000;6000;0;0;0;0;0;0;0;0;0;6000;0;0;0;0;0;0;13000850;0;0;0;0;0;0;0;0;0;0;0;0;0;0;0;71306;
1300018;;1;7200;0;10;0;13000850;-1;0;0;0;1;1;1;1;1;1;0;0;0;0;0;0;0;0;0;0;1;1;1;1;0;1;1;1;0;0;80;0;13;0;0;30.4;-45.99;361.79;6000;6000;0;0;0;0;0;0;0;0;0;6000;0;0;0;0;0;0;13000850;0;0;0;0;0;0;0;0;0;0;0;0;0;0;0;71307;
1300019;;1;7200;0;10;0;13000850;-1;0;0;0;1;1;1;1;1;1;0;0;0;0;0;0;0;0;0;0;1;1;1;1;0;1;1;1;0;0;80;0;13;0;0;-73.6;-0.97;498.83;6000;6000;0;0;0;0;0;0;0;0;0;6000;0;0;0;0;0;0;13000850;0;0;0;0;0;0;0;0;0;0;0;0;0;0;0;71308;
1300020;;1;7200;0;10;13002830;13000830;-1;0;0;0;0;0;0;1;1;1;0;0;0;0;0;0;0;0;0;0;1;1;1;0;0;1;1;1;0;0;80;0;0;0;0;0;0;0;0;0;0;0;0;0;0;0;0;0;0;0;0;0;0;0;0;0;0;0;0;0;0;0;0;0;0;0;0;0;0;0;0;0;0;
1300021;;1;7200;0;10;0;13000830;-1;0;0;0;1;1;1;1;1;1;0;0;0;0;0;0;0;0;0;0;1;1;1;0;0;1;1;1;0;0;80;0;0;0;0;0;0;0;6000;6000;0;0;0;0;0;0;0;0;0;6000;0;0;0;0;0;0;13000830;0;0;0;0;0;0;0;0;0;0;0;0;0;0;0;0;
1300090;;1;7200;0;10;0;13000800;-1;0;0;0;0;0;0;1;1;1;0;0;0;0;0;0;0;0;0;0;1;1;1;0;0;1;1;1;0;0;80;0;0;0;0;0;0;0;0;0;0;0;0;0;0;0;0;0;0;0;0;0;0;0;0;0;0;0;0;0;0;0;0;0;0;0;0;0;0;0;0;0;0;
1400000;;1;2400;0;10;14000800;14000800;-1;0;0;0;0;0;0;1;1;1;0;0;0;0;0;0;0;0;0;0;1;1;1;0;0;1;1;1;0;0;80;0;0;0;0;0;0;0;0;0;0;0;0;0;0;0;0;0;0;0;0;0;0;0;0;0;0;0;0;0;0;0;0;0;0;0;0;0;0;0;0;0;0;
1400001;;1;2400;0;10;0;14000800;-1;0;0;0;1;1;1;1;1;1;0;0;0;0;0;0;0;0;0;0;1;1;1;0;0;1;1;1;0;0;80;0;0;0;0;0;0;0;6000;6000;0;0;0;0;0;0;0;0;0;6000;0;0;0;0;0;0;14000800;0;0;0;0;0;0;0;0;0;0;0;0;0;0;0;0;
1400002;;1;2400;0;10;0;14000800;-1;0;0;0;1;1;1;1;1;1;0;0;0;0;0;0;0;0;0;0;1;1;1;0;0;1;1;1;0;0;80;0;0;0;0;0;0;0;6000;6000;0;0;0;0;0;0;0;0;0;6000;0;0;0;0;0;0;14000800;0;0;0;0;0;0;0;0;0;0;0;0;0;0;0;0;
1400003;;1;2400;0;10;0;14000800;-1;0;0;0;1;1;1;1;1;1;0;0;0;0;0;0;0;0;0;0;1;1;1;0;0;1;1;1;0;0;80;0;0;0;0;0;0;0;6000;6000;0;0;0;0;0;0;0;0;0;6000;0;0;0;0;0;0;14000800;0;0;0;0;0;0;0;0;0;0;0;0;0;0;0;0;
1400010;;1;2400;0;10;14000850;14000850;-1;0;0;0;0;0;0;1;1;1;0;0;0;0;0;0;0;0;0;0;1;1;1;1;0;1;1;1;0;0;80;0;14;0;0;154.79;110.18;-222.38;0;0;0;0;0;0;0;0;0;0;0;0;0;0;0;0;0;0;0;0;0;0;0;0;0;0;0;0;0;0;0;0;0;0;71401;
1400011;;1;2400;0;10;0;14000850;-1;0;0;0;1;1;1;1;1;1;0;0;0;0;0;0;0;0;0;0;1;1;1;1;0;1;1;1;0;0;80;0;60;35;46;-93;321.74;-32.95;6000;6000;0;0;0;0;0;0;0;0;0;6000;0;0;0;0;0;0;14000850;0;0;0;0;0;0;0;0;0;0;0;0;0;0;0;76206;
1400012;;1;2400;0;10;0;14000850;-1;0;0;0;1;1;1;1;1;1;0;0;0;0;0;0;0;0;0;0;1;1;1;0;0;1;1;1;0;0;80;0;0;0;0;0;0;0;6000;6000;0;0;0;0;0;0;0;0;0;6000;0;0;0;0;0;0;14000850;0;0;0;0;0;0;0;0;0;0;0;0;0;0;0;0;
1400013;;1;2400;0;10;0;14000850;-1;0;0;0;1;1;1;1;1;1;0;0;0;0;0;0;0;0;0;0;1;1;1;1;0;1;1;1;0;0;80;0;14;0;0;-13.92;62;-95.64;6000;6000;0;0;0;0;0;0;0;0;0;6000;0;0;0;0;0;0;14000850;0;0;0;0;0;0;0;0;0;0;0;0;0;0;0;71402;
1400014;;1;2400;0;10;0;14000850;-1;0;0;0;1;1;1;1;1;1;0;0;0;0;0;0;0;0;0;0;1;1;1;0;0;1;1;1;0;0;80;0;0;0;0;0;0;0;6000;6000;0;0;0;0;0;0;0;0;0;6000;0;0;0;0;0;0;14000850;0;0;0;0;0;0;0;0;0;0;0;0;0;0;0;0;
1400015;;1;2400;0;10;0;14000850;-1;0;0;0;1;1;1;1;1;1;0;0;0;0;0;0;0;0;0;0;1;1;1;1;0;1;1;1;0;0;80;0;14;0;0;134.24;94.07;-184.98;6000;6000;0;0;0;0;0;0;0;0;0;6000;0;0;0;0;0;0;14000850;0;0;0;0;0;0;0;0;0;0;0;0;0;0;0;71403;
1400016;;1;2400;0;10;0;14000850;-1;0;0;0;1;1;1;1;1;1;0;0;0;0;0;0;0;0;0;0;1;1;1;0;0;1;1;1;0;0;80;0;0;0;0;0;0;0;6000;6000;0;0;0;0;0;0;0;0;0;6000;0;0;0;0;0;0;14000850;0;0;0;0;0;0;0;0;0;0;0;0;0;0;0;0;
1400090;;1;2400;0;10;0;14000800;-1;0;0;0;0;0;0;1;1;1;0;0;0;0;0;0;0;0;0;0;1;1;1;0;0;1;1;1;0;0;80;0;0;0;0;0;0;0;0;0;0;0;0;0;0;0;0;0;0;0;0;0;0;0;0;0;0;0;0;0;0;0;0;0;0;0;0;0;0;0;0;0;0;
1500000;;1;5600;0;10;15000800;15000800;-1;0;0;0;0;0;0;1;1;1;0;0;0;0;0;0;0;0;0;0;1;1;1;0;0;1;1;1;0;0;80;0;15;0;0;-21.34;51.57;487.89;0;0;0;0;0;0;0;0;0;0;0;0;0;0;0;0;0;0;0;0;0;0;0;0;0;0;0;0;0;0;0;0;0;0;0;
1500001;;1;5600;0;10;0;15000800;-1;0;0;0;1;1;1;1;1;1;0;0;0;0;0;0;0;0;0;0;1;1;1;1;0;1;1;1;0;0;80;0;15;0;0;77.19;247;432.05;6000;6000;0;0;0;0;0;0;0;0;0;6000;0;0;0;0;0;0;15000800;0;0;0;0;0;0;0;0;0;0;0;0;0;0;0;71501;
1500002;;1;5600;0;10;0;15000800;-1;0;0;0;1;1;1;1;1;1;0;0;0;0;0;0;0;0;0;0;1;1;1;1;0;1;1;1;0;0;80;0;15;0;0;-28.82;211.44;596.6;6000;6000;0;0;0;0;0;0;0;0;0;6000;0;0;0;0;0;0;15000800;0;0;0;0;0;0;0;0;0;0;0;0;0;0;0;71502;
1500003;;1;5600;0;10;0;15000800;-1;0;0;0;1;1;1;1;1;1;0;0;0;0;0;0;0;0;0;0;1;1;1;1;0;1;1;1;0;0;80;0;15;0;0;88.93;60.8;549.13;6000;6000;0;0;0;0;0;0;0;0;0;6000;0;0;0;0;0;0;15000800;0;0;0;0;0;0;0;0;0;0;0;0;0;0;0;71504;
1500004;;1;5600;0;10;0;15000800;-1;0;0;0;1;1;1;1;1;1;0;0;0;0;0;0;0;0;0;0;1;1;1;0;0;1;1;1;0;0;80;0;0;0;0;0;0;0;6000;6000;0;0;0;0;0;0;0;0;0;6000;0;0;0;0;0;0;15000800;0;0;0;0;0;0;0;0;0;0;0;0;0;0;0;0;
1500005;;1;5600;0;10;0;15000800;-1;0;0;0;1;1;1;1;1;1;0;0;0;0;0;0;0;0;0;0;1;1;1;0;0;1;1;1;0;0;80;0;0;0;0;0;0;0;6000;6000;0;0;0;0;0;0;0;0;0;6000;0;0;0;0;0;0;15000800;0;0;0;0;0;0;0;0;0;0;0;0;0;0;0;0;
1500010;;1;5400;0;10;15000850;15000850;-1;0;0;0;0;0;0;1;1;1;0;0;0;0;0;0;0;0;0;0;1;1;1;0;0;1;1;1;0;0;80;0;15;0;0;175.95;431.75;297.9;0;0;0;0;0;0;0;0;0;0;0;0;0;0;0;0;0;0;0;0;0;0;0;0;0;0;0;0;0;0;0;0;0;0;0;
1500011;;1;5400;0;10;0;15000850;-1;0;0;0;1;1;1;1;1;1;0;0;0;0;0;0;0;0;0;0;1;1;1;1;0;1;1;1;0;0;80;0;15;0;0;-0.49;618.05;42.91;6000;6000;0;0;0;0;0;0;0;0;0;6000;0;0;0;0;0;0;15000850;0;0;0;0;0;0;0;0;0;0;0;0;0;0;0;71506;
1500012;;1;5400;0;10;0;15000850;-1;0;0;0;1;1;1;1;1;1;0;0;0;0;0;0;0;0;0;0;1;1;1;1;0;1;1;1;0;0;80;0;15;0;0;63.54;501.51;231.44;6000;6000;0;0;0;0;0;0;0;0;0;6000;0;0;0;0;0;0;15000850;0;0;0;0;0;0;0;0;0;0;0;0;0;0;0;71507;
1500090;;1;5600;0;10;0;15000800;-1;0;0;0;0;0;0;1;1;1;0;0;0;0;0;0;0;0;0;0;1;1;1;0;0;1;1;1;0;0;80;0;0;0;0;0;0;0;0;0;0;0;0;0;0;0;0;0;0;0;0;0;0;0;0;0;0;0;0;0;0;0;0;0;0;0;0;0;0;0;0;0;0;
1600000;;1;3600;0;10;16000800;16000800;-1;0;0;0;0;0;0;1;1;1;0;0;0;0;0;0;0;0;0;0;1;1;1;0;0;1;1;1;0;0;80;0;0;0;0;0;0;0;0;0;0;0;0;0;0;0;0;0;0;0;0;0;0;0;0;0;0;0;0;0;0;0;0;0;0;0;0;0;0;0;0;0;0;
1600001;;1;3600;0;10;0;16000800;-1;0;0;0;1;1;1;1;1;1;0;0;0;0;0;0;0;0;0;0;1;1;1;0;0;1;1;1;0;0;80;0;0;0;0;0;0;0;6000;6000;0;0;0;0;0;0;0;0;0;6000;0;0;0;0;0;0;16000800;0;0;0;0;0;0;0;0;0;0;0;0;0;0;0;0;
1600002;;1;3600;0;10;0;16000800;-1;0;0;0;1;1;1;1;1;1;0;0;0;0;0;0;0;0;0;0;1;1;1;0;0;1;1;1;0;0;80;0;0;0;0;0;0;0;6000;6000;0;0;0;0;0;0;0;0;0;6000;0;0;0;0;0;0;16000800;0;0;0;0;0;0;0;0;0;0;0;0;0;0;0;0;
1600003;;1;3600;0;10;0;16000800;-1;0;0;0;1;1;1;1;1;1;0;0;0;0;0;0;0;0;0;0;1;1;1;0;0;1;1;1;0;0;80;0;0;0;0;0;0;0;6000;6000;0;0;0;0;0;0;0;0;0;6000;0;0;0;0;0;0;16000800;0;0;0;0;0;0;0;0;0;0;0;0;0;0;0;0;
1600004;;1;3600;0;10;0;16000850;-1;0;0;0;0;0;0;1;1;1;0;0;0;0;0;0;0;0;0;0;1;1;1;0;0;1;1;1;0;0;80;0;0;0;0;0;0;0;0;0;0;0;0;0;0;0;0;0;0;0;0;0;0;0;0;0;0;0;0;0;0;0;0;0;0;0;0;0;0;0;0;0;0;
1600005;;1;3600;0;10;0;16000850;-1;0;0;0;0;0;0;1;1;1;0;0;0;0;0;0;0;0;0;0;1;1;1;0;0;1;1;1;0;0;80;0;0;0;0;0;0;0;0;0;0;0;0;0;0;0;0;0;0;0;0;0;0;0;0;0;0;0;0;0;0;0;0;0;0;0;0;0;0;0;0;0;0;
1600006;;1;3600;0;10;0;16000800;-1;0;0;0;1;1;1;1;1;1;0;0;0;0;0;0;0;0;0;0;1;1;1;1;0;1;1;1;0;0;80;0;16;0;0;98.2;-432.87;-11.75;6000;6000;0;0;0;0;0;0;0;0;0;6000;0;0;0;0;0;0;16000800;0;0;0;0;0;0;0;0;0;0;0;0;0;0;0;71605;
1600010;;1;3600;0;10;16000850;16000850;-1;0;0;0;0;0;0;1;1;1;0;0;0;0;0;0;0;0;0;0;1;1;1;1;0;1;1;1;0;0;80;0;16;0;0;54.92;6.84;-207.91;0;0;0;0;0;0;0;0;0;0;0;0;0;0;0;0;0;0;0;0;0;0;0;0;0;0;0;0;0;0;0;0;0;0;71601;
1600011;;1;3600;0;10;0;16000850;-1;0;0;0;0;0;0;1;1;1;0;0;0;0;0;0;0;0;0;0;1;1;1;0;0;1;1;1;0;0;80;0;0;0;0;0;0;0;0;0;0;0;0;0;0;0;0;0;0;0;0;0;0;0;0;0;0;0;0;0;0;0;0;0;0;0;0;0;0;0;0;0;0;
1600012;;1;3600;0;10;0;16000850;-1;0;0;0;0;0;0;1;1;1;0;0;0;0;0;0;0;0;0;0;1;1;1;0;0;1;1;1;0;0;80;0;0;0;0;0;0;0;0;0;0;0;0;0;0;0;0;0;0;0;0;0;0;0;0;0;0;0;0;0;0;0;0;0;0;0;0;0;0;0;0;0;0;
1600013;;1;3600;0;10;0;16000850;-1;0;0;0;0;0;0;1;1;1;0;0;0;0;0;0;0;0;0;0;1;1;1;0;0;1;1;1;0;0;80;0;0;0;0;0;0;0;0;0;0;0;0;0;0;0;0;0;0;0;0;0;0;0;0;0;0;0;0;0;0;0;0;0;0;0;0;0;0;0;0;0;0;
1600014;;1;3600;0;10;0;16000850;-1;0;0;0;1;1;1;1;1;1;0;0;0;0;0;0;0;0;0;0;1;1;1;1;0;1;1;1;0;0;80;0;16;0;0;-62.98;-9.21;-113.62;6000;6000;0;0;0;0;0;0;0;0;0;6000;0;0;0;0;0;0;16000850;0;0;0;0;0;0;0;0;0;0;0;0;0;0;0;71603;
1600015;;1;3600;0;10;0;16000850;-1;0;0;0;1;1;1;1;1;1;0;0;0;0;0;0;0;0;0;0;1;1;1;0;0;1;1;1;0;0;80;0;0;0;0;0;0;0;6000;6000;0;0;0;0;0;0;0;0;0;6000;0;0;0;0;0;0;16000850;0;0;0;0;0;0;0;0;0;0;0;0;0;0;0;0;
1600016;;1;3600;0;10;0;16000850;-1;0;0;0;1;1;1;1;1;1;0;0;0;0;0;0;0;0;0;0;1;1;1;1;0;1;1;1;0;0;80;0;16;0;0;-131.45;-43.6;-213.28;6000;6000;0;0;0;0;0;0;0;0;0;6000;0;0;0;0;0;0;16000850;0;0;0;0;0;0;0;0;0;0;0;0;0;0;0;71604;
1600017;;1;3600;0;10;0;16000850;-1;0;0;0;1;1;1;1;1;1;0;0;0;0;0;0;0;0;0;0;1;1;1;0;0;1;1;1;0;0;80;0;0;0;0;0;0;0;6000;6000;0;0;0;0;0;0;0;0;0;6000;0;0;0;0;0;0;16000850;0;0;0;0;0;0;0;0;0;0;0;0;0;0;0;0;
1600020;;1;3600;0;10;16000860;16000860;-1;0;0;0;0;0;0;1;1;1;0;0;0;0;0;0;0;0;0;0;1;1;1;0;0;1;1;1;0;0;80;0;0;0;0;0;0;0;0;0;0;0;0;0;0;0;0;0;0;0;0;0;0;0;0;0;0;0;0;0;0;0;0;0;0;0;0;0;0;0;0;0;0;
1600021;;1;3600;0;10;0;16000860;-1;0;0;0;1;1;1;1;1;1;0;0;0;0;0;0;0;0;0;0;1;1;1;0;0;1;1;1;0;0;80;0;0;0;0;0;0;0;6000;6000;0;0;0;0;0;0;0;0;0;6000;0;0;0;0;0;0;16000860;0;0;0;0;0;0;0;0;0;0;0;0;0;0;0;0;
1600022;;1;3600;0;10;0;16000860;-1;0;0;0;1;1;1;1;1;1;0;0;0;0;0;0;0;0;0;0;1;1;1;1;0;1;1;1;0;0;80;0;16;0;0;163.033;-106.969;-149.041;6000;6000;0;0;0;0;0;0;0;0;0;6000;0;0;0;0;0;0;16000860;0;0;0;0;0;0;0;0;0;0;0;0;0;0;0;71607;
1600023;;1;3600;0;10;0;16000860;-1;0;0;0;1;1;1;1;1;1;0;0;0;0;0;0;0;0;0;0;1;1;1;0;0;1;1;1;0;0;80;0;0;0;0;0;0;0;6000;6000;0;0;0;0;0;0;0;0;0;6000;0;0;0;0;0;0;16000860;0;0;0;0;0;0;0;0;0;0;0;0;0;0;0;0;
1600024;;1;3600;0;10;0;16000860;-1;0;0;0;0;0;0;1;1;1;0;0;0;0;0;0;0;0;0;0;1;1;1;0;0;1;1;1;0;0;80;0;0;0;0;0;0;0;0;0;0;0;0;0;0;0;0;0;0;0;0;0;0;0;0;0;0;0;0;0;0;0;0;0;0;0;0;0;0;0;0;0;0;
1600025;;1;3600;16000514;10;0;16000800;-1;0;0;0;0;1;1;1;1;1;0;0;0;0;0;0;0;0;0;0;1;1;1;0;0;1;1;1;0;0;80;0;0;0;0;0;0;0;16000514;6000;0;0;0;0;0;0;0;0;0;6000;0;0;0;0;0;0;16000800;0;0;0;0;0;0;0;0;0;0;0;0;0;0;0;0;
1800000;;1;1000;0;10;18000800;18000800;-1;0;0;0;0;0;0;1;1;1;0;0;0;0;0;0;0;0;0;0;1;1;1;0;0;1;1;1;0;0;80;0;0;0;0;0;0;0;0;0;0;0;0;0;0;0;0;0;0;0;0;0;0;0;0;0;0;0;0;0;0;0;0;0;0;0;0;0;0;0;0;0;0;
1800001;;0;1000;18000570;10;0;18000800;-1;0;0;0;0;1;1;1;1;1;0;0;0;0;0;0;0;0;0;0;1;1;1;1;0;1;1;1;0;0;80;0;18;0;0;-115.7;13.87;12.14;18000570;6000;0;0;0;0;0;0;0;0;0;6000;0;0;0;0;0;0;18000800;0;0;0;0;0;0;0;0;0;0;0;0;0;0;0;71801;
1800002;;0;1000;18000570;10;0;18000800;-1;0;0;0;0;1;1;1;1;1;0;0;0;0;0;0;0;0;0;0;1;1;1;0;0;1;1;1;0;0;80;0;0;0;0;0;0;0;18000570;6000;0;0;0;0;0;0;0;0;0;6000;0;0;0;0;0;0;18000800;0;0;0;0;0;0;0;0;0;0;0;0;0;0;0;0;
1800010;;1;1000;0;10;18000850;18000850;-1;0;0;0;0;0;0;1;1;1;0;0;0;0;0;0;0;0;0;0;1;1;1;0;0;1;1;1;0;0;80;0;0;0;0;0;0;0;0;0;0;0;0;0;0;0;0;0;0;0;0;0;0;0;0;0;0;0;0;0;0;0;0;0;0;0;0;0;0;0;0;0;0;
1800090;;0;1000;0;10;0;0;-1;0;0;0;0;0;0;1;1;1;0;0;0;0;0;0;0;0;0;0;1;1;1;0;0;1;1;1;0;0;80;0;0;0;0;0;0;0;0;0;0;0;0;0;0;0;0;0;0;0;0;0;0;0;0;0;18000800;0;0;0;0;0;0;0;0;0;0;0;0;0;0;0;0;
1900000;;1;7800;0;10;19000800;19000800;-1;0;0;0;0;0;0;1;1;1;0;0;0;0;0;0;0;0;0;0;1;1;1;0;0;1;1;1;0;0;80;0;0;0;0;0;0;0;0;0;0;0;0;0;0;0;0;0;0;0;0;0;0;0;0;0;0;0;0;0;0;0;0;0;0;0;0;0;0;0;0;0;0;
1900001;;1;7800;0;10;0;19000800;-1;0;0;0;1;1;1;1;1;1;0;0;0;0;0;0;0;0;0;0;1;1;1;0;0;1;1;1;0;0;80;0;19;0;0;181.1;102.35;-607.06;6000;6000;0;0;0;0;0;0;0;0;0;6000;0;0;0;0;0;0;19000800;0;0;0;0;0;0;0;0;0;0;0;0;0;0;0;71900;
3000000;;1;1200;0;10;30000800;30000800;-1;0;0;0;0;0;0;1;1;1;0;0;0;0;0;0;0;0;0;0;1;1;1;0;0;1;1;1;0;6000;80;0;0;0;0;0;0;0;0;0;0;0;0;0;0;0;0;0;0;0;0;0;0;0;0;0;0;0;0;0;0;0;0;0;0;0;0;0;0;0;0;0;0;
3000001;;1;1200;0;10;0;30000800;-1;0;0;0;1;1;1;1;1;1;0;0;0;0;0;0;0;0;0;0;1;1;1;1;0;1;1;1;0;6000;80;0;30;0;0;-95.662;66.13;107.314;6000;6000;0;0;0;0;0;0;0;0;0;6000;0;0;0;0;0;0;30000800;0;0;0;0;0;0;0;0;0;0;0;0;0;0;0;73000;
3001000;;1;1200;0;10;30010800;30010800;-1;0;0;1;0;0;0;1;1;1;0;0;0;0;0;0;0;0;0;0;1;1;1;0;0;1;1;1;0;6000;80;0;0;0;0;0;0;0;0;0;0;0;0;0;0;0;0;0;0;0;0;0;0;0;0;0;0;0;0;0;0;0;0;0;0;0;0;0;0;0;0;0;0;
3001001;;1;1200;0;10;0;30010800;-1;0;0;1;1;1;1;1;1;1;0;0;0;0;0;0;0;0;0;0;1;1;1;1;0;1;1;1;0;6000;80;0;30;1;0;-26.735;50.307;-50.343;6000;6000;0;0;0;0;0;0;0;0;0;6000;0;0;0;0;0;0;30010800;0;0;0;0;0;0;0;0;0;0;0;0;0;0;0;73001;
3002000;;0;1000;0;10;30020800;30020800;-1;0;0;0;0;0;0;1;1;1;0;0;0;0;0;0;0;0;0;0;1;1;1;0;0;1;1;1;0;0;80;0;0;0;0;0;0;0;0;0;0;0;0;0;0;0;0;0;0;0;0;0;0;0;0;0;0;0;0;0;0;0;0;0;0;0;0;0;0;0;0;0;0;
3002001;;0;1000;0;10;0;30020800;-1;0;0;0;1;1;1;1;1;1;0;0;0;0;0;0;0;0;0;0;1;1;1;1;0;1;1;1;0;0;80;0;30;2;0;42.644;144.915;-11.158;6000;6000;0;30020800;0;0;0;0;0;0;0;6000;0;0;0;0;0;0;30020800;0;0;0;0;0;0;0;0;0;0;0;0;0;0;0;73002;
3003000;;1;2000;0;10;30030800;30030800;-1;0;0;0;0;0;0;1;1;1;0;0;0;0;0;0;0;0;0;0;1;1;1;0;0;1;1;1;0;0;80;0;0;0;0;0;0;0;0;0;0;0;0;0;0;0;0;0;0;0;0;0;0;0;0;0;0;0;0;0;0;0;0;0;0;0;0;0;0;0;0;0;0;
3003001;;1;2000;0;10;0;30030800;-1;0;0;0;1;1;1;1;1;1;0;0;0;0;0;0;0;0;0;0;1;1;1;1;0;1;1;1;0;0;80;0;30;3;0;-9.41;223.82;-24.05;6000;6000;0;30030800;0;0;0;0;0;0;0;6000;0;0;0;0;0;0;30030800;0;0;0;0;0;0;0;0;0;0;0;0;0;0;0;73003;
3004000;;0;1000;0;10;30040800;30040800;-1;0;0;0;0;0;0;1;1;1;0;0;0;0;0;0;0;0;0;0;1;1;1;0;0;1;1;1;0;0;80;0;0;0;0;0;0;0;0;0;0;0;0;0;0;0;0;0;0;0;0;0;0;0;0;0;0;0;0;0;0;0;0;0;0;0;0;0;0;0;0;0;0;
3004001;;0;1000;0;10;0;30040800;-1;0;0;0;1;1;1;1;1;1;0;0;0;0;0;0;0;0;0;0;1;1;1;1;0;1;1;1;0;0;80;0;30;4;0;89.228;66.35;64.978;6000;6000;0;30040800;0;0;0;0;0;0;0;6000;0;0;0;0;0;0;30040800;0;0;0;0;0;0;0;0;0;0;0;0;0;0;0;73004;
3005000;;1;2000;0;10;30050800;30050800;-1;0;0;0;0;0;0;1;1;1;0;0;0;0;0;0;0;0;0;0;1;1;1;1;0;1;1;1;0;0;80;0;0;0;0;0;0;0;0;0;0;30050800;0;0;0;0;0;0;0;0;0;0;0;0;0;0;0;0;0;0;0;0;0;0;0;0;0;0;0;0;0;0;0;
3005001;;1;2000;0;10;0;30050800;-1;0;0;1;1;1;1;1;1;1;0;0;0;0;0;0;0;0;0;0;1;1;1;1;0;1;1;1;0;0;80;0;30;5;0;-73.18;426.51;111.21;6000;30050880;0;30050800;0;0;0;0;0;0;0;6000;0;0;0;0;0;0;30050800;30050850;0;0;0;0;0;0;0;0;0;0;0;0;0;0;73005;
3005010;;1;2000;0;10;30050850;30050800;-1;0;0;1;0;0;0;1;1;1;0;0;0;0;0;0;0;0;0;0;1;1;1;1;0;1;1;1;0;0;80;0;0;0;0;0;0;0;0;0;0;30050800;0;0;0;0;0;0;0;0;0;0;0;0;0;0;0;0;0;0;0;0;0;0;0;0;0;0;0;0;0;0;0;
3006000;;1;2000;0;10;30060800;30060800;-1;0;0;1;0;0;0;1;1;1;0;0;0;0;0;0;0;0;0;0;1;1;1;1;0;1;1;1;0;0;80;0;0;0;0;0;0;0;0;0;0;0;0;0;0;0;0;0;0;0;0;0;0;0;0;0;0;0;0;0;0;0;0;0;0;0;0;0;0;0;0;0;0;
3006001;;1;2000;0;10;0;30060800;-1;0;0;1;1;1;1;1;1;1;0;0;0;0;0;0;0;0;0;0;1;1;1;1;0;1;1;1;0;0;80;0;30;6;0;75.46;239.75;69.66;6000;6000;0;30050800;0;0;0;0;0;0;0;6000;0;0;0;0;0;0;30060800;0;0;0;0;0;0;0;0;0;0;0;0;0;0;0;73006;
3007000;;1;3200;0;10;30070800;30070800;-1;0;0;1;0;0;0;1;1;1;0;0;0;0;0;0;0;0;0;0;1;1;1;0;0;1;1;1;0;0;80;0;0;0;0;0;0;0;0;0;0;0;0;0;0;0;0;0;0;0;0;0;0;0;0;0;0;0;0;0;0;0;0;0;0;0;0;0;0;0;0;0;0;
3007001;;1;3200;0;10;0;30070800;-1;0;0;1;1;1;1;1;1;1;0;0;0;0;0;0;0;0;0;0;1;1;1;1;0;1;1;1;0;0;80;0;30;7;0;-127.08;835.81;121.83;6000;6000;0;30060800;0;0;0;0;0;0;0;6000;0;0;0;0;0;0;30070800;0;0;0;0;0;0;0;0;0;0;0;0;0;0;0;73007;
3008000;;1;3000;0;10;30080800;30080800;-1;0;0;1;0;0;0;1;1;1;0;0;0;0;0;0;0;0;0;0;1;1;1;0;0;1;1;1;0;0;80;0;0;0;0;0;0;0;0;0;0;0;0;0;0;0;0;0;0;0;0;0;0;0;0;0;0;0;0;0;0;0;0;0;0;0;0;0;0;0;0;0;0;
3008001;;1;3000;0;10;0;30080800;-1;0;0;1;1;1;1;1;1;1;0;0;0;0;0;0;0;0;0;0;1;1;1;1;0;1;1;1;0;0;80;0;30;8;0;47.06;884.02;8.12;6000;6000;0;30080800;0;0;0;0;0;0;0;6000;0;0;0;0;0;0;30080800;0;0;0;0;0;0;0;0;0;0;0;0;0;0;0;73008;
3008002;;1;3000;0;10;0;30080800;-1;0;0;1;1;1;1;1;1;1;0;0;0;0;0;0;0;0;0;0;1;1;1;0;0;1;1;1;0;0;80;0;0;0;0;0;0;0;6000;6000;0;0;0;0;0;0;0;0;0;6000;0;0;0;0;0;0;30080800;0;0;0;0;0;0;0;0;0;0;0;0;0;0;0;0;
3008003;;1;3000;0;10;0;30080800;-1;0;0;1;1;1;1;1;1;1;0;0;0;0;0;0;0;0;0;0;1;1;1;0;0;1;1;1;0;0;80;0;0;0;0;0;0;0;6000;6000;0;0;0;0;0;0;0;0;0;6000;0;0;0;0;0;0;30080800;0;0;0;0;0;0;0;0;0;0;0;0;0;0;0;0;
3009000;;1;3200;0;10;30090800;30090800;-1;0;0;1;0;0;0;1;1;1;0;0;0;0;0;0;0;0;0;0;1;1;1;0;0;1;1;1;0;0;80;0;0;0;0;0;0;0;0;0;0;0;0;0;0;0;0;0;0;0;0;0;0;0;0;0;0;0;0;0;0;0;0;0;0;0;0;0;0;0;0;0;0;
3009001;;1;3200;0;10;0;30090800;-1;0;0;1;1;1;1;1;1;1;0;0;0;0;0;0;0;0;0;0;1;1;1;1;0;1;1;1;0;0;80;0;30;9;0;104.56;902.59;15.69;6000;6000;0;30090800;0;0;0;0;0;0;0;6000;0;0;0;0;0;0;30090800;0;0;0;0;0;0;0;0;0;0;0;0;0;0;0;73009;
3009002;;1;3200;0;10;0;30090800;-1;0;0;1;1;1;1;1;1;1;0;0;0;0;0;0;0;0;0;0;1;1;1;0;0;1;1;1;0;0;80;0;0;0;0;0;0;0;6000;6000;0;0;0;0;0;0;0;0;0;6000;0;0;0;0;0;0;30090800;0;0;0;0;0;0;0;0;0;0;0;0;0;0;0;0;
3009003;;1;3200;0;10;0;30090800;-1;0;0;1;1;1;1;1;1;1;0;0;0;0;0;0;0;0;0;0;1;1;1;0;0;1;1;1;0;0;80;0;0;0;0;0;0;0;6000;6000;0;0;0;0;0;0;0;0;0;6000;0;0;0;0;0;0;30090800;0;0;0;0;0;0;0;0;0;0;0;0;0;0;0;0;
3009004;;1;3200;0;10;0;30090800;-1;0;0;1;1;1;1;1;1;1;0;0;0;0;0;0;0;0;0;0;1;1;1;0;0;1;1;1;0;0;80;0;0;0;0;0;0;0;6000;6000;0;0;0;0;0;0;0;0;0;6000;0;0;0;0;0;0;30090800;0;0;0;0;0;0;0;0;0;0;0;0;0;0;0;0;
3010000;;1;3300;0;10;30100800;30100800;-1;0;0;1;0;0;0;1;1;1;0;0;0;0;0;0;0;0;0;0;1;1;1;0;0;1;1;1;0;0;80;0;0;0;0;0;0;0;0;0;0;0;0;0;0;0;0;0;0;0;0;0;0;0;0;0;0;0;0;0;0;0;0;0;0;0;0;0;0;0;0;0;0;
3010001;;1;3300;0;10;0;30100800;-1;0;0;1;1;1;1;1;1;1;0;0;0;0;0;0;0;0;0;0;1;1;1;1;0;1;1;1;0;0;80;0;30;10;0;62.54;952.82;137.72;6000;6000;0;30100800;0;0;0;0;0;0;0;6000;0;0;0;0;0;0;30100800;0;0;0;0;0;0;0;0;0;0;0;0;0;0;0;73010;
3010002;;1;3300;0;10;0;30100800;-1;0;0;1;1;1;1;1;1;1;0;0;0;0;0;0;0;0;0;0;1;1;1;0;0;1;1;1;0;0;80;0;0;0;0;0;0;0;6000;6000;0;0;0;0;0;0;0;0;0;6000;0;0;0;0;0;0;30100800;0;0;0;0;0;0;0;0;0;0;0;0;0;0;0;0;
3010003;;1;3300;0;10;0;30100800;-1;0;0;1;1;1;1;1;1;1;0;0;0;0;0;0;0;0;0;0;1;1;1;0;0;1;1;1;0;0;80;0;0;0;0;0;0;0;6000;6000;0;0;0;0;0;0;0;0;0;6000;0;0;0;0;0;0;30100800;0;0;0;0;0;0;0;0;0;0;0;0;0;0;0;0;
3011000;;1;1000;0;10;30110800;30110800;-1;0;0;1;0;0;0;1;1;1;0;0;0;0;0;0;0;0;0;0;1;1;1;0;0;1;1;1;0;0;80;0;0;0;0;0;0;0;0;0;0;0;0;0;0;0;0;0;0;0;0;0;0;0;0;0;0;0;0;0;0;0;0;0;0;0;0;0;0;0;0;0;0;
3011001;;1;1000;0;10;0;30110800;-1;0;0;1;1;1;1;1;1;1;0;0;0;0;0;0;0;0;0;0;1;1;1;1;0;1;1;1;0;0;80;0;30;11;0;-86.12;192.79;30.18;6000;6000;0;30110800;0;0;0;0;0;0;0;6000;0;0;0;0;0;0;30110800;0;0;0;0;0;0;0;0;0;0;0;0;0;0;0;73011;
3012000;;1;3200;0;10;30120800;30120800;-1;0;0;1;0;0;0;1;1;1;0;0;0;0;0;0;0;0;0;0;1;1;1;0;0;1;1;1;0;0;80;0;0;0;0;0;0;0;0;0;0;0;0;0;0;0;0;0;0;0;0;0;0;0;0;0;0;0;0;0;0;0;0;0;0;0;0;0;0;0;0;0;0;
3012001;;1;3200;0;10;0;30120800;-1;0;0;1;1;1;1;1;1;1;0;0;0;0;0;0;0;0;0;0;1;1;1;1;0;1;1;1;0;0;80;0;30;12;0;-39.03;653.62;105.44;6000;6000;0;30120800;0;0;0;0;0;0;0;6000;0;0;0;0;0;0;30120800;0;0;0;0;0;0;0;0;0;0;0;0;0;0;0;73012;
3013000;;1;3300;0;10;30130800;30130800;-1;0;0;1;0;0;0;1;1;1;0;0;0;0;0;0;0;0;0;0;1;1;1;0;0;1;1;1;0;0;80;0;0;0;0;0;0;0;0;0;0;0;0;0;0;0;0;0;0;0;0;0;0;0;0;0;0;0;0;0;0;0;0;0;0;0;0;0;0;0;0;0;0;
3013001;;1;3300;0;10;0;30130800;-1;0;0;1;1;1;1;1;1;1;0;0;0;0;0;0;0;0;0;0;1;1;1;0;0;1;1;1;0;0;80;0;0;0;0;0;0;0;6000;6000;0;0;0;0;0;0;0;0;0;6000;0;0;0;0;0;0;30130800;0;0;0;0;0;0;0;0;0;0;0;0;0;0;0;0;
3013090;;1;0;0;10;30130800;30130800;-1;0;0;0;0;0;0;1;1;1;0;0;0;0;0;0;0;0;0;0;1;1;1;0;0;1;1;1;0;0;80;0;0;0;0;0;0;0;0;0;0;0;0;0;0;0;0;0;0;0;0;0;0;0;0;0;0;0;0;0;0;0;0;0;0;0;0;0;0;0;0;0;0;
3013091;;1;3300;0;10;0;30130800;-1;0;0;0;0;0;0;1;1;1;0;0;0;0;0;0;0;0;0;0;1;1;1;0;0;1;1;1;0;0;80;0;0;0;0;0;0;0;0;0;0;30130800;0;0;0;0;0;0;0;0;0;0;0;0;0;0;0;0;0;0;0;0;0;0;0;0;0;0;0;0;0;0;0;
3014000;;1;4000;0;10;30140800;30140800;-1;0;0;1;0;0;0;1;1;1;0;0;0;0;0;0;0;0;0;0;1;1;1;0;0;1;1;1;0;0;80;0;0;0;0;0;0;0;0;0;0;0;0;0;0;0;0;0;0;0;0;0;0;0;0;0;0;0;0;0;0;0;0;0;0;0;0;0;0;0;0;0;0;
3014001;;1;4000;0;10;0;30140800;-1;0;0;1;1;1;1;1;1;1;0;0;0;0;0;0;0;0;0;0;1;1;1;1;0;1;1;1;0;0;80;0;30;14;0;-54.48;123.36;67.589;6000;6000;0;30130800;0;0;0;0;0;0;0;6000;0;0;0;0;0;0;30140800;0;0;0;0;0;0;0;0;0;0;0;0;0;0;0;73014;
3015000;;1;4000;0;10;30150800;30150800;-1;0;0;1;0;0;0;1;1;1;0;0;0;0;0;0;0;0;0;0;1;1;1;0;0;1;1;1;0;0;80;0;0;0;0;0;0;0;0;0;0;0;0;0;0;0;0;0;0;0;0;0;0;0;0;0;0;0;0;0;0;0;0;0;0;0;0;0;0;0;0;0;0;
3015001;;1;4000;0;10;0;30150800;-1;0;0;1;1;1;1;1;1;1;0;0;0;0;0;0;0;0;0;0;1;1;1;1;0;1;1;1;0;0;80;0;30;15;0;90.19;54.51;69.13;6000;6000;0;30130800;0;0;0;0;0;0;0;6000;0;0;0;0;0;0;30150800;0;0;0;0;0;0;0;0;0;0;0;0;0;0;0;73015;
3016000;;1;4200;0;10;30160800;30160800;-1;0;0;1;0;0;0;1;1;1;0;0;0;0;0;0;0;0;0;0;1;1;1;0;0;1;1;1;0;0;80;0;0;0;0;0;0;0;0;0;0;0;0;0;0;0;0;0;0;0;0;0;0;0;0;0;0;0;0;0;0;0;0;0;0;0;0;0;0;0;0;0;0;
3016001;;1;4200;0;10;0;30160800;-1;0;0;1;1;1;1;1;1;1;0;0;0;0;0;0;0;0;0;0;1;1;1;1;0;1;1;1;0;0;80;0;30;16;0;37.72;5.19;-134.68;6000;6000;0;30130800;0;0;0;0;0;0;0;6000;0;0;0;0;0;0;30160800;0;0;0;0;0;0;0;0;0;0;0;0;0;0;0;73016;
3016002;;1;4200;0;10;0;30160800;-1;0;0;1;1;1;1;1;1;1;0;0;0;0;0;0;0;0;0;0;1;1;1;0;0;1;1;1;0;0;80;0;0;0;0;0;0;0;6000;6000;0;0;0;0;0;0;0;0;0;6000;0;0;0;0;0;0;30160800;0;0;0;0;0;0;0;0;0;0;0;0;0;0;0;0;
3016003;;1;4200;0;10;0;30160800;-1;0;0;1;1;1;1;1;1;1;0;0;0;0;0;0;0;0;0;0;1;1;1;0;0;1;1;1;0;0;80;0;0;0;0;0;0;0;6000;6000;0;0;0;0;0;0;0;0;0;6000;0;0;0;0;0;0;30160800;0;0;0;0;0;0;0;0;0;0;0;0;0;0;0;0;
3017000;;1;5000;0;10;30170800;30170800;-1;0;0;1;0;0;0;1;1;1;0;0;0;0;0;0;0;0;0;0;1;1;1;0;0;1;1;1;0;0;80;0;0;0;0;0;0;0;0;0;0;0;0;0;0;0;0;0;0;0;0;0;0;0;0;0;0;0;0;0;0;0;0;0;0;0;0;0;0;0;0;0;0;
3017001;;1;5000;0;10;0;30170800;-1;0;0;1;1;1;1;1;1;1;0;0;0;0;0;0;0;0;0;0;1;1;1;1;0;1;1;1;0;0;80;0;30;17;0;-118.56;1511.76;120.04;6000;6000;0;30090800;0;0;0;0;0;0;0;6000;0;0;0;0;0;0;30170800;0;0;0;0;0;0;0;0;0;0;0;0;0;0;0;73017;
3017002;;1;5000;0;10;0;30170800;-1;0;0;1;1;1;1;1;1;1;0;0;0;0;0;0;0;0;0;0;1;1;1;0;0;1;1;1;0;0;80;0;0;0;0;0;0;0;6000;6000;0;0;0;0;0;0;0;0;0;6000;0;0;0;0;0;0;30170800;0;0;0;0;0;0;0;0;0;0;0;0;0;0;0;0;
3017003;;1;5000;0;10;0;30170800;-1;0;0;1;1;1;1;1;1;1;0;0;0;0;0;0;0;0;0;0;1;1;1;0;0;1;1;1;0;0;80;0;0;0;0;0;0;0;6000;6000;0;0;0;0;0;0;0;0;0;6000;0;0;0;0;0;0;30170800;0;0;0;0;0;0;0;0;0;0;0;0;0;0;0;0;
3017004;;1;5000;0;10;0;30170800;-1;0;0;1;1;1;1;1;1;1;0;0;0;0;0;0;0;0;0;0;1;1;1;0;0;1;1;1;0;0;80;0;0;0;0;0;0;0;6000;6000;0;0;0;0;0;0;0;0;0;6000;0;0;0;0;0;0;30170800;0;0;0;0;0;0;0;0;0;0;0;0;0;0;0;0;
3017005;;1;5000;0;10;0;30170800;-1;0;0;1;1;1;1;1;1;1;0;0;0;0;0;0;0;0;0;0;1;1;1;0;0;1;1;1;0;0;80;0;0;0;0;0;0;0;6000;6000;0;0;0;0;0;0;0;0;0;6000;0;0;0;0;0;0;30170800;0;0;0;0;0;0;0;0;0;0;0;0;0;0;0;0;
3018000;;1;5000;0;10;30180800;30180800;-1;0;0;1;0;0;0;1;1;1;0;0;0;0;0;0;0;0;0;0;1;1;1;0;0;1;1;1;0;0;80;0;0;0;0;0;0;0;0;0;0;0;0;0;0;0;0;0;0;0;0;0;0;0;0;0;0;0;0;0;0;0;0;0;0;0;0;0;0;0;0;0;0;
3018001;;1;5000;0;10;0;30180800;-1;0;0;1;1;1;1;1;1;1;0;0;0;0;0;0;0;0;0;0;1;1;1;1;0;1;1;1;0;0;80;0;30;18;0;26.16;1577.71;109.34;6000;6000;0;30090800;0;0;0;0;0;0;0;6000;0;0;0;0;0;0;30180800;0;0;0;0;0;0;0;0;0;0;0;0;0;0;0;73018;
3018002;;1;5000;0;10;0;30180800;-1;0;0;1;1;1;1;1;1;1;0;0;0;0;0;0;0;0;0;0;1;1;1;0;0;1;1;1;0;0;80;0;0;0;0;0;0;0;6000;6000;0;0;0;0;0;0;0;0;0;6000;0;0;0;0;0;0;30180800;0;0;0;0;0;0;0;0;0;0;0;0;0;0;0;0;
3018003;;1;5000;0;10;0;30180800;-1;0;0;1;1;1;1;1;1;1;0;0;0;0;0;0;0;0;0;0;1;1;1;0;0;1;1;1;0;0;80;0;0;0;0;0;0;0;6000;6000;0;0;0;0;0;0;0;0;0;6000;0;0;0;0;0;0;30180800;0;0;0;0;0;0;0;0;0;0;0;0;0;0;0;0;
3018004;;1;5000;0;10;0;30180800;-1;0;0;1;1;1;1;1;1;1;0;0;0;0;0;0;0;0;0;0;1;1;1;0;0;1;1;1;0;0;80;0;0;0;0;0;0;0;6000;6000;0;0;0;0;0;0;0;0;0;6000;0;0;0;0;0;0;30180800;0;0;0;0;0;0;0;0;0;0;0;0;0;0;0;0;
3019000;;1;5200;0;10;30190800;30190800;-1;0;0;1;0;0;0;1;1;1;0;0;0;0;0;0;0;0;0;0;1;1;1;0;0;1;1;1;0;0;80;0;0;0;0;0;0;0;0;0;0;0;0;0;0;0;0;0;0;0;0;0;0;0;0;0;0;0;0;0;0;0;0;0;0;0;0;0;0;0;0;0;0;
3019001;;1;5200;0;10;0;30190800;-1;0;0;1;1;1;1;1;1;1;0;0;0;0;0;0;0;0;0;0;1;1;1;1;0;1;1;1;0;0;80;0;30;19;0;-69.57;1360.01;-86.39;6000;6000;0;30090800;0;0;0;0;0;0;0;6000;0;0;0;0;0;0;30190800;0;0;0;0;0;0;0;0;0;0;0;0;0;0;0;73019;
3020000;;1;5200;0;10;30200800;30200800;-1;0;0;1;0;0;0;1;1;1;0;0;0;0;0;0;0;0;0;0;1;1;1;0;0;1;1;1;0;0;80;0;0;0;0;0;0;0;0;0;0;0;0;0;0;0;0;0;0;0;0;0;0;0;0;0;0;0;0;0;0;0;0;0;0;0;0;0;0;0;0;0;0;
3020001;;1;5200;0;10;0;30200800;-1;0;0;1;1;1;1;1;1;1;0;0;0;0;0;0;0;0;0;0;1;1;1;1;0;1;1;1;0;0;80;0;30;20;0;-105.12;1338.62;-122.7;6000;6000;0;30130800;0;0;0;0;0;0;0;6000;0;0;0;0;0;0;30200800;0;0;0;0;0;0;0;0;0;0;0;0;0;0;0;73020;
3020002;;1;5200;0;10;0;30200800;-1;0;0;1;1;1;1;1;1;1;0;0;0;0;0;0;0;0;0;0;1;1;1;0;0;1;1;1;0;0;80;0;0;0;0;0;0;0;6000;6000;0;0;0;0;0;0;0;0;0;6000;0;0;0;0;0;0;30200800;0;0;0;0;0;0;0;0;0;0;0;0;0;0;0;0;
3020003;;1;5200;0;10;0;30200800;-1;0;0;1;1;1;1;1;1;1;0;0;0;0;0;0;0;0;0;0;1;1;1;0;0;1;1;1;0;0;80;0;0;0;0;0;0;0;6000;6000;0;0;0;0;0;0;0;0;0;6000;0;0;0;0;0;0;30200800;0;0;0;0;0;0;0;0;0;0;0;0;0;0;0;0;
3020004;;1;5200;0;10;0;30200800;-1;0;0;1;1;1;1;1;1;1;0;0;0;0;0;0;0;0;0;0;1;1;1;0;0;1;1;1;0;0;80;0;0;0;0;0;0;0;6000;6000;0;0;0;0;0;0;0;0;0;6000;0;0;0;0;0;0;30200800;0;0;0;0;0;0;0;0;0;0;0;0;0;0;0;0;
3102000;;1;1200;0;10;31020800;31020800;-1;0;0;0;0;0;0;1;1;1;0;0;0;0;0;0;0;0;0;0;1;1;1;0;0;1;1;1;0;0;80;0;0;0;0;0;0;0;0;0;0;0;0;0;0;0;0;0;0;0;0;0;0;0;0;0;0;0;0;0;0;0;0;0;0;0;0;0;0;0;0;0;0;
3102001;;1;1200;0;10;0;31020800;-1;0;0;0;1;1;1;1;1;1;0;0;0;0;0;0;0;0;0;0;1;1;1;1;0;1;1;1;0;0;80;0;31;2;0;-114.11;6.66;31.25;6000;6000;0;31020800;0;0;0;0;0;0;0;6000;0;0;0;0;0;0;31020800;0;0;0;0;0;0;0;0;0;0;0;0;0;0;0;73102;
3101000;;1;1200;0;10;31010800;31010800;-1;0;0;1;0;0;0;1;1;1;0;0;0;0;0;0;0;0;0;0;1;1;1;0;0;1;1;1;0;0;80;0;0;0;0;0;0;0;0;0;0;0;0;0;0;0;0;0;0;0;0;0;0;0;0;0;0;0;0;0;0;0;0;0;0;0;0;0;0;0;0;0;0;
3101001;;1;1200;0;10;0;31010800;-1;0;0;1;1;1;1;1;1;1;0;0;0;0;0;0;0;0;0;0;1;1;1;1;0;1;1;1;0;0;80;0;31;1;0;-103.2;-1.15;-40.21;6000;6000;0;0;0;0;0;0;0;0;0;6000;0;0;0;0;0;0;31010800;0;0;0;0;0;0;0;0;0;0;0;0;0;0;0;73101;
3100000;;1;1000;0;10;31000845;31000800;-1;0;0;1;0;0;0;1;1;1;0;0;0;0;0;0;0;0;0;0;1;1;1;0;0;1;1;1;0;0;80;0;0;0;0;0;0;0;0;0;0;0;0;0;0;0;0;0;0;0;0;0;0;0;0;0;0;0;0;0;0;0;0;0;0;0;0;0;0;0;0;0;0;
3100001;;1;1000;3691;10;0;31000800;-1;0;0;1;1;1;1;1;1;1;0;0;0;0;0;0;0;0;0;0;1;1;1;1;0;1;1;1;0;0;80;0;31;0;0;75.24;62.93;61.08;6000;6000;0;0;0;0;0;0;0;0;0;6000;0;0;0;0;0;0;31000800;0;0;0;0;0;0;0;0;0;0;0;0;0;0;0;73100;
3103000;;0;1000;0;10;31030800;31030800;-1;0;0;0;0;0;0;1;1;1;0;0;0;0;0;0;0;0;0;0;1;1;1;0;0;1;1;1;0;0;80;0;0;0;0;0;0;0;0;0;0;0;0;0;0;0;0;0;0;0;0;0;0;0;0;0;0;0;0;0;0;0;0;0;0;0;0;0;0;0;0;0;0;
3103001;;0;1000;0;10;0;31030800;-1;0;0;0;1;1;1;1;1;1;0;0;0;0;0;0;0;0;0;0;1;1;1;1;0;1;1;1;0;0;80;0;31;3;0;-59.563;110.818;-11.039;6000;6000;0;31030800;0;0;0;0;0;0;0;6000;0;0;0;0;0;0;31030800;0;0;0;0;0;0;0;0;0;0;0;0;0;0;0;73103;
3115000;;0;1000;0;10;31150800;31150800;-1;0;0;0;0;0;0;1;1;1;0;0;0;0;0;0;0;0;0;0;1;1;1;0;0;1;1;1;0;0;80;0;0;0;0;0;0;0;0;0;0;0;0;0;0;0;0;0;0;0;0;0;0;0;0;0;0;0;0;0;0;0;0;0;0;0;0;0;0;0;0;0;0;
3115001;;0;1000;0;10;0;31150800;-1;0;0;0;1;1;1;1;1;1;0;0;0;0;0;0;0;0;0;0;1;1;1;1;0;1;1;1;0;0;80;0;31;15;0;48.107;-0.332;-41.907;6000;6000;0;31150800;0;0;0;0;0;0;0;6000;0;0;0;0;0;0;31150800;0;0;0;0;0;0;0;0;0;0;0;0;0;0;0;73115;
3115090;;1;1000;0;0;0;0;-1;0;0;0;1;1;1;1;1;1;0;0;0;0;0;0;0;0;0;0;1;1;1;0;0;1;1;1;0;0;80;0;0;0;0;0;0;0;0;0;0;0;0;0;0;0;0;0;0;0;0;0;0;0;0;0;0;0;0;0;0;0;0;0;0;0;0;0;0;0;0;0;0;
3117000;;1;1000;0;10;31170800;31170800;-1;0;0;0;0;0;0;1;1;1;0;0;0;0;0;0;0;0;0;0;1;1;1;0;0;1;1;1;0;0;80;0;0;0;0;0;0;0;0;0;0;0;0;0;0;0;0;0;0;0;0;0;0;0;0;0;0;0;0;0;0;0;0;0;0;0;0;0;0;0;0;0;0;
3117001;;1;1000;0;10;0;31170800;-1;0;0;0;1;1;1;1;1;1;0;0;0;0;0;0;0;0;0;0;1;1;1;1;0;1;1;1;0;0;80;0;31;17;0;60.07;96.45;96.4;6000;6000;0;31170800;0;0;0;0;0;0;0;6000;0;0;0;0;0;0;31170800;0;0;0;0;0;0;0;0;0;0;0;0;0;0;0;73117;
3117002;;1;1000;0;10;0;31170800;-1;0;0;0;1;1;1;1;1;1;0;0;0;0;0;0;0;0;0;0;1;1;1;0;0;1;1;1;0;0;80;0;0;0;0;0;0;0;6000;6000;0;31170800;0;0;0;0;0;0;0;6000;0;0;0;0;0;0;31170800;0;0;0;0;0;0;0;0;0;0;0;0;0;0;0;0;
3117003;;1;1000;0;10;0;31170800;-1;0;0;0;1;1;1;1;1;1;0;0;0;0;0;0;0;0;0;0;1;1;1;0;0;1;1;1;0;0;80;0;0;0;0;0;0;0;6000;6000;0;31170800;0;0;0;0;0;0;0;6000;0;0;0;0;0;0;31170800;0;0;0;0;0;0;0;0;0;0;0;0;0;0;0;0;
3117004;;1;1000;0;10;0;31170800;-1;0;0;0;1;1;1;1;1;1;0;0;0;0;0;0;0;0;0;0;1;1;1;0;0;1;1;1;0;0;80;0;0;0;0;0;0;0;6000;6000;0;31170800;0;0;0;0;0;0;0;6000;0;0;0;0;0;0;31170800;0;0;0;0;0;0;0;0;0;0;0;0;0;0;0;0;
3104000;;1;2000;0;10;31040800;31040800;-1;0;0;0;0;0;0;1;1;1;0;0;0;0;0;0;0;0;0;0;1;1;1;0;0;1;1;1;0;0;80;0;0;0;0;0;0;0;0;0;0;0;0;0;0;0;0;0;0;0;0;0;0;0;0;0;0;0;0;0;0;0;0;0;0;0;0;0;0;0;0;0;0;
3104001;;1;2000;0;10;0;31040800;-1;0;0;0;1;1;1;1;1;1;0;0;0;0;0;0;0;0;0;0;1;1;1;1;0;1;1;1;0;0;80;0;31;4;0;14.54;237.31;-38.15;6000;6000;0;31040800;0;0;0;0;0;0;0;6000;0;0;0;0;0;0;31040800;0;0;0;0;0;0;0;0;0;0;0;0;0;0;0;73104;
3105000;;1;2000;0;10;31050800;31050800;-1;0;0;0;0;0;0;1;1;1;0;0;0;0;0;0;0;0;0;0;1;1;1;0;0;1;1;1;0;0;80;0;0;0;0;0;0;0;0;0;0;0;0;0;0;0;0;0;0;0;0;0;0;0;0;0;0;0;0;0;0;0;0;0;0;0;0;0;0;0;0;0;0;
3105001;;1;2000;0;10;0;31050800;-1;0;0;0;1;1;1;1;1;1;0;0;0;0;0;0;0;0;0;0;1;1;1;1;0;1;1;1;0;0;80;0;31;5;0;-116.13;225.58;-4.21;6000;6000;0;31050800;0;0;0;0;0;0;0;6000;0;0;0;0;0;0;31050800;0;0;0;0;0;0;0;0;0;0;0;0;0;0;0;73105;
3105002;;1;2000;0;10;0;31050800;-1;0;0;0;1;1;1;1;1;1;0;0;0;0;0;0;0;0;0;0;1;1;1;0;0;1;1;1;0;0;80;0;0;0;0;0;0;0;6000;6000;0;31050800;0;0;0;0;0;0;0;6000;0;0;0;0;0;0;31050800;0;0;0;0;0;0;0;0;0;0;0;0;0;0;0;0;
3105003;;1;2000;0;10;0;31050800;-1;0;0;0;1;1;1;1;1;1;0;0;0;0;0;0;0;0;0;0;1;1;1;0;0;1;1;1;0;0;80;0;0;0;0;0;0;0;6000;6000;0;31050800;0;0;0;0;0;0;0;6000;0;0;0;0;0;0;31050800;0;0;0;0;0;0;0;0;0;0;0;0;0;0;0;0;
3105090;;1;2000;0;10;0;0;-1;0;0;0;0;0;0;1;1;1;0;0;0;0;0;0;0;0;0;0;1;1;1;0;0;1;1;1;0;0;80;0;0;0;0;0;0;0;0;0;0;0;0;0;0;0;0;0;0;0;0;0;0;0;0;0;0;0;0;0;0;0;0;0;0;0;0;0;0;0;0;0;0;
3106000;;1;2000;0;10;31060800;31060800;-1;0;0;0;0;0;0;1;1;1;0;0;0;0;0;0;0;0;0;0;1;1;1;0;0;1;1;1;0;0;80;0;0;0;0;0;0;0;0;0;0;0;0;0;0;0;0;0;0;0;0;0;0;0;0;0;0;0;0;0;0;0;0;0;0;0;0;0;0;0;0;0;0;
3106001;;1;2000;0;10;0;31060800;-1;0;0;0;1;1;1;1;1;1;0;0;0;0;0;0;0;0;0;0;1;1;1;1;0;1;1;1;0;0;80;0;31;6;0;72.96;236.39;120.51;6000;6000;0;31060800;0;0;0;0;0;0;0;6000;0;0;0;0;0;0;31060800;0;0;0;0;0;0;0;0;0;0;0;0;0;0;0;73106;
3106002;;1;2000;0;10;0;31060800;-1;0;0;0;1;1;1;1;1;1;0;0;0;0;0;0;0;0;0;0;1;1;1;0;0;1;1;1;0;0;80;0;0;0;0;0;0;0;6000;6000;0;31060800;0;0;0;0;0;0;0;6000;0;0;0;0;0;0;31060800;0;0;0;0;0;0;0;0;0;0;0;0;0;0;0;0;
3106090;;1;2000;0;10;0;0;-1;0;0;0;0;0;0;1;1;1;0;0;0;0;0;0;0;0;0;0;1;1;1;0;0;1;1;1;0;0;80;0;0;0;0;0;0;0;0;0;0;0;0;0;0;0;0;0;0;0;0;0;0;0;0;0;0;0;0;0;0;0;0;0;0;0;0;0;0;0;0;0;0;
3107000;;1;3200;0;10;31070800;31070800;-1;0;0;0;0;0;0;1;1;1;0;0;0;0;0;0;0;0;0;0;1;1;1;0;0;1;1;1;0;0;80;0;0;0;0;0;0;0;0;0;0;0;0;0;0;0;0;0;0;0;0;0;0;0;0;0;0;0;0;0;0;0;0;0;0;0;0;0;0;0;0;0;0;
3107001;;1;3200;0;10;0;31070800;-1;0;0;0;1;1;1;1;1;1;0;0;0;0;0;0;0;0;0;0;1;1;1;1;0;1;1;1;0;0;80;0;31;7;0;-9.09;799.94;141.35;6000;6000;0;31070800;0;0;0;0;0;0;0;6000;0;0;0;0;0;0;31070800;0;0;0;0;0;0;0;0;0;0;0;0;0;0;0;73107;
3107002;;1;3200;0;10;0;31070800;-1;0;0;0;1;1;1;1;1;1;0;0;0;0;0;0;0;0;0;0;1;1;1;0;0;1;1;1;0;0;80;0;0;0;0;0;0;0;6000;6000;0;31070800;0;0;0;0;0;0;0;6000;0;0;0;0;0;0;31070800;0;0;0;0;0;0;0;0;0;0;0;0;0;0;0;0;
3107003;;1;3200;0;10;0;31070800;-1;0;0;0;1;1;1;1;1;1;0;0;0;0;0;0;0;0;0;0;1;1;1;0;0;1;1;1;0;0;80;0;0;0;0;0;0;0;6000;6000;0;31070800;0;0;0;0;0;0;0;6000;0;0;0;0;0;0;31070800;0;0;0;0;0;0;0;0;0;0;0;0;0;0;0;0;
3107004;;1;3200;0;10;0;31070800;-1;0;0;0;1;1;1;1;1;1;0;0;0;0;0;0;0;0;0;0;1;1;1;0;0;1;1;1;0;0;80;0;0;0;0;0;0;0;6000;6000;0;31070800;0;0;0;0;0;0;0;6000;0;0;0;0;0;0;31070800;0;0;0;0;0;0;0;0;0;0;0;0;0;0;0;0;
3109000;;1;3200;0;10;31090800;31090800;-1;0;0;0;0;0;0;1;1;1;0;0;0;0;0;0;0;0;0;0;1;1;1;0;0;1;1;1;0;0;80;0;0;0;0;0;0;0;0;0;0;0;0;0;0;0;0;0;0;0;0;0;0;0;0;0;0;0;0;0;0;0;0;0;0;0;0;0;0;0;0;0;0;
3109001;;1;3200;0;10;0;31090800;-1;0;0;0;1;1;1;1;1;1;0;0;0;0;0;0;0;0;0;0;1;1;1;1;0;1;1;1;0;0;80;0;31;9;0;-67.26;1033.42;-60.25;6000;6000;0;31090800;0;0;0;0;0;0;0;6000;0;0;0;0;0;0;31090800;0;0;0;0;0;0;0;0;0;0;0;0;0;0;0;73109;
3118000;;1;3000;0;10;31180800;31180800;-1;0;0;0;0;0;0;1;1;1;0;0;0;0;0;0;0;0;0;0;1;1;1;0;0;1;1;1;0;0;80;0;0;0;0;0;0;0;0;0;0;0;0;0;0;0;0;0;0;0;0;0;0;0;0;0;0;0;0;0;0;0;0;0;0;0;0;0;0;0;0;0;0;
3118001;;1;3000;0;10;0;31180800;-1;0;0;0;1;1;1;1;1;1;0;0;0;0;0;0;0;0;0;0;1;1;1;1;0;1;1;1;0;0;80;0;31;18;0;49.48;838.13;23.11;6000;6000;0;31180800;0;0;0;0;0;0;0;6000;0;0;0;0;0;0;31180800;0;0;0;0;0;0;0;0;0;0;0;0;0;0;0;73118;
3119000;;1;3200;0;10;31190800;31190800;-1;0;0;0;0;0;0;1;1;1;0;0;0;0;0;0;0;0;0;0;1;1;1;0;0;1;1;1;0;0;80;0;0;0;0;0;0;0;0;0;0;31190800;0;0;0;0;0;0;0;0;0;0;0;0;0;0;0;0;0;0;0;0;0;0;0;0;0;0;0;0;0;0;0;
3119001;;1;3200;0;10;0;31190800;-1;0;0;1;1;1;1;1;1;1;0;0;0;0;0;0;0;0;0;0;1;1;1;1;0;1;1;1;0;0;80;0;31;19;0;101.29;654.73;-55.79;6000;31190890;0;31190800;0;0;0;0;0;0;0;6000;0;0;0;0;0;0;31190800;31190850;0;0;0;0;0;0;0;0;0;0;0;0;0;0;73119;
3119010;;1;3200;0;10;31190850;31190800;-1;0;0;1;0;0;0;1;1;1;0;0;0;0;0;0;0;0;0;0;1;1;1;0;0;1;1;1;0;0;80;0;0;0;0;0;0;0;0;0;0;31190800;0;0;0;0;0;0;0;0;0;0;0;0;0;0;0;0;0;0;0;0;0;0;0;0;0;0;0;0;0;0;0;
3110000;;1;4200;0;10;31100800;31100800;-1;0;0;0;0;0;0;1;1;1;0;0;0;0;0;0;0;0;0;0;1;1;1;0;0;1;1;1;0;0;80;0;0;0;0;0;0;0;0;0;0;0;0;0;0;0;0;0;0;0;0;0;0;0;0;0;0;0;0;0;0;0;0;0;0;0;0;0;0;0;0;0;0;
3110001;;1;4200;0;10;0;31100800;-1;0;0;0;1;1;1;1;1;1;0;0;0;0;0;0;0;0;0;0;1;1;1;1;0;1;1;1;0;0;80;0;31;10;0;2.75;160.52;84.72;6000;6000;0;31170800;0;0;0;0;0;0;0;6000;0;0;0;0;0;0;31100800;0;0;0;0;0;0;0;0;0;0;0;0;0;0;0;73110;
3110002;;1;4200;0;10;0;31100800;-1;0;0;0;1;1;1;1;1;1;0;0;0;0;0;0;0;0;0;0;1;1;1;0;0;1;1;1;0;0;80;0;0;0;0;0;0;0;6000;6000;0;31170800;0;0;0;0;0;0;0;6000;0;0;0;0;0;0;31100800;0;0;0;0;0;0;0;0;0;0;0;0;0;0;0;0;
3111000;;1;4000;0;10;31110800;31110800;-1;0;0;0;0;0;0;1;1;1;0;0;0;0;0;0;0;0;0;0;1;1;1;0;0;1;1;1;0;0;80;0;0;0;0;0;0;0;0;0;0;0;0;0;0;0;0;0;0;0;0;0;0;0;0;0;0;0;0;0;0;0;0;0;0;0;0;0;0;0;0;0;0;
3111001;;1;4000;0;10;0;31110800;-1;0;0;0;1;1;1;1;1;1;0;0;0;0;0;0;0;0;0;0;1;1;1;1;0;1;1;1;0;0;80;0;31;11;0;127.07;207.59;63.94;6000;6000;0;31170800;0;0;0;0;0;0;0;6000;0;0;0;0;0;0;31110800;0;0;0;0;0;0;0;0;0;0;0;0;0;0;0;73111;
3111002;;1;4000;0;10;0;31110800;-1;0;0;0;1;1;1;1;1;1;0;0;0;0;0;0;0;0;0;0;1;1;1;0;0;1;1;1;0;0;80;0;0;0;0;0;0;0;6000;6000;0;0;0;0;0;0;0;0;0;6000;0;0;0;0;0;0;31110800;0;0;0;0;0;0;0;0;0;0;0;0;0;0;0;0;
3120000;;1;4000;0;10;31200800;31200800;-1;0;0;0;0;0;0;1;1;1;0;0;0;0;0;0;0;0;0;0;1;1;1;0;0;1;1;1;0;0;80;0;0;0;0;0;0;0;0;0;0;0;0;0;0;0;0;0;0;0;0;0;0;0;0;0;0;0;0;0;0;0;0;0;0;0;0;0;0;0;0;0;0;
3120001;;1;4000;0;10;0;31200800;-1;0;0;0;1;1;1;1;1;1;0;0;0;0;0;0;0;0;0;0;1;1;1;1;0;1;1;1;0;0;80;0;31;20;0;137.79;127.62;42.44;6000;6000;0;31170800;0;0;0;0;0;0;0;6000;0;0;0;0;0;0;31200800;0;0;0;0;0;0;0;0;0;0;0;0;0;0;0;73120;
3120002;;1;4000;0;10;0;31200800;-1;0;0;0;1;1;1;1;1;1;0;0;0;0;0;0;0;0;0;0;1;1;1;0;0;1;1;1;0;0;80;0;0;0;0;0;0;0;6000;6000;0;31170800;0;0;0;0;0;0;0;6000;0;0;0;0;0;0;31200800;0;0;0;0;0;0;0;0;0;0;0;0;0;0;0;0;
3121000;;1;4000;0;10;31210800;31210800;-1;0;0;0;0;0;0;1;1;1;0;0;0;0;0;0;0;0;0;0;1;1;1;0;0;1;1;1;0;0;80;0;0;0;0;0;0;0;0;0;0;0;0;0;0;0;0;0;0;0;0;0;0;0;0;0;0;0;0;0;0;0;0;0;0;0;0;0;0;0;0;0;0;
3121001;;1;4000;0;10;0;31210800;-1;0;0;0;1;1;1;1;1;1;0;0;0;0;0;0;0;0;0;0;1;1;1;1;0;1;1;1;0;0;80;0;31;21;0;-64.32;87.81;33.87;6000;6000;0;31170800;0;0;0;0;0;0;0;6000;0;0;0;0;0;0;31210800;0;0;0;0;0;0;0;0;0;0;0;0;0;0;0;73121;
3121002;;1;4000;0;10;0;31210800;-1;0;0;0;1;1;1;1;1;1;0;0;0;0;0;0;0;0;0;0;1;1;1;0;0;1;1;1;0;0;80;0;0;0;0;0;0;0;6000;6000;0;31170800;0;0;0;0;0;0;0;6000;0;0;0;0;0;0;31210800;0;0;0;0;0;0;0;0;0;0;0;0;0;0;0;0;
3121090;;1;4000;0;10;0;0;-1;0;0;0;0;0;0;1;1;1;0;0;0;0;0;0;0;0;0;0;1;1;1;0;0;1;1;1;0;0;80;0;0;0;0;0;0;0;0;0;0;0;0;0;0;0;0;0;0;0;0;0;0;0;0;0;0;0;0;0;0;0;0;0;0;0;0;0;0;0;0;0;0;
3112000;;1;5200;0;10;31120800;31120800;-1;0;0;0;0;0;0;1;1;1;0;0;0;0;0;0;0;0;0;0;1;1;1;0;0;1;1;1;0;0;80;0;0;0;0;0;0;0;0;0;0;0;0;0;0;0;0;0;0;0;0;0;0;0;0;0;0;0;0;0;0;0;0;0;0;0;0;0;0;0;0;0;0;
3112001;;1;5200;0;10;0;31120800;-1;0;0;0;1;1;1;1;1;1;0;0;0;0;0;0;0;0;0;0;1;1;1;1;0;1;1;1;0;0;80;0;31;12;0;-54.88;1254.82;43.99;6000;6000;0;31120800;0;0;0;0;0;0;0;6000;0;0;0;0;0;0;31120800;0;0;0;0;0;0;0;0;0;0;0;0;0;0;0;73112;
3112002;;1;5200;0;10;0;31120800;-1;0;0;0;1;1;1;1;1;1;0;0;0;0;0;0;0;0;0;0;1;1;1;0;0;1;1;1;0;0;80;0;0;0;0;0;0;0;6000;6000;0;31120800;0;0;0;0;0;0;0;6000;0;0;0;0;0;0;31120800;0;0;0;0;0;0;0;0;0;0;0;0;0;0;0;0;
3112003;;1;5200;0;10;0;31120800;-1;0;0;0;1;1;1;1;1;1;0;0;0;0;0;0;0;0;0;0;1;1;1;0;0;1;1;1;0;0;80;0;0;0;0;0;0;0;6000;6000;0;31120800;0;0;0;0;0;0;0;6000;0;0;0;0;0;0;31120800;0;0;0;0;0;0;0;0;0;0;0;0;0;0;0;0;
3122000;;1;5000;0;10;31220800;31220800;-1;0;0;0;0;0;0;1;1;1;0;0;0;0;0;0;0;0;0;0;1;1;1;0;0;1;1;1;0;0;80;0;0;0;0;0;0;0;0;0;0;0;0;0;0;0;0;0;0;0;0;0;0;0;0;0;0;0;0;0;0;0;0;0;0;0;0;0;0;0;0;0;0;
3122001;;1;5000;0;10;0;31220800;-1;0;0;0;1;1;1;1;1;1;0;0;0;0;0;0;0;0;0;0;1;1;1;1;0;1;1;1;0;0;80;0;31;22;0;-38.33;1626.26;114.54;6000;6000;0;31220800;0;0;0;0;0;0;0;6000;0;0;0;0;0;0;31220800;0;0;0;0;0;0;0;0;0;0;0;0;0;0;0;73122;
3200000;;1;1200;0;10;32000800;32000800;-1;0;0;0;0;0;0;1;1;1;0;0;0;0;0;0;0;0;0;0;1;1;1;0;0;1;1;1;0;0;80;0;0;0;0;0;0;0;0;0;0;32000800;0;0;0;0;0;0;0;0;0;0;0;0;0;0;0;0;0;0;0;0;0;0;0;0;0;0;0;0;0;0;0;
3200001;;1;1200;0;10;0;32000800;-1;0;0;0;1;1;1;1;1;1;0;0;0;0;0;0;0;0;0;0;1;1;1;1;0;1;1;1;0;0;80;0;32;0;0;36.14;27.87;-69.91;6000;6000;0;32000800;0;0;0;0;0;0;0;6000;0;0;0;0;0;0;32000800;0;0;0;0;0;0;0;0;0;0;0;0;0;0;0;73200;
3201000;;0;1000;0;10;32010800;32010800;-1;0;0;0;0;0;0;1;1;1;0;0;0;0;0;0;0;0;0;0;1;1;1;0;0;1;1;1;0;0;80;0;0;0;0;0;0;0;0;0;0;0;0;0;0;0;0;0;0;0;0;0;0;0;0;0;0;0;0;0;0;0;0;0;0;0;0;0;0;0;0;0;0;
3201001;;0;1000;0;10;0;32010800;-1;0;0;0;1;1;1;1;1;1;0;0;0;0;0;0;0;0;0;0;1;1;1;1;0;1;1;1;0;0;80;0;60;43;37;-121.7;66.61;-34.93;6000;6000;0;32010800;0;0;0;0;0;0;0;6000;0;0;0;0;0;0;32010800;0;0;0;0;0;0;0;0;0;0;0;0;0;0;0;73201;
3202000;;1;2000;0;10;32020800;32020800;-1;0;0;0;0;0;0;1;1;1;0;0;0;0;0;0;0;0;0;0;1;1;1;0;0;1;1;1;0;0;80;0;0;0;0;0;0;0;0;0;0;32020800;0;0;0;0;0;0;0;0;0;0;0;0;0;0;0;0;0;0;0;0;0;0;0;0;0;0;0;0;0;0;0;
3202001;;1;2000;0;10;0;32020800;-1;0;0;0;1;1;1;1;1;1;0;0;0;0;0;0;0;0;0;0;1;1;1;1;0;1;1;1;0;0;80;0;60;37;47;-111.98;242.98;16.29;6000;6000;0;32020800;0;0;0;0;0;0;0;6000;0;0;0;0;0;0;32020800;0;0;0;0;0;0;0;0;0;0;0;0;0;0;0;73202;
3204000;;1;3200;0;10;32040800;32040800;-1;0;0;0;0;0;0;1;1;1;0;0;0;0;0;0;0;0;0;0;1;1;1;0;0;1;1;1;0;0;80;0;0;0;0;0;0;0;0;0;0;0;0;0;0;0;0;0;0;0;0;0;0;0;0;0;0;0;0;0;0;0;0;0;0;0;0;0;0;0;0;0;0;
3204001;;1;3200;0;10;0;32040800;-1;0;0;0;1;1;1;1;1;1;0;0;0;0;0;0;0;0;0;0;1;1;1;1;0;1;1;1;0;0;80;0;60;38;53;87.74;732.33;-114.49;6000;6000;0;32040800;0;0;0;0;0;0;0;6000;0;0;0;0;0;0;32040800;0;0;0;0;0;0;0;0;0;0;0;0;0;0;0;73204;
3205000;;1;3000;0;10;32050800;32050800;-1;0;0;0;0;0;0;1;1;1;0;0;0;0;0;0;0;0;0;0;1;1;1;0;0;1;1;1;0;0;80;0;0;0;0;0;0;0;0;0;0;0;0;0;0;0;0;0;0;0;0;0;0;0;0;0;0;0;0;0;0;0;0;0;0;0;0;0;0;0;0;0;0;
3205001;;1;3000;0;10;0;32050800;-1;0;0;0;1;1;1;1;1;1;0;0;0;0;0;0;0;0;0;0;1;1;1;1;0;1;1;1;0;0;80;0;32;5;0;-52.26;814;40.72;6000;6000;0;32050800;0;0;0;0;0;0;0;6000;0;0;0;0;0;0;32050800;0;0;0;0;0;0;0;0;0;0;0;0;0;0;0;73205;
3207000;;1;4000;0;10;32070800;32070800;-1;0;0;0;0;0;0;1;1;1;0;0;0;0;0;0;0;0;0;0;1;1;1;0;0;1;1;1;0;0;80;0;0;0;0;0;0;0;0;0;0;0;0;0;0;0;0;0;0;0;0;0;0;0;0;0;0;0;0;0;0;0;0;0;0;0;0;0;0;0;0;0;0;
3207001;;1;4000;0;10;0;32070800;-1;0;0;0;1;1;1;1;1;1;0;0;0;0;0;0;0;0;0;0;1;1;1;1;0;1;1;1;0;0;80;0;60;46;39;61.21;150.66;40.33;6000;6000;0;31170800;0;0;0;0;0;0;0;6000;0;0;0;0;0;0;32070800;0;0;0;0;0;0;0;0;0;0;0;0;0;0;0;73207;
3207002;;1;4000;0;10;0;32070800;-1;0;0;0;1;1;1;1;1;1;0;0;0;0;0;0;0;0;0;0;1;1;1;1;0;1;1;1;0;0;80;0;0;0;0;0;0;0;6000;6000;0;31170800;0;0;0;0;0;0;0;6000;0;0;0;0;0;0;32070800;0;0;0;0;0;0;0;0;0;0;0;0;0;0;0;0;
3207003;;1;4000;0;10;0;32070800;-1;0;0;0;1;1;1;1;1;1;0;0;0;0;0;0;0;0;0;0;1;1;1;1;0;1;1;1;0;0;80;0;0;0;0;0;0;0;6000;6000;0;31170800;0;0;0;0;0;0;0;6000;0;0;0;0;0;0;32070800;0;0;0;0;0;0;0;0;0;0;0;0;0;0;0;0;
3207090;;1;4000;0;10;0;32070800;-1;0;0;0;0;0;0;1;1;1;0;0;0;0;0;0;0;0;0;0;1;1;1;0;0;1;1;1;0;0;80;0;0;0;0;0;0;0;0;0;0;0;0;0;0;0;0;0;0;0;0;0;0;0;0;0;0;0;0;0;0;0;0;0;0;0;0;0;0;0;0;0;0;
3208000;;1;4000;0;10;32080800;32080800;-1;0;0;0;0;0;0;1;1;1;0;0;0;0;0;0;0;0;0;0;1;1;1;0;0;1;1;1;0;0;80;0;0;0;0;0;0;0;0;0;0;0;0;0;0;0;0;0;0;0;0;0;0;0;0;0;0;0;0;0;0;0;0;0;0;0;0;0;0;0;0;0;0;
3208001;;1;4000;0;10;0;32080800;-1;0;0;0;1;1;1;1;1;1;0;0;0;0;0;0;0;0;0;0;1;1;1;1;0;1;1;1;0;0;80;0;32;8;0;18.43;86.42;110.58;6000;6000;0;31170800;0;0;0;0;0;0;0;6000;0;0;0;0;0;0;32080800;0;0;0;0;0;0;0;0;0;0;0;0;0;0;0;73208;
3211000;;1;5200;0;10;32110800;32110800;-1;0;0;0;0;0;0;1;1;1;0;0;0;0;0;0;0;0;0;0;1;1;1;0;0;1;1;1;0;0;80;0;0;0;0;0;0;0;0;0;0;0;0;0;0;0;0;0;0;0;0;0;0;0;0;0;0;0;0;0;0;0;0;0;0;0;0;0;0;0;0;0;0;
3211001;;1;5200;0;10;0;32110800;-1;0;0;0;1;1;1;1;1;1;0;0;0;0;0;0;0;0;0;0;1;1;1;1;0;1;1;1;0;0;80;0;60;47;55;45.93;1258.75;-61.04;6000;6000;0;31170800;0;0;0;0;0;0;0;6000;0;0;0;0;0;0;32110800;0;0;0;0;0;0;0;0;0;0;0;0;0;0;0;73211;
3211002;;1;5200;0;10;0;32110800;-1;0;0;0;1;1;1;1;1;1;0;0;0;0;0;0;0;0;0;0;1;1;1;1;0;1;1;1;0;0;80;0;0;0;0;0;0;0;6000;6000;0;31170800;0;0;0;0;0;0;0;6000;0;0;0;0;0;0;32110800;0;0;0;0;0;0;0;0;0;0;0;0;0;0;0;0;
3410000;;1;1400;0;10;34100800;34100800;-1;0;0;0;0;0;0;1;1;1;0;0;0;0;0;0;0;0;0;0;1;1;1;0;0;1;1;1;0;6000;80;0;0;0;0;0;0;0;0;0;0;34100800;0;0;0;0;0;0;0;0;0;0;0;0;0;0;0;0;0;0;0;0;0;0;0;0;0;0;0;0;0;0;0;
3410001;;1;1400;0;10;0;34100800;-1;0;0;0;1;1;1;1;1;1;0;0;0;0;0;0;0;0;0;0;1;1;1;0;0;1;1;1;0;6000;80;0;0;0;0;0;0;0;6000;6000;0;34100800;0;0;0;0;0;0;0;6000;0;0;0;0;0;0;34100800;0;0;0;0;0;0;0;0;0;0;0;0;0;0;0;0;
3410002;;1;1400;0;10;0;34100800;-1;0;0;0;1;1;1;1;1;1;0;0;0;0;0;0;0;0;0;0;1;1;1;0;0;1;1;1;0;6000;80;0;0;0;0;0;0;0;6000;6000;0;34100800;0;0;0;0;0;0;0;6000;0;0;0;0;0;0;34100800;0;0;0;0;0;0;0;0;0;0;0;0;0;0;0;0;
3410003;;1;1400;0;10;0;34100800;-1;0;0;0;1;1;1;1;1;1;0;0;0;0;0;0;0;0;0;0;1;1;1;0;0;1;1;1;0;6000;80;0;0;0;0;0;0;0;6000;6000;0;34100800;0;0;0;0;0;0;0;6000;0;0;0;0;0;0;34100800;0;0;0;0;0;0;0;0;0;0;0;0;0;0;0;0;
3410004;;1;1400;0;10;0;34100800;-1;0;0;0;1;1;1;1;1;1;0;0;0;0;0;0;0;0;0;0;1;1;1;0;0;1;1;1;0;6000;80;0;0;0;0;0;0;0;6000;6000;0;34100800;0;0;0;0;0;0;0;6000;0;0;0;0;0;0;34100800;0;0;0;0;0;0;0;0;0;0;0;0;0;0;0;0;
3410090;;1;1400;0;10;0;34100800;-1;0;0;0;0;0;0;1;1;1;0;0;0;0;0;0;0;0;0;0;1;1;1;0;0;1;1;1;0;0;80;0;0;0;0;0;0;0;0;0;0;34100800;0;0;0;0;0;0;0;0;0;0;0;0;0;0;0;0;0;0;0;0;0;0;0;0;0;0;0;0;0;0;0;
3411000;;1;2000;0;10;34110800;34110710;-1;0;0;0;0;0;0;1;1;1;0;0;0;0;0;0;0;0;0;0;1;1;1;0;0;1;1;1;0;6000;80;0;0;0;0;0;0;0;0;0;0;34110800;0;0;0;0;0;0;0;0;0;0;0;0;0;0;0;0;0;0;0;0;0;0;0;0;0;0;0;0;0;0;0;
3411001;;1;2000;0;10;0;34110710;-1;0;0;0;1;1;1;1;1;1;0;0;0;0;0;0;0;0;0;0;1;1;1;0;0;1;1;1;0;6000;80;0;0;0;0;0;0;0;6000;6000;0;34110800;0;0;0;0;0;0;0;6000;0;0;0;0;0;0;34110800;0;0;0;0;0;0;0;0;0;0;0;0;0;0;0;0;
3411002;;1;2000;0;10;0;34110710;-1;0;0;0;1;1;1;1;1;1;0;0;0;0;0;0;0;0;0;0;1;1;1;0;0;1;1;1;0;6000;80;0;0;0;0;0;0;0;6000;6000;0;34110800;0;0;0;0;0;0;0;6000;0;0;0;0;0;0;34110800;0;0;0;0;0;0;0;0;0;0;0;0;0;0;0;0;
3411003;;1;2000;0;10;0;34110800;-1;0;0;0;1;1;1;1;1;1;0;0;0;0;0;0;0;0;0;0;1;1;1;0;0;1;1;1;0;6000;80;0;0;0;0;0;0;0;6000;6000;0;34110800;0;0;0;0;0;0;0;6000;0;0;0;0;0;0;34110800;0;0;0;0;0;0;0;0;0;0;0;0;0;0;0;0;
3411004;;1;2000;0;10;0;34110800;-1;0;0;0;1;1;1;1;1;1;0;0;0;0;0;0;0;0;0;0;1;1;1;0;0;1;1;1;0;6000;80;0;0;0;0;0;0;0;6000;6000;0;34110800;0;0;0;0;0;0;0;6000;0;0;0;0;0;0;34110800;0;0;0;0;0;0;0;0;0;0;0;0;0;0;0;0;
3411005;;1;2000;0;10;0;34110800;-1;0;0;0;1;1;1;1;1;1;0;0;0;0;0;0;0;0;0;0;1;1;1;0;0;1;1;1;0;6000;80;0;0;0;0;0;0;0;6000;6000;0;34110800;0;0;0;0;0;0;0;6000;0;0;0;0;0;0;34110800;0;0;0;0;0;0;0;0;0;0;0;0;0;0;0;0;
3411006;;1;2000;0;10;0;34110800;-1;0;0;0;1;1;1;1;1;1;0;0;0;0;0;0;0;0;0;0;1;1;1;0;0;1;1;1;0;6000;80;0;0;0;0;0;0;0;6000;6000;0;34110800;0;0;0;0;0;0;0;6000;0;0;0;0;0;0;34110800;0;0;0;0;0;0;0;0;0;0;0;0;0;0;0;0;
3411007;;1;2000;0;10;0;34110800;-1;0;0;0;1;1;1;1;1;1;0;0;0;0;0;0;0;0;0;0;1;1;1;0;0;1;1;1;0;6000;80;0;0;0;0;0;0;0;6000;6000;0;34110800;0;0;0;0;0;0;0;6000;0;0;0;0;0;0;34110800;0;0;0;0;0;0;0;0;0;0;0;0;0;0;0;0;
3411090;;1;2000;0;10;0;0;-1;0;0;0;0;0;0;1;1;1;0;0;0;0;0;0;0;0;0;0;1;1;1;0;0;1;1;1;0;0;80;0;0;0;0;0;0;0;0;0;0;34110800;0;0;0;0;0;0;0;0;0;0;0;0;0;0;0;0;0;0;0;0;0;0;0;0;0;0;0;0;0;0;0;
3412000;;1;3200;0;10;34120800;34120800;-1;0;0;0;0;0;0;1;1;1;0;0;0;0;0;0;0;0;0;0;1;1;1;1;0;1;1;1;0;6000;80;0;0;0;0;0;0;0;0;0;0;34120800;0;0;0;0;0;0;0;0;0;0;0;0;0;0;0;0;0;0;0;0;0;0;0;0;0;0;0;0;0;0;0;
3412001;;1;3200;0;10;0;34120800;-1;0;0;0;1;1;1;1;1;1;0;0;0;0;0;0;0;0;0;0;1;1;1;1;0;1;1;1;0;6000;80;0;0;0;0;0;0;0;6000;6000;0;34120800;0;0;0;0;0;0;0;6000;0;0;0;0;0;0;34120800;0;0;0;0;0;0;0;0;0;0;0;0;0;0;0;0;
3412002;;1;3200;0;10;0;34120800;-1;0;0;0;1;1;1;1;1;1;0;0;0;0;0;0;0;0;0;0;1;1;1;1;0;1;1;1;0;6000;80;0;0;0;0;0;0;0;6000;6000;0;34120800;0;0;0;0;0;0;0;6000;0;0;0;0;0;0;34120800;0;0;0;0;0;0;0;0;0;0;0;0;0;0;0;0;
3412003;;1;3200;0;10;0;34120800;-1;0;0;0;1;1;1;1;1;1;0;0;0;0;0;0;0;0;0;0;1;1;1;1;0;1;1;1;0;6000;80;0;0;0;0;0;0;0;6000;6000;0;34120800;0;0;0;0;0;0;0;6000;0;0;0;0;0;0;34120800;0;0;0;0;0;0;0;0;0;0;0;0;0;0;0;0;
3412090;;1;0;0;10;0;0;-1;0;0;0;0;0;0;1;1;1;0;0;0;0;0;0;0;0;0;0;1;1;1;0;0;1;1;1;0;0;80;0;0;0;0;0;0;0;0;0;0;0;0;0;0;0;0;0;0;0;0;0;0;0;0;0;0;0;0;0;0;0;0;0;0;0;0;0;0;0;0;0;0;
3412010;;1;3300;0;10;34120850;34120800;-1;0;0;0;0;0;0;1;1;1;0;0;0;0;0;0;0;0;0;0;1;1;1;0;0;1;1;1;0;6000;80;0;0;0;0;0;0;0;0;0;0;34120850;0;0;0;0;0;0;0;0;0;0;0;0;0;0;0;0;0;0;0;0;0;0;0;0;0;0;0;0;0;0;0;
3412011;;1;3300;0;10;0;34120800;-1;0;0;0;1;1;1;1;1;1;0;0;0;0;0;0;0;0;0;0;1;1;1;1;0;1;1;1;0;6000;80;0;60;43;50;-66.6;809.01;35.73;6000;6000;0;34120850;0;0;0;0;0;0;0;6000;0;0;0;0;0;0;34120800;0;0;0;0;0;0;0;0;0;0;0;0;0;0;0;73431;
3412012;;1;3300;0;10;0;34120800;-1;0;0;0;1;1;1;1;1;1;0;0;0;0;0;0;0;0;0;0;1;1;1;0;0;1;1;1;0;6000;80;0;0;0;0;0;0;0;6000;6000;0;34120850;0;0;0;0;0;0;0;6000;0;0;0;0;0;0;34120800;0;0;0;0;0;0;0;0;0;0;0;0;0;0;0;0;
3412013;;1;3300;0;10;0;34120800;-1;0;0;0;1;1;1;1;1;1;0;0;0;0;0;0;0;0;0;0;1;1;1;0;0;1;1;1;0;6000;80;0;0;0;0;0;0;0;6000;6000;0;34120850;0;0;0;0;0;0;0;6000;0;0;0;0;0;0;34120800;0;0;0;0;0;0;0;0;0;0;0;0;0;0;0;0;
3413003;;1;4200;0;10;0;34130800;-1;0;0;0;1;1;1;1;1;1;0;0;0;0;0;0;0;0;0;0;1;1;1;1;0;1;1;1;0;6000;80;0;34;13;0;75.94;259.32;-7.2;6000;6000;0;34130800;0;0;0;0;0;0;0;6000;0;0;0;0;0;0;34130800;0;0;0;0;0;0;0;0;0;0;0;0;0;0;0;73441;
3413010;;1;4200;0;10;34130800;34130800;-1;0;0;0;0;0;0;1;1;1;0;0;0;0;0;0;0;0;0;0;1;1;1;0;0;1;1;1;0;6000;80;0;0;0;0;0;0;0;0;0;0;34130800;0;0;0;0;0;0;0;0;0;0;0;0;0;0;0;0;0;0;0;0;0;0;0;0;0;0;0;0;0;0;0;
3413011;;1;4200;0;10;0;34130800;-1;0;0;0;1;1;1;1;1;1;0;0;0;0;0;0;0;0;0;0;1;1;1;0;0;1;1;1;0;6000;80;0;0;0;0;0;0;0;6000;6000;0;34130800;0;0;0;0;0;0;0;6000;0;0;0;0;0;0;34130800;0;0;0;0;0;0;0;0;0;0;0;0;0;0;0;0;
3413012;;1;4200;0;10;0;34130800;-1;0;0;0;1;1;1;1;1;1;0;0;0;0;0;0;0;0;0;0;1;1;1;0;0;1;1;1;0;6000;80;0;0;0;0;0;0;0;6000;6000;0;34130800;0;0;0;0;0;0;0;6000;0;0;0;0;0;0;34130800;0;0;0;0;0;0;0;0;0;0;0;0;0;0;0;0;
3413013;;1;4200;0;10;0;34130800;-1;0;0;0;1;1;1;1;1;1;0;0;0;0;0;0;0;0;0;0;1;1;1;0;0;1;1;1;0;6000;80;0;0;0;0;0;0;0;6000;6000;0;34130800;0;0;0;0;0;0;0;6000;0;0;0;0;0;0;34130800;0;0;0;0;0;0;0;0;0;0;0;0;0;0;0;0;
3413090;;1;4200;0;10;0;0;-1;0;0;0;0;0;0;1;1;1;0;0;0;0;0;0;0;0;0;0;1;1;1;0;0;1;1;1;0;0;80;0;0;0;0;0;0;0;0;0;0;0;0;0;0;0;0;0;0;0;0;0;0;0;0;0;0;0;0;0;0;0;0;0;0;0;0;0;0;0;0;0;0;
3413091;;1;4200;0;10;0;0;-1;0;0;0;0;0;0;1;1;1;0;0;0;0;0;0;0;0;0;0;1;1;1;0;0;1;1;1;0;0;80;0;0;0;0;0;0;0;0;0;0;0;0;0;0;0;0;0;0;0;0;0;0;0;0;0;0;0;0;0;0;0;0;0;0;0;0;0;0;0;0;0;0;
3414000;;1;5000;0;10;0;0;-1;0;0;0;0;0;0;1;1;1;0;0;0;0;0;0;0;0;0;0;1;1;1;0;0;1;1;1;0;0;80;0;0;0;0;0;0;0;0;0;0;34130800;0;0;0;0;0;0;0;0;0;0;0;0;0;0;0;0;0;0;0;0;0;0;0;0;0;0;0;0;0;0;0;
3414001;;1;5000;0;10;0;0;-1;0;0;0;0;0;0;1;1;1;0;0;0;0;0;0;0;0;0;0;1;1;1;0;0;1;1;1;0;0;80;0;0;0;0;0;0;0;0;0;0;34130800;0;0;0;0;0;0;0;0;0;0;0;0;0;0;0;0;0;0;0;0;0;0;0;0;0;0;0;0;0;0;0;
3414002;;1;5000;0;10;0;0;-1;0;0;0;0;0;0;1;1;1;0;0;0;0;0;0;0;0;0;0;1;1;1;0;0;1;1;1;0;0;80;0;0;0;0;0;0;0;0;0;0;34130800;0;0;0;0;0;0;0;0;0;0;0;0;0;0;0;0;0;0;0;0;0;0;0;0;0;0;0;0;0;0;0;
3414010;;1;5000;0;10;6000;0;-1;0;0;0;0;0;0;1;1;1;0;0;0;0;0;0;0;0;0;0;1;1;1;0;0;1;1;1;0;0;80;0;0;0;0;0;0;0;0;0;0;34130800;0;0;0;0;0;0;0;0;0;0;0;0;0;0;0;0;0;0;0;0;0;0;0;0;0;0;0;0;0;0;0;
3414011;;1;5000;0;10;0;0;-1;0;0;0;0;0;0;1;1;1;0;0;0;0;0;0;0;0;0;0;1;1;1;0;0;1;1;1;0;0;80;0;0;0;0;0;0;0;0;0;0;34130800;0;0;0;0;0;0;0;0;0;0;0;0;0;0;0;0;0;0;0;0;0;0;0;0;0;0;0;0;0;0;0;
3414012;;1;5000;0;10;0;0;-1;0;0;0;0;0;0;1;1;1;0;0;0;0;0;0;0;0;0;0;1;1;1;0;0;1;1;1;0;0;80;0;0;0;0;0;0;0;0;0;0;34130800;0;0;0;0;0;0;0;0;0;0;0;0;0;0;0;0;0;0;0;0;0;0;0;0;0;0;0;0;0;0;0;
3414013;;1;5000;0;10;0;0;-1;0;0;0;0;0;0;1;1;1;0;0;0;0;0;0;0;0;0;0;1;1;1;0;0;1;1;1;0;0;80;0;0;0;0;0;0;0;0;0;0;34130800;0;0;0;0;0;0;0;0;0;0;0;0;0;0;0;0;0;0;0;0;0;0;0;0;0;0;0;0;0;0;0;
3414014;;1;5000;0;10;34140850;0;-1;0;0;0;0;0;0;1;1;1;0;0;0;0;0;0;0;0;0;0;1;1;1;0;0;1;1;1;0;0;80;0;0;0;0;0;0;0;0;0;0;34130800;0;0;0;0;0;0;0;0;0;0;0;0;0;0;0;0;0;0;0;0;0;0;0;0;0;0;0;0;0;0;0;
3415090;;1;0;0;10;0;0;-1;0;0;0;0;0;0;1;1;1;0;0;0;0;0;0;0;0;0;0;1;1;1;0;0;1;1;1;0;0;80;0;0;0;0;0;0;0;0;0;0;0;0;0;0;0;0;0;0;0;0;0;0;0;0;0;0;0;0;0;0;0;0;0;0;0;0;0;0;0;0;0;0;
3500000;;1;3500;0;10;35000800;35000800;-1;0;0;0;0;0;0;1;1;1;0;0;0;0;0;0;0;0;0;0;1;1;1;0;0;1;1;1;0;6000;80;0;0;0;0;0;0;0;0;0;0;0;0;0;0;0;0;0;0;0;0;0;0;0;0;0;0;0;0;0;0;0;0;0;0;0;0;0;0;0;0;0;0;
3500001;;1;3500;0;10;0;35000800;-1;0;0;0;1;1;1;1;1;1;0;0;0;0;0;0;0;0;0;0;1;1;1;0;0;1;1;1;0;6000;80;0;0;0;0;0;0;0;6000;6000;0;0;0;0;0;0;0;0;0;6000;0;0;0;0;0;0;35000800;0;0;0;0;0;0;0;0;0;0;0;0;0;0;0;0;
3500002;;1;3500;0;10;0;35000800;-1;0;0;0;1;1;1;1;1;1;0;0;0;0;0;0;0;0;0;0;1;1;1;1;0;1;1;1;0;6000;80;0;35;0;0;-147.44;-98.54;-165.98;6000;6000;0;0;0;0;0;0;0;0;0;6000;0;0;0;0;0;0;35000800;0;0;0;0;0;0;0;0;0;0;0;0;0;0;0;73501;
3500003;;1;3500;0;10;0;35000800;-1;0;0;0;1;1;1;1;1;1;0;0;0;0;0;0;0;0;0;0;1;1;1;0;0;1;1;1;0;6000;80;0;0;0;0;0;0;0;6000;6000;0;0;0;0;0;0;0;0;0;6000;0;0;0;0;0;0;35000800;0;0;0;0;0;0;0;0;0;0;0;0;0;0;0;0;
3500004;;1;3500;0;10;0;35000800;-1;0;0;0;1;1;1;1;1;1;0;0;0;0;0;0;0;0;0;0;1;1;1;0;0;1;1;1;0;6000;80;0;0;0;0;0;0;0;6000;6000;0;0;0;0;0;0;0;0;0;6000;0;0;0;0;0;0;35000800;0;0;0;0;0;0;0;0;0;0;0;0;0;0;0;0;
3500005;;1;3500;0;10;0;35000800;-1;0;0;0;1;1;1;1;1;1;0;0;0;0;0;0;0;0;0;0;1;1;1;0;0;1;1;1;0;6000;80;0;0;0;0;0;0;0;6000;6000;0;0;0;0;0;0;0;0;0;6000;0;0;0;0;0;0;35000800;0;0;0;0;0;0;0;0;0;0;0;0;0;0;0;0;
3500006;;1;3500;0;10;0;35000800;-1;0;0;0;1;1;1;1;1;1;0;0;0;0;0;0;0;0;0;0;1;1;1;0;0;1;1;1;0;6000;80;0;0;0;0;0;0;0;6000;6000;0;0;0;0;0;0;0;0;0;6000;0;0;0;0;0;0;35000800;0;0;0;0;0;0;0;0;0;0;0;0;0;0;0;0;
3500007;;1;3500;0;10;0;35000800;-1;0;0;0;1;1;1;1;1;1;0;0;0;0;0;0;0;0;0;0;1;1;1;0;0;1;1;1;0;6000;80;0;0;0;0;0;0;0;6000;6000;0;0;0;0;0;0;0;0;0;6000;0;0;0;0;0;0;35000800;0;0;0;0;0;0;0;0;0;0;0;0;0;0;0;0;
3500008;;1;3500;0;10;0;35000800;-1;0;0;0;1;1;1;1;1;1;0;0;0;0;0;0;0;0;0;0;1;1;1;1;0;1;1;1;0;6000;80;0;35;0;0;-49.381;-279.256;-152.096;6000;6000;0;0;0;0;0;0;0;0;0;6000;0;0;0;0;0;0;35000800;0;0;0;0;0;0;0;0;0;0;0;0;0;0;0;73502;
3500009;;1;3500;0;10;0;35000800;-1;0;0;0;1;1;1;1;1;1;0;0;0;0;0;0;0;0;0;0;1;1;1;0;0;1;1;1;0;6000;80;0;0;0;0;0;0;0;6000;6000;0;0;0;0;0;0;0;0;0;6000;0;0;0;0;0;0;35000800;0;0;0;0;0;0;0;0;0;0;0;0;0;0;0;0;
3500010;;1;3500;0;10;35000850;35000850;-1;0;0;0;0;0;0;1;1;1;0;0;0;0;0;0;0;0;0;0;1;1;1;1;0;1;1;1;0;6000;80;0;35;0;0;-138.84;-143.74;-242.31;0;0;0;0;0;0;0;0;0;0;0;0;0;0;0;0;0;0;0;0;0;0;0;0;0;0;0;0;0;0;0;0;0;0;73503;
3500011;;1;3500;0;10;0;35000850;-1;0;0;0;1;1;1;1;1;1;0;0;0;0;0;0;0;0;0;0;1;1;1;0;0;1;1;1;0;6000;80;0;0;0;0;0;0;0;6000;6000;0;0;0;0;0;0;0;0;0;6000;0;0;0;0;0;0;35000850;0;0;0;0;0;0;0;0;0;0;0;0;0;0;0;0;
3500090;;1;3500;0;10;0;35000800;-1;0;0;0;0;0;0;1;1;1;0;0;0;0;0;0;0;0;0;0;1;1;1;0;0;1;1;1;0;0;80;0;0;0;0;0;0;0;0;0;0;0;0;0;0;0;0;0;0;0;0;0;0;0;0;0;0;0;0;0;0;0;0;0;0;0;0;0;0;0;0;0;0;
3500091;;1;3500;0;10;0;35000800;-1;0;0;0;0;0;0;1;1;1;0;0;0;0;0;0;0;0;0;0;1;1;1;0;0;1;1;1;0;0;80;0;0;0;0;0;0;0;0;0;0;0;0;0;0;0;0;0;0;0;0;0;0;0;0;0;0;0;0;0;0;0;0;0;0;0;0;0;0;0;0;0;0;
3500092;;1;3500;0;10;0;35000800;-1;0;0;0;0;0;0;1;1;1;0;0;0;0;0;0;0;0;0;0;1;1;1;0;0;1;1;1;0;0;80;0;0;0;0;0;0;0;0;0;0;0;0;0;0;0;0;0;0;0;0;0;0;0;0;0;0;0;0;0;0;0;0;0;0;0;0;0;0;0;0;0;0;
3920000;;1;2600;0;10;39200800;39200800;-1;0;0;0;0;0;0;1;1;1;0;0;0;0;0;0;0;0;0;0;1;1;1;0;0;1;1;1;0;6000;80;0;0;0;0;0;0;0;0;0;0;0;0;0;0;0;0;0;0;0;0;0;0;0;0;0;0;0;0;0;0;0;0;0;0;0;0;0;0;0;0;0;0;
3920001;;1;2600;0;10;0;39200800;-1;0;0;0;1;1;1;1;1;1;0;0;0;0;0;0;0;0;0;0;1;1;1;0;0;1;1;1;0;6000;80;0;0;0;0;0;0;0;6000;6000;0;0;0;0;0;0;0;0;0;6000;0;0;0;0;0;0;39200800;0;0;0;0;0;0;0;0;0;0;0;0;0;0;0;0;
3920002;;1;2600;0;10;0;39200800;-1;0;0;0;1;1;1;1;1;1;0;0;0;0;0;0;0;0;0;0;1;1;1;1;0;1;1;1;0;6000;80;0;39;20;0;91.34;239.17;-1312.03;6000;6000;0;0;0;0;0;0;0;0;0;6000;0;0;0;0;0;0;39200800;0;0;0;0;0;0;0;0;0;0;0;0;0;0;0;73901;
3920003;;1;2600;0;10;0;39200800;-1;0;0;0;1;1;1;1;1;1;0;0;0;0;0;0;0;0;0;0;1;1;1;1;0;1;1;1;0;6000;80;0;39;20;0;-13.26;350.57;-1345.3;6000;6000;0;0;0;0;0;0;0;0;0;6000;0;0;0;0;0;0;39200800;0;0;0;0;0;0;0;0;0;0;0;0;0;0;0;73902;
3920004;;1;2600;0;10;0;39200800;-1;0;0;0;1;1;1;1;1;1;0;0;0;0;0;0;0;0;0;0;1;1;1;0;0;1;1;1;0;6000;80;0;0;0;0;0;0;0;6000;6000;0;0;0;0;0;0;0;0;0;6000;0;0;0;0;0;0;39200800;0;0;0;0;0;0;0;0;0;0;0;0;0;0;0;0;
6000000;;0;1000;0;10;6001;0;-1;0;0;0;0;1;1;1;1;1;0;0;0;0;0;0;0;0;0;0;1;1;1;0;0;1;1;1;0;6000;80;0;0;0;0;0;0;0;0;6000;0;0;0;0;0;0;0;0;0;6000;0;0;0;0;0;0;0;0;0;0;0;0;0;0;0;0;0;0;0;0;0;0;0;
6100000;;0;1000;0;10;6001;6100000;-1;0;0;0;1;1;1;1;1;1;0;0;0;0;0;0;0;0;0;0;1;1;1;1;0;1;1;1;1;6000;80;0;60;43;37;-21.34;96.71;75.36;6000;6000;0;0;0;0;0;0;0;0;0;6000;0;0;0;0;0;0;1042360800;1043360850;1044360800;1045390800;10000850;0;0;0;0;0;0;0;0;0;0;0;76101;
6100001;;0;1000;0;10;6001;6100000;-1;0;0;0;1;1;1;1;1;1;0;0;0;0;0;0;0;0;0;0;1;1;1;1;0;1;1;1;1;6000;80;0;60;42;36;-4.59;85.29;28.76;6000;6000;0;0;0;0;0;0;0;0;0;6000;0;0;0;0;0;0;1042360800;1043360850;1044360800;1045390800;10000850;0;0;0;0;0;0;0;0;0;0;0;76113;
6100002;;0;1000;0;10;6001;6100000;-1;0;0;0;1;1;1;1;1;1;0;0;0;0;0;0;0;0;0;0;1;1;1;1;0;1;1;1;1;6000;80;0;60;43;36;63.54;64.72;-18.75;6000;6000;0;0;0;0;0;0;0;0;0;6000;0;0;0;0;0;0;1042360800;1043360850;1044360800;1045390800;10000850;0;0;0;0;0;0;0;0;0;0;0;76108;
6100003;;0;1000;0;10;6001;6100000;-1;0;0;0;1;1;1;1;1;1;0;0;0;0;0;0;0;0;0;0;1;1;1;1;0;1;1;1;1;6000;80;0;60;45;37;-63.9;21.68;-65.3;6000;6000;0;0;0;0;0;0;0;0;0;6000;0;0;0;0;0;0;1042360800;1043360850;1044360800;1045390800;10000850;0;0;0;0;0;0;0;0;0;0;0;76104;
6100004;;0;1000;0;10;6001;6100000;-1;0;0;0;1;1;1;1;1;1;0;0;0;0;0;0;0;0;0;0;1;1;1;1;0;1;1;1;1;6000;80;0;60;44;39;97.86;110.53;-1.27;6000;6000;0;0;0;0;0;0;0;0;0;6000;0;0;0;0;0;0;1042360800;1043360850;1044360800;1045390800;10000850;0;0;0;0;0;0;0;0;0;0;0;76119;
6100010;;0;1000;0;10;1044360800;6100000;-1;0;0;0;0;0;0;1;1;1;0;0;0;0;0;0;0;0;0;0;1;1;1;0;0;1;1;1;1;6000;80;0;0;0;0;0;0;0;0;0;0;0;0;0;0;0;0;0;0;0;0;0;0;0;0;0;0;0;0;0;0;0;0;0;0;0;0;0;0;0;0;0;0;
6100090;;0;1000;0;10;6001;0;-1;0;0;0;0;0;0;1;1;1;0;0;0;0;0;0;0;0;0;0;1;1;1;0;0;1;1;1;0;0;80;0;0;0;0;0;0;0;0;0;0;0;0;0;0;0;0;0;0;0;0;0;0;0;0;0;0;0;0;0;0;0;0;0;0;0;0;0;0;0;0;0;0;
6101000;;0;1000;0;10;6001;6100000;-1;0;0;0;1;1;1;1;1;1;0;0;0;0;0;0;0;0;0;0;1;1;1;1;0;1;1;1;1;6000;80;0;60;41;38;28.25;188.4;-38.69;6000;6000;0;0;0;0;0;0;0;0;0;6000;0;0;0;0;0;0;1042360800;1043360850;1044360800;1045390800;10000850;0;0;0;0;0;0;0;0;0;0;0;76102;
6101010;;0;1000;0;10;10000850;6100000;-1;0;0;0;0;0;0;1;1;1;0;0;0;0;0;0;0;0;0;0;1;1;1;0;0;1;1;1;1;6000;80;0;0;0;0;0;0;0;0;0;0;0;0;0;0;0;0;0;0;0;0;0;0;0;0;0;0;0;0;0;0;0;0;0;0;0;0;0;0;0;0;0;0;
6102000;;1;1200;0;10;6001;6102000;-1;0;0;0;1;1;1;1;1;1;0;0;0;0;0;0;0;0;0;0;1;1;1;1;0;1;1;1;1;6000;80;0;60;44;33;44.63;40.33;-105.93;6000;6000;0;0;0;0;0;0;0;0;0;6000;0;0;0;0;0;0;1043330800;1043300800;0;0;0;0;0;0;0;0;0;0;0;0;0;0;76157;
6102001;;1;1200;0;10;6001;6102000;-1;0;0;0;1;1;1;1;1;1;0;0;0;0;0;0;0;0;0;0;1;1;1;1;0;1;1;1;1;6000;80;0;60;43;31;13.69;95.21;-85.07;6000;6000;0;0;0;0;0;0;0;0;0;6000;0;0;0;0;0;0;1043300800;1043300800;0;0;0;0;0;0;0;0;0;0;0;0;0;0;76158;
6102002;;1;1200;0;10;6001;6102000;-1;0;0;0;1;1;1;1;1;1;0;0;0;0;0;0;0;0;0;0;1;1;1;1;0;1;1;1;1;6000;80;0;60;42;33;-4.95;11.06;18.13;6000;6000;0;0;0;0;0;0;0;0;0;6000;0;0;0;0;0;0;1045390800;1043300800;0;0;0;0;0;0;0;0;0;0;0;0;0;0;76150;
6102020;;1;1200;0;10;1043300800;6102000;-1;0;0;0;0;0;0;1;1;1;0;0;0;0;0;0;0;0;0;0;1;1;1;0;0;1;1;1;1;6000;80;0;0;0;0;0;0;0;0;0;0;0;0;0;0;0;0;0;0;0;0;0;0;0;0;0;0;0;0;0;0;0;0;0;0;0;0;0;0;0;0;0;0;
6200000;;1;2000;0;10;6001;6200000;-1;0;0;0;1;1;1;1;1;1;0;0;0;0;0;0;0;0;0;0;1;1;1;1;0;1;1;1;1;6000;80;0;60;36;44;-17.04;238.56;84.46;6000;6000;0;0;0;0;0;0;0;0;0;6000;0;0;0;0;0;0;1038480800;1034450800;1035420800;1033430800;1035500800;1034480800;1039440800;0;0;0;0;0;0;0;0;0;76205;
6200001;;1;2000;0;10;6001;6200000;-1;0;0;0;1;1;1;1;1;1;0;0;0;0;0;0;0;0;0;0;1;1;1;1;0;1;1;1;1;6000;80;0;60;38;42;-42.79;237.53;-12;6000;6000;0;0;0;0;0;0;0;0;0;6000;0;0;0;0;0;0;1038480800;1034450800;1035420800;1033430800;1035500800;1034480800;1039440800;0;0;0;0;0;0;0;0;0;76200;
6200002;;1;2000;0;10;6001;6200000;-1;0;0;0;1;1;1;1;1;1;0;0;0;0;0;0;0;0;0;0;1;1;1;1;0;1;1;1;1;6000;80;0;60;34;42;114.77;237.58;104.72;6000;6000;0;0;0;0;0;0;0;0;0;6000;0;0;0;0;0;0;1038480800;1034450800;1035420800;1033430800;1035500800;1034480800;1039440800;0;0;0;0;0;0;0;0;0;76219;
6200003;;1;2000;0;10;6001;6200000;-1;0;0;0;1;1;1;1;1;1;0;0;0;0;0;0;0;0;0;0;1;1;1;1;0;1;1;1;1;6000;80;0;60;34;48;41.99;257.27;42.71;6000;6000;0;0;0;0;0;0;0;0;0;6000;0;0;0;0;0;0;1038480800;1034450800;1035420800;1033430800;1035500800;1034480800;1039440800;0;0;0;0;0;0;0;0;0;76210;
6200004;;1;2000;0;10;6001;6200000;-1;0;0;0;1;1;1;1;1;1;0;0;0;0;0;0;0;0;0;0;1;1;1;1;0;1;1;1;1;6000;80;0;60;38;46;-59.07;364.36;116.13;6000;6000;0;0;0;0;0;0;0;0;0;6000;0;0;0;0;0;0;1038480800;1034450800;1035420800;1033430800;1035500800;1034480800;1039440800;0;0;0;0;0;0;0;0;0;76225;
6200005;;1;2000;0;10;6001;6200000;-1;0;0;0;1;1;1;1;1;1;0;0;0;0;0;0;0;0;0;0;1;1;1;1;0;1;1;1;1;6000;80;0;60;34;49;111.65;296.15;76.35;6000;6000;0;0;0;0;0;0;0;0;0;6000;0;0;0;0;0;0;1038480800;1034450800;1035420800;1033430800;1035500800;1034480800;1039440800;0;0;0;0;0;0;0;0;0;76212;
6200006;;1;2000;0;10;6001;6200000;-1;0;0;0;1;1;1;1;1;1;0;0;0;0;0;0;0;0;0;0;1;1;1;1;0;1;1;1;1;6000;80;0;60;35;48;-50.77;237.58;-68.32;6000;6000;0;0;0;0;0;0;0;0;0;6000;0;0;0;0;0;0;1038480800;1034450800;1035420800;1033430800;1035500800;1034480800;1039440800;0;0;0;0;0;0;0;0;0;76242;
6200007;;1;2000;0;10;6001;6200000;-1;0;0;0;1;1;1;1;1;1;0;0;0;0;0;0;0;0;0;0;1;1;1;1;0;1;1;1;1;6000;80;0;60;35;50;74.7;410.26;27.47;6000;6000;0;0;0;0;0;0;0;0;0;6000;0;0;0;0;0;0;1038480800;1034450800;1035420800;1033430800;1035500800;1034480800;1039440800;0;0;0;0;0;0;0;0;0;76214;
6200008;;1;2000;0;10;6001;6200000;-1;0;0;0;1;1;1;1;1;1;0;0;0;0;0;0;0;0;0;0;1;1;1;1;0;1;1;1;1;6000;80;0;60;35;51;-48.87;433.71;-53.63;6000;6000;0;0;0;0;0;0;0;0;0;6000;0;0;0;0;0;0;1038480800;1034450800;1035420800;1033430800;1035500800;1034480800;1039440800;0;0;0;0;0;0;0;0;0;76238;
6200010;;1;2000;0;10;1035500800;6200000;-1;0;0;0;0;0;0;1;1;1;0;0;0;0;0;0;0;0;0;0;1;1;1;0;0;1;1;1;1;6000;80;0;0;0;0;0;0;0;0;0;0;0;0;0;0;0;0;0;0;0;0;0;0;0;0;0;0;0;0;0;0;0;0;0;0;0;0;0;0;0;0;0;0;
6200020;;1;2000;0;10;1034480800;6200000;-1;0;0;0;0;0;0;1;1;1;0;0;0;0;0;0;0;0;0;0;1;1;1;0;0;1;1;1;1;6000;80;0;0;0;0;0;0;0;0;0;0;0;0;0;0;0;0;0;0;0;0;0;0;0;0;0;0;0;0;0;0;0;0;0;0;0;0;0;0;0;0;0;0;
6200090;;1;2000;0;10;6001;0;-1;0;0;0;0;0;0;1;1;1;0;0;0;0;0;0;0;0;0;0;1;1;1;0;0;1;1;1;0;0;80;0;0;0;0;0;0;0;0;0;0;0;0;0;0;0;0;0;0;0;0;0;0;0;0;0;0;0;0;0;0;0;0;0;0;0;0;0;0;0;0;0;0;
6201000;;1;2100;0;10;6001;6200000;-1;0;0;0;1;1;1;1;1;1;0;0;0;0;0;0;0;0;0;0;1;1;1;1;0;1;1;1;1;6000;80;0;60;37;48;6;449.66;113.01;6000;6000;0;0;0;0;0;0;0;0;0;6000;0;0;0;0;0;0;1038480800;1034450800;1035420800;1033430800;1035500800;1034480800;1039440800;0;0;0;0;0;0;0;0;0;76207;
6202000;;1;2200;0;10;6001;6202000;-1;0;0;0;1;1;1;1;1;1;0;0;0;0;0;0;0;0;0;0;1;1;1;1;0;1;1;1;1;6000;80;0;60;35;41;-126.07;354.48;47.77;6000;6000;0;0;0;0;0;0;0;0;0;6000;0;0;0;0;0;0;1034420800;0;0;0;0;0;0;0;0;0;0;0;0;0;0;0;76250;
6300000;;1;3000;0;10;6001;6300000;-1;0;0;0;1;1;1;1;1;1;0;0;0;0;0;0;0;0;0;0;1;1;1;1;0;1;1;1;1;6000;80;0;60;37;51;-50.05;656.19;18.65;6000;6000;0;0;0;0;0;0;0;0;0;6000;0;0;0;0;0;0;1037510800;1041500800;1041510800;1041530800;1042550800;1038520340;1041520800;1040520800;1040530800;1038510800;1039540800;0;0;0;0;0;76300;
6300001;;1;3000;0;10;6001;6300000;-1;0;0;0;1;1;1;1;1;1;0;0;0;0;0;0;0;0;0;0;1;1;1;1;0;1;1;1;1;6000;80;0;0;0;0;0;0;0;6000;6000;0;0;0;0;0;0;0;0;0;6000;0;0;0;0;0;0;1037510800;1041500800;1041510800;1041530800;1042550800;1038520340;1041520800;1040520800;1040530800;1038510800;1039540800;0;0;0;0;0;0;
6300002;;1;3000;0;10;6001;6300000;-1;0;0;0;1;1;1;1;1;1;0;0;0;0;0;0;0;0;0;0;1;1;1;1;0;1;1;1;1;6000;80;0;60;39;51;39.04;755.02;-58.18;6000;6000;0;0;0;0;0;0;0;0;0;6000;0;0;0;0;0;0;1037510800;1041500800;1041510800;1041530800;1042550800;1038520340;1041520800;1040520800;1040530800;1038510800;1039540800;0;0;0;0;0;76302;
6300003;;1;3000;0;10;6001;6300000;-1;0;0;0;1;1;1;1;1;1;0;0;0;0;0;0;0;0;0;0;1;1;1;1;0;1;1;1;1;6000;80;0;60;40;53;96.52;781.38;-3.5;6000;6000;0;0;0;0;0;0;0;0;0;6000;0;0;0;0;0;0;1037510800;1041500800;1041510800;1041530800;1042550800;1038520340;1041520800;1040520800;1040530800;1038510800;1039540800;0;0;0;0;0;76304;
6300004;;1;3000;0;10;6001;6300000;-1;0;0;0;1;1;1;1;1;1;0;0;0;0;0;0;0;0;0;0;1;1;1;1;0;1;1;1;1;6000;80;0;60;41;54;15.77;863.43;57.48;6000;6000;0;0;0;0;0;0;0;0;0;6000;0;0;0;0;0;0;1037510800;1041500800;1041510800;1041530800;1042550800;1038520340;1041520800;1040520800;1040530800;1038510800;1039540800;0;0;0;0;0;76308;
6300005;;1;3000;0;10;6001;6300000;-1;0;0;0;1;1;1;1;1;1;0;0;0;0;0;0;0;0;0;0;1;1;1;1;0;1;1;1;1;6000;80;0;60;41;52;-79.2;893.34;-79.77;6000;6000;0;0;0;0;0;0;0;0;0;6000;0;0;0;0;0;0;1037510800;1041500800;1041510800;1041530800;1042550800;1038520340;1041520800;1040520800;1040530800;1038510800;1039540800;0;0;0;0;0;76305;
6300010;;1;3000;0;10;1040530800;6300000;-1;0;0;0;0;0;0;1;1;1;0;0;0;0;0;0;0;0;0;0;1;1;1;0;0;1;1;1;1;6000;80;0;0;0;0;0;0;0;0;0;0;0;0;0;0;0;0;0;0;0;0;0;0;0;0;0;0;0;0;0;0;0;0;0;0;0;0;0;0;0;0;0;0;
6300020;;1;3000;0;10;1038510800;6300000;-1;0;0;0;0;0;0;1;1;1;0;0;0;0;0;0;0;0;0;0;1;1;1;0;0;1;1;1;1;6000;80;0;0;0;0;0;0;0;0;0;0;0;0;0;0;0;0;0;0;0;0;0;0;0;0;0;0;0;0;0;0;0;0;0;0;0;0;0;0;0;0;0;0;
6300030;;1;3000;0;10;1039540800;6300000;-1;0;0;0;0;0;0;1;1;1;0;0;0;0;0;0;0;0;0;0;1;1;1;1;0;1;1;1;1;6000;80;0;0;0;0;0;0;0;0;0;0;0;0;0;0;0;0;0;0;0;0;0;0;0;0;0;0;0;0;0;0;0;0;0;0;0;0;0;0;0;0;0;0;
6300040;;1;3000;0;10;6001;6300000;-1;0;0;0;0;0;0;1;1;1;0;0;0;0;0;0;0;0;0;0;1;1;1;0;0;1;1;1;0;0;80;0;0;0;0;0;0;0;0;0;0;0;0;0;0;0;0;0;0;0;0;0;0;0;0;0;0;0;0;0;0;0;0;0;0;0;0;0;0;0;0;0;0;
6301000;;1;3300;0;10;6001;6301000;-1;0;0;0;1;1;1;1;1;1;0;0;0;0;0;0;0;0;0;0;1;1;1;1;0;1;1;1;1;6000;80;0;60;43;52;-121.93;908.94;12.4;6000;6000;0;0;0;0;0;0;0;0;0;6000;0;0;0;0;0;0;1045520800;0;0;0;0;0;0;0;0;0;0;0;0;0;0;0;76309;
6301090;;1;3300;0;10;6001;0;-1;0;0;0;0;0;0;1;1;1;0;0;0;0;0;0;0;0;0;0;1;1;1;0;0;1;1;1;0;0;80;0;0;0;0;0;0;0;0;0;0;0;0;0;0;0;0;0;0;0;0;0;0;0;0;0;0;0;0;0;0;0;0;0;0;0;0;0;0;0;0;0;0;
6302000;;1;3200;0;10;6001;6302000;-1;0;0;0;1;1;1;1;1;1;0;0;0;0;0;0;0;0;0;0;1;1;1;1;0;1;1;1;1;6000;80;0;60;37;54;84.42;904.6;45.83;6000;6000;0;0;0;0;0;0;0;0;0;6000;0;0;0;0;0;0;1037540810;1035530800;1037530800;1036540800;0;0;0;0;0;0;0;0;0;0;0;0;76350;
6302001;;1;3200;0;10;6001;6302000;-1;0;0;0;1;1;1;1;1;1;0;0;0;0;0;0;0;0;0;0;1;1;1;1;0;1;1;1;1;6000;80;0;60;36;54;61.27;912.72;-80.65;6000;6000;0;0;0;0;0;0;0;0;0;6000;0;0;0;0;0;0;1037540810;1035530800;1037530800;1036540800;0;0;0;0;0;0;0;0;0;0;0;0;76353;
6302002;;1;3200;0;10;6001;6302000;-1;0;0;0;1;1;1;1;1;1;0;0;0;0;0;0;0;0;0;0;1;1;1;1;0;1;1;1;1;6000;80;0;60;35;53;65.11;813.35;79.41;6000;6000;0;0;0;0;0;0;0;0;0;6000;0;0;0;0;0;0;1037540810;1035530800;1037530800;1036540800;0;0;0;0;0;0;0;0;0;0;0;0;76354;
6400000;;1;4000;0;10;6001;6400000;-1;0;0;0;1;1;1;1;1;1;0;0;0;0;0;0;0;0;0;0;1;1;1;1;0;1;1;1;1;6000;80;0;60;47;39;-7.95;143.7;77.42;6000;6000;0;0;0;0;0;0;0;0;0;6000;0;0;0;0;0;0;1047400800;1048370800;1049390800;1252380800;1048400800;1051360800;1049380800;0;0;0;0;0;0;0;0;0;76401;
6400001;;1;4000;0;10;6001;6400000;-1;0;0;0;1;1;1;1;1;1;0;0;0;0;0;0;0;0;0;0;1;1;1;1;0;1;1;1;1;6000;80;0;60;48;37;86.17;104.54;-30.35;6000;6000;0;0;0;0;0;0;0;0;0;6000;0;0;0;0;0;0;1047400800;1048370800;1049390800;1252380800;1048400800;1051360800;1049380800;0;0;0;0;0;0;0;0;0;76407;
6400002;;1;4000;0;10;6001;6400000;-1;0;0;0;1;1;1;1;1;1;0;0;0;0;0;0;0;0;0;0;1;1;1;1;0;1;1;1;1;6000;80;0;60;51;36;-3.64;82.74;-26.53;6000;6000;0;0;0;0;0;0;0;0;0;6000;0;0;0;0;0;0;1047400800;1048370800;1049390800;1252380800;1048400800;1051360800;1049380800;0;0;0;0;0;0;0;0;0;76417;
6400003;;1;4000;0;10;6001;6400000;-1;0;0;0;1;1;1;1;1;1;0;0;0;0;0;0;0;0;0;0;1;1;1;1;0;1;1;1;1;6000;80;0;60;52;38;17.69;24.95;104.4;6000;6000;0;0;0;0;0;0;0;0;0;6000;0;0;0;0;0;0;1047400800;1048370800;1049390800;1252380800;1048400800;1051360800;1049380800;0;0;0;0;0;0;0;0;0;76420;
6400010;;1;4000;0;10;1051360800;6400000;-1;0;0;0;0;0;0;1;1;1;0;0;0;0;0;0;0;0;0;0;1;1;1;0;0;1;1;1;1;6000;80;0;0;0;0;0;0;0;0;0;0;0;0;0;0;0;0;0;0;0;0;0;0;0;0;0;0;0;0;0;0;0;0;0;0;0;0;0;0;0;0;0;0;
6400020;;1;4000;0;10;1049390800;6400000;-1;0;0;0;0;0;0;1;1;1;0;0;0;0;0;0;0;0;0;0;1;1;1;0;0;1;1;1;1;6000;80;0;0;0;0;0;0;0;0;0;0;0;0;0;0;0;0;0;0;0;0;0;0;0;0;0;0;0;0;0;0;0;0;0;0;0;0;0;0;0;0;0;0;
6400030;;1;4000;0;10;1048400800;6400000;-1;0;0;0;0;0;0;1;1;1;0;0;0;0;0;0;0;0;0;0;1;1;1;0;0;1;1;1;1;6000;80;0;0;0;0;0;0;0;0;0;0;0;0;0;0;0;0;0;0;0;0;0;0;0;0;0;0;0;0;0;0;0;0;0;0;0;0;0;0;0;0;0;0;
6400040;;1;4000;0;10;1252380800;6400000;-1;0;0;0;0;0;0;1;1;1;0;0;0;0;0;0;0;0;0;0;1;1;1;0;0;1;1;1;1;6000;80;0;0;0;0;0;0;0;0;0;0;0;0;0;0;0;0;0;0;0;0;0;0;0;0;0;0;0;0;0;0;0;0;0;0;0;0;0;0;0;0;0;0;
6400090;;1;4000;0;10;6001;0;-1;0;0;0;0;0;0;1;1;1;0;0;0;0;0;0;0;0;0;0;1;1;1;0;0;1;1;1;0;0;80;0;0;0;0;0;0;0;0;0;0;0;0;0;0;0;0;0;0;0;0;0;0;0;0;0;0;0;0;0;0;0;0;0;0;0;0;0;0;0;0;0;0;
6401000;;1;4000;0;10;6001;6400000;-1;0;0;0;1;1;1;1;1;1;0;0;0;0;0;0;0;0;0;0;1;1;1;1;0;1;1;1;1;6000;80;0;60;49;38;-111.24;64.01;-8.82;6000;6000;0;0;0;0;0;0;0;0;0;6000;0;0;0;0;0;0;1049380800;1047400800;1048370800;1049390800;1252380800;1048400800;1051360800;0;0;0;0;0;0;0;0;0;76406;
6402000;;1;4200;0;10;6001;6402000;-1;0;0;0;1;1;1;1;1;1;0;0;0;0;0;0;0;0;0;0;1;1;1;1;0;1;1;1;1;6000;80;0;60;49;40;115.09;188.45;-6.95;6000;6000;0;0;0;0;0;0;0;0;0;6000;0;0;0;0;0;0;1051400800;1052410800;1051430800;0;0;0;0;0;0;0;0;0;0;0;0;0;76450;
6402001;;1;4200;0;10;6001;6402000;-1;0;0;0;1;1;1;1;1;1;0;0;0;0;0;0;0;0;0;0;1;1;1;1;0;1;1;1;1;6000;80;0;60;51;43;81.91;296.74;-82.92;6000;6000;0;0;0;0;0;0;0;0;0;6000;0;0;0;0;0;0;1051400800;1052410800;1051430800;0;0;0;0;0;0;0;0;0;0;0;0;0;76454;
6500000;;1;5000;0;10;6001;6500000;-1;0;0;0;1;1;1;1;1;1;0;0;0;0;0;0;0;0;0;0;1;1;1;1;0;1;1;1;1;6000;80;0;60;48;51;132.13;1001.76;130.73;6000;6000;0;0;0;0;0;0;0;0;0;6000;0;0;0;0;0;0;1049520800;0;0;0;0;0;0;0;0;0;0;0;0;0;0;0;76500;
6500001;;1;5000;0;10;6001;0;-1;0;0;0;0;0;0;1;1;1;0;0;0;0;0;0;0;0;0;0;1;1;1;0;0;1;1;1;0;0;80;0;0;0;0;0;0;0;0;0;0;34130800;0;0;0;0;0;0;0;0;0;0;0;0;0;0;1049520800;0;0;0;0;0;0;0;0;0;0;0;0;0;0;0;0;
6500010;;1;5000;0;10;34140850;0;-1;0;0;0;0;0;0;1;1;1;0;0;0;0;0;0;0;0;0;0;1;1;1;0;0;1;1;1;0;0;80;0;0;0;0;0;0;0;0;0;0;34130800;0;0;0;0;0;0;0;0;0;0;0;0;0;0;1049520800;0;0;0;0;0;0;0;0;0;0;0;0;0;0;0;0;
6500090;;1;5000;0;10;6001;0;-1;0;0;0;0;0;0;1;1;1;0;0;0;0;0;0;0;0;0;0;1;1;1;0;0;1;1;1;0;0;80;0;0;0;0;0;0;0;0;0;0;0;0;0;0;0;0;0;0;0;0;0;0;0;0;0;0;0;0;0;0;0;0;0;0;0;0;0;0;0;0;0;0;
6501000;;1;5000;0;10;6001;6501000;-1;0;0;0;1;1;1;1;1;1;0;0;0;0;0;0;0;0;0;0;1;1;1;1;0;1;1;1;1;6000;80;0;60;49;53;99.99;1570.97;7.72;6000;6000;0;0;0;0;0;0;0;0;0;6000;0;0;0;0;0;0;1050570800;1052560800;1254560800;1051570800;0;0;0;0;0;0;0;0;0;0;0;0;76501;
6501001;;1;5000;0;10;6001;6501000;-1;0;0;0;1;1;1;1;1;1;0;0;0;0;0;0;0;0;0;0;1;1;1;1;0;1;1;1;1;6000;80;0;60;53;57;97.35;1620.18;-111.9;6000;6000;0;0;0;0;0;0;0;0;0;6000;0;0;0;0;0;0;1050570800;1052560800;1254560800;1051570800;0;0;0;0;0;0;0;0;0;0;0;0;76504;
6501002;;1;5000;0;10;6001;6501000;-1;0;0;0;1;1;1;1;1;1;0;0;0;0;0;0;0;0;0;0;1;1;1;1;0;1;1;1;1;6000;80;0;60;51;57;65.05;1678.12;-29.92;6000;6000;0;0;0;0;0;0;0;0;0;6000;0;0;0;0;0;0;1050570800;1052560800;1254560800;1051570800;0;0;0;0;0;0;0;0;0;0;0;0;76521;
6501003;;1;5000;0;10;6001;6501000;-1;0;0;0;1;1;1;1;1;1;0;0;0;0;0;0;0;0;0;0;1;1;1;1;0;1;1;1;1;6000;80;0;60;51;57;32.18;1620.27;115.48;6000;6000;0;0;0;0;0;0;0;0;0;6000;0;0;0;0;0;0;1050570800;1052560800;1254560800;1051570800;0;0;0;0;0;0;0;0;0;0;0;0;76522;
6501010;;1;5000;0;10;1051570800;6501000;-1;0;0;0;0;0;0;1;1;1;0;0;0;0;0;0;0;0;0;0;1;1;1;0;0;1;1;1;1;6000;80;0;0;0;0;0;0;0;0;0;0;0;0;0;0;0;0;0;0;0;0;0;0;0;0;0;1050570800;1052560800;1254560800;1051570800;0;0;0;0;0;0;0;0;0;0;0;0;0;
6502000;;1;5000;0;10;6001;6502000;-1;0;0;0;1;1;1;1;1;1;0;0;0;0;0;0;0;0;0;0;1;1;1;1;0;1;1;1;1;6000;80;0;60;52;54;-136.93;1777.08;-166.35;6000;6000;0;0;0;0;0;0;0;0;0;6000;0;0;0;0;0;0;1052520800;0;0;0;0;0;0;0;0;0;0;0;0;0;0;0;76506;
6502010;;1;5000;0;10;1252520800;6502000;-1;0;0;0;0;0;0;1;1;1;0;0;0;0;0;0;0;0;0;0;1;1;1;0;0;1;1;1;1;6000;80;0;0;0;0;0;0;0;0;0;0;0;0;0;0;0;0;0;0;0;0;0;0;0;0;0;1052520800;0;0;0;0;0;0;0;0;0;0;0;0;0;0;0;0;
6503000;;1;5200;0;10;6001;6503000;-1;0;0;0;1;1;1;1;1;1;0;0;0;0;0;0;0;0;0;0;1;1;1;1;0;1;1;1;1;6000;80;0;60;48;56;21.25;1255.08;-62.67;6000;6000;0;0;0;0;0;0;0;0;0;6000;0;0;0;0;0;0;1050560800;1050570850;0;0;0;0;0;0;0;0;0;0;0;0;0;0;76550;
