Row ID;Row Name;SFX ID [0];Dummy Poly ID [0];SFX ID [1];Dummy Poly ID [1];SFX ID [2];Dummy Poly ID [2];SFX ID [3];Dummy Poly ID [3];SFX ID [4];Dummy Poly ID [4];SFX ID [5];Dummy Poly ID [5];SFX ID [6];Dummy Poly ID [6];SFX ID [7];Dummy Poly ID [7];Is Irradiance Volume Disabled
0;;-1;-1;-1;-1;-1;-1;-1;-1;-1;-1;-1;-1;-1;-1;-1;-1;0
3011000;;803291;200;-1;-1;-1;-1;-1;-1;-1;-1;-1;-1;-1;-1;-1;-1;0
3012000;;803292;200;-1;-1;-1;-1;-1;-1;-1;-1;-1;-1;-1;-1;-1;-1;0
3071000;;800023;200;-1;-1;-1;-1;-1;-1;-1;-1;-1;-1;-1;-1;-1;-1;0
3071001;;800135;200;-1;-1;-1;-1;-1;-1;-1;-1;-1;-1;-1;-1;-1;-1;0
3071002;;800136;200;-1;-1;-1;-1;-1;-1;-1;-1;-1;-1;-1;-1;-1;-1;0
3088000;;800380;200;-1;-1;-1;-1;-1;-1;-1;-1;-1;-1;-1;-1;-1;-1;0
3302000;;800070;200;800071;201;-1;-1;-1;-1;-1;-1;-1;-1;-1;-1;-1;-1;0
3303000;;800070;200;800071;201;-1;-1;-1;-1;-1;-1;-1;-1;-1;-1;-1;-1;0
3305000;;600;200;-1;-1;-1;-1;-1;-1;-1;-1;-1;-1;-1;-1;-1;-1;0
3306000;;800070;200;800071;201;-1;-1;-1;-1;-1;-1;-1;-1;-1;-1;-1;-1;0
3307000;;800070;200;800071;201;-1;-1;-1;-1;-1;-1;-1;-1;-1;-1;-1;-1;0
3321000;;800070;200;800071;201;-1;-1;-1;-1;-1;-1;-1;-1;-1;-1;-1;-1;0
3322000;;800070;200;800071;201;-1;-1;-1;-1;-1;-1;-1;-1;-1;-1;-1;-1;0
3323000;;803210;200;-1;-1;-1;-1;-1;-1;-1;-1;-1;-1;-1;-1;-1;-1;0
3323001;;800390;200;-1;-1;-1;-1;-1;-1;-1;-1;-1;-1;-1;-1;-1;-1;0
3333000;;800033;200;-1;-1;-1;-1;-1;-1;-1;-1;-1;-1;-1;-1;-1;-1;0
3334000;;800033;200;-1;-1;-1;-1;-1;-1;-1;-1;-1;-1;-1;-1;-1;-1;0
3351000;;800033;90;-1;-1;-1;-1;-1;-1;-1;-1;-1;-1;-1;-1;-1;-1;0
3361000;;800137;200;-1;-1;-1;-1;-1;-1;-1;-1;-1;-1;-1;-1;-1;-1;0
3361001;;800135;200;-1;-1;-1;-1;-1;-1;-1;-1;-1;-1;-1;-1;-1;-1;0
3361002;;800136;200;-1;-1;-1;-1;-1;-1;-1;-1;-1;-1;-1;-1;-1;-1;0
3362000;;7000;200;-1;-1;-1;-1;-1;-1;-1;-1;-1;-1;-1;-1;-1;-1;0
3363000;;800290;200;-1;-1;-1;-1;-1;-1;-1;-1;-1;-1;-1;-1;-1;-1;0
3364000;;800290;200;-1;-1;-1;-1;-1;-1;-1;-1;-1;-1;-1;-1;-1;-1;0
3405000;;802020;200;-1;-1;-1;-1;-1;-1;-1;-1;-1;-1;-1;-1;-1;-1;0
3405001;;800402;200;-1;-1;-1;-1;-1;-1;-1;-1;-1;-1;-1;-1;-1;-1;0
3405002;;800400;200;-1;-1;-1;-1;-1;-1;-1;-1;-1;-1;-1;-1;-1;-1;0
3405008;;800401;200;-1;-1;-1;-1;-1;-1;-1;-1;-1;-1;-1;-1;-1;-1;0
3405010;;800412;200;-1;-1;-1;-1;-1;-1;-1;-1;-1;-1;-1;-1;-1;-1;0
3405011;;800411;200;-1;-1;-1;-1;-1;-1;-1;-1;-1;-1;-1;-1;-1;-1;0
3418000;;800061;200;-1;-1;-1;-1;-1;-1;-1;-1;-1;-1;-1;-1;-1;-1;0
4038000;;800023;200;-1;-1;-1;-1;-1;-1;-1;-1;-1;-1;-1;-1;-1;-1;0
4133000;;800390;200;-1;-1;-1;-1;-1;-1;-1;-1;-1;-1;-1;-1;-1;-1;0
4134000;;800390;200;-1;-1;-1;-1;-1;-1;-1;-1;-1;-1;-1;-1;-1;-1;0
4138000;;800056;200;-1;-1;-1;-1;-1;-1;-1;-1;-1;-1;-1;-1;-1;-1;0
4139000;;800056;200;-1;-1;-1;-1;-1;-1;-1;-1;-1;-1;-1;-1;-1;-1;0
4384000;;800400;200;-1;-1;-1;-1;-1;-1;-1;-1;-1;-1;-1;-1;-1;-1;0
4384001;;800390;200;-1;-1;-1;-1;-1;-1;-1;-1;-1;-1;-1;-1;-1;-1;0
4498000;;834011;200;-1;-1;-1;-1;-1;-1;-1;-1;-1;-1;-1;-1;-1;-1;0
4499000;;800023;200;-1;-1;-1;-1;-1;-1;-1;-1;-1;-1;-1;-1;-1;-1;0
4599000;;800056;200;-1;-1;-1;-1;-1;-1;-1;-1;-1;-1;-1;-1;-1;-1;0
4690000;;800023;200;-1;-1;-1;-1;-1;-1;-1;-1;-1;-1;-1;-1;-1;-1;0
4691000;;800400;200;-1;-1;-1;-1;-1;-1;-1;-1;-1;-1;-1;-1;-1;-1;0
4691001;;800402;200;-1;-1;-1;-1;-1;-1;-1;-1;-1;-1;-1;-1;-1;-1;0
4691002;;800390;200;-1;-1;-1;-1;-1;-1;-1;-1;-1;-1;-1;-1;-1;-1;0
4691009;;834020;200;-1;-1;-1;-1;-1;-1;-1;-1;-1;-1;-1;-1;-1;-1;0
4691010;;800401;200;-1;-1;-1;-1;-1;-1;-1;-1;-1;-1;-1;-1;-1;-1;0
4692000;;800400;200;-1;-1;-1;-1;-1;-1;-1;-1;-1;-1;-1;-1;-1;-1;0
4692001;;800402;200;-1;-1;-1;-1;-1;-1;-1;-1;-1;-1;-1;-1;-1;-1;0
4692003;;800370;200;-1;-1;-1;-1;-1;-1;-1;-1;-1;-1;-1;-1;-1;-1;0
4692004;;830010;200;-1;-1;-1;-1;-1;-1;-1;-1;-1;-1;-1;-1;-1;-1;0
4692006;;830011;200;-1;-1;-1;-1;-1;-1;-1;-1;-1;-1;-1;-1;-1;-1;0
4692007;;830012;200;-1;-1;-1;-1;-1;-1;-1;-1;-1;-1;-1;-1;-1;-1;0
4692008;;830030;200;-1;-1;-1;-1;-1;-1;-1;-1;-1;-1;-1;-1;-1;-1;0
4692009;;834020;200;-1;-1;-1;-1;-1;-1;-1;-1;-1;-1;-1;-1;-1;-1;0
4692010;;800196;200;-1;-1;-1;-1;-1;-1;-1;-1;-1;-1;-1;-1;-1;-1;0
4692011;;800197;200;-1;-1;-1;-1;-1;-1;-1;-1;-1;-1;-1;-1;-1;-1;0
4692020;;800193;200;-1;-1;-1;-1;-1;-1;-1;-1;-1;-1;-1;-1;-1;-1;0
4692021;;800194;200;-1;-1;-1;-1;-1;-1;-1;-1;-1;-1;-1;-1;-1;-1;0
4692030;;800390;200;-1;-1;-1;-1;-1;-1;-1;-1;-1;-1;-1;-1;-1;-1;0
4692040;;800392;200;-1;-1;-1;-1;-1;-1;-1;-1;-1;-1;-1;-1;-1;-1;0
4693000;;800023;200;-1;-1;-1;-1;-1;-1;-1;-1;-1;-1;-1;-1;-1;-1;0
4693003;;800360;200;-1;-1;-1;-1;-1;-1;-1;-1;-1;-1;-1;-1;-1;-1;0
4693004;;830000;200;-1;-1;-1;-1;-1;-1;-1;-1;-1;-1;-1;-1;-1;-1;0
4693005;;830001;200;-1;-1;-1;-1;-1;-1;-1;-1;-1;-1;-1;-1;-1;-1;0
4693007;;830002;200;-1;-1;-1;-1;-1;-1;-1;-1;-1;-1;-1;-1;-1;-1;0
4693010;;800186;200;-1;-1;-1;-1;-1;-1;-1;-1;-1;-1;-1;-1;-1;-1;0
4693011;;800187;200;-1;-1;-1;-1;-1;-1;-1;-1;-1;-1;-1;-1;-1;-1;0
4693012;;800188;200;-1;-1;-1;-1;-1;-1;-1;-1;-1;-1;-1;-1;-1;-1;0
4693020;;800183;200;-1;-1;-1;-1;-1;-1;-1;-1;-1;-1;-1;-1;-1;-1;0
4693021;;800184;200;-1;-1;-1;-1;-1;-1;-1;-1;-1;-1;-1;-1;-1;-1;0
4693022;;800185;200;-1;-1;-1;-1;-1;-1;-1;-1;-1;-1;-1;-1;-1;-1;0
4693030;;800056;200;-1;-1;-1;-1;-1;-1;-1;-1;-1;-1;-1;-1;-1;-1;0
4693040;;800057;200;-1;-1;-1;-1;-1;-1;-1;-1;-1;-1;-1;-1;-1;-1;0
4859000;;802020;200;-1;-1;-1;-1;-1;-1;-1;-1;-1;-1;-1;-1;-1;-1;0
4860000;;802020;200;-1;-1;-1;-1;-1;-1;-1;-1;-1;-1;-1;-1;-1;-1;0
4987000;;800400;200;-1;-1;-1;-1;-1;-1;-1;-1;-1;-1;-1;-1;-1;-1;0
4987001;;800390;200;-1;-1;-1;-1;-1;-1;-1;-1;-1;-1;-1;-1;-1;-1;0
5040000;;800510;200;-1;-1;-1;-1;-1;-1;-1;-1;-1;-1;-1;-1;-1;-1;0
5041000;;800511;200;-1;-1;-1;-1;-1;-1;-1;-1;-1;-1;-1;-1;-1;-1;0
5042000;;803270;200;-1;-1;-1;-1;-1;-1;-1;-1;-1;-1;-1;-1;-1;-1;0
5043000;;803271;200;-1;-1;-1;-1;-1;-1;-1;-1;-1;-1;-1;-1;-1;-1;0
5044000;;800520;200;-1;-1;-1;-1;-1;-1;-1;-1;-1;-1;-1;-1;-1;-1;0
5045000;;800237;200;-1;-1;-1;-1;-1;-1;-1;-1;-1;-1;-1;-1;-1;-1;0
6072000;;800023;200;-1;-1;-1;-1;-1;-1;-1;-1;-1;-1;-1;-1;-1;-1;0
6074000;;800023;200;-1;-1;-1;-1;-1;-1;-1;-1;-1;-1;-1;-1;-1;-1;0
6075000;;800023;200;-1;-1;-1;-1;-1;-1;-1;-1;-1;-1;-1;-1;-1;-1;0
7144000;;800023;200;-1;-1;-1;-1;-1;-1;-1;-1;-1;-1;-1;-1;-1;-1;0
7146000;;800023;200;-1;-1;-1;-1;-1;-1;-1;-1;-1;-1;-1;-1;-1;-1;0
7360000;;806831;200;-1;-1;-1;-1;-1;-1;-1;-1;-1;-1;-1;-1;-1;-1;0
7430000;;803440;200;-1;-1;-1;-1;-1;-1;-1;-1;-1;-1;-1;-1;-1;-1;0
7431000;;800380;200;-1;-1;-1;-1;-1;-1;-1;-1;-1;-1;-1;-1;-1;-1;0
7432000;;800380;200;-1;-1;-1;-1;-1;-1;-1;-1;-1;-1;-1;-1;-1;-1;0
7433000;;800380;200;-1;-1;-1;-1;-1;-1;-1;-1;-1;-1;-1;-1;-1;-1;0
7438000;;800023;200;-1;-1;-1;-1;-1;-1;-1;-1;-1;-1;-1;-1;-1;-1;0
7439000;;800023;200;-1;-1;-1;-1;-1;-1;-1;-1;-1;-1;-1;-1;-1;-1;0
7450000;;800380;200;-1;-1;-1;-1;-1;-1;-1;-1;-1;-1;-1;-1;-1;-1;0
7451000;;800400;200;-1;-1;-1;-1;-1;-1;-1;-1;-1;-1;-1;-1;-1;-1;0
7452000;;800400;200;-1;-1;-1;-1;-1;-1;-1;-1;-1;-1;-1;-1;-1;-1;0
7470000;;800380;200;-1;-1;-1;-1;-1;-1;-1;-1;-1;-1;-1;-1;-1;-1;0
7505000;;800380;200;-1;-1;-1;-1;-1;-1;-1;-1;-1;-1;-1;-1;-1;-1;0
7507000;;800400;200;-1;-1;-1;-1;-1;-1;-1;-1;-1;-1;-1;-1;-1;-1;0
7556000;;800380;200;-1;-1;-1;-1;-1;-1;-1;-1;-1;-1;-1;-1;-1;-1;0
7557000;;800380;200;-1;-1;-1;-1;-1;-1;-1;-1;-1;-1;-1;-1;-1;-1;0
7563000;;800380;200;-1;-1;-1;-1;-1;-1;-1;-1;-1;-1;-1;-1;-1;-1;0
7587000;;803440;200;-1;-1;-1;-1;-1;-1;-1;-1;-1;-1;-1;-1;-1;-1;0
7677000;;800400;200;-1;-1;-1;-1;-1;-1;-1;-1;-1;-1;-1;-1;-1;-1;0
7677001;;800390;200;-1;-1;-1;-1;-1;-1;-1;-1;-1;-1;-1;-1;-1;-1;0
7678000;;800400;200;-1;-1;-1;-1;-1;-1;-1;-1;-1;-1;-1;-1;-1;-1;0
7678001;;800390;200;-1;-1;-1;-1;-1;-1;-1;-1;-1;-1;-1;-1;-1;-1;0
7679000;;800400;200;-1;-1;-1;-1;-1;-1;-1;-1;-1;-1;-1;-1;-1;-1;0
7679001;;800390;200;-1;-1;-1;-1;-1;-1;-1;-1;-1;-1;-1;-1;-1;-1;0
7700000;;800400;200;-1;-1;-1;-1;-1;-1;-1;-1;-1;-1;-1;-1;-1;-1;0
20125000;;-1;200;-1;-1;-1;-1;-1;-1;-1;-1;-1;-1;-1;-1;-1;-1;0
20846000;;810202;200;-1;-1;-1;-1;-1;-1;-1;-1;-1;-1;-1;-1;-1;-1;0
20890000;;800400;200;-1;-1;-1;-1;-1;-1;-1;-1;-1;-1;-1;-1;-1;-1;0
20940000;;800400;200;-1;-1;-1;-1;-1;-1;-1;-1;-1;-1;-1;-1;-1;-1;0
20940001;;800400;-1;800420;201;-1;-1;-1;-1;-1;-1;-1;-1;-1;-1;-1;-1;0
20940003;;800370;-1;830020;201;-1;-1;-1;-1;-1;-1;-1;-1;-1;-1;-1;-1;0
20940004;;830010;200;-1;-1;-1;-1;-1;-1;-1;-1;-1;-1;-1;-1;-1;-1;0
20940006;;830011;200;-1;-1;-1;-1;-1;-1;-1;-1;-1;-1;-1;-1;-1;-1;0
20940007;;830012;200;-1;-1;-1;-1;-1;-1;-1;-1;-1;-1;-1;-1;-1;-1;0
20940008;;830030;200;800423;201;-1;-1;-1;-1;-1;-1;-1;-1;-1;-1;-1;-1;0
20940010;;-1;-1;800421;201;-1;-1;-1;-1;-1;-1;-1;-1;-1;-1;-1;-1;0
20940011;;-1;-1;800422;201;-1;-1;-1;-1;-1;-1;-1;-1;-1;-1;-1;-1;0
20942000;;800400;200;-1;-1;-1;-1;-1;-1;-1;-1;-1;-1;-1;-1;-1;-1;0
20945000;;800400;200;-1;-1;-1;-1;-1;-1;-1;-1;-1;-1;-1;-1;-1;-1;0
20945003;;800370;200;-1;-1;-1;-1;-1;-1;-1;-1;-1;-1;-1;-1;-1;-1;0
20945004;;830010;200;-1;-1;-1;-1;-1;-1;-1;-1;-1;-1;-1;-1;-1;-1;0
20945006;;830011;200;-1;-1;-1;-1;-1;-1;-1;-1;-1;-1;-1;-1;-1;-1;0
20945007;;830012;200;-1;-1;-1;-1;-1;-1;-1;-1;-1;-1;-1;-1;-1;-1;0
20945008;;830030;200;-1;-1;-1;-1;-1;-1;-1;-1;-1;-1;-1;-1;-1;-1;0
20945010;;800196;200;-1;-1;-1;-1;-1;-1;-1;-1;-1;-1;-1;-1;-1;-1;0
20945011;;800197;200;-1;-1;-1;-1;-1;-1;-1;-1;-1;-1;-1;-1;-1;-1;0
20945020;;800193;200;-1;-1;-1;-1;-1;-1;-1;-1;-1;-1;-1;-1;-1;-1;0
20945021;;800194;200;-1;-1;-1;-1;-1;-1;-1;-1;-1;-1;-1;-1;-1;-1;0
20946000;;800400;200;-1;-1;-1;-1;-1;-1;-1;-1;-1;-1;-1;-1;-1;-1;0
20946003;;800370;200;-1;-1;-1;-1;-1;-1;-1;-1;-1;-1;-1;-1;-1;-1;0
20946004;;830010;200;-1;-1;-1;-1;-1;-1;-1;-1;-1;-1;-1;-1;-1;-1;0
20946006;;830011;200;-1;-1;-1;-1;-1;-1;-1;-1;-1;-1;-1;-1;-1;-1;0
20946007;;830012;200;-1;-1;-1;-1;-1;-1;-1;-1;-1;-1;-1;-1;-1;-1;0
20946008;;830030;200;-1;-1;-1;-1;-1;-1;-1;-1;-1;-1;-1;-1;-1;-1;0
20946010;;800196;200;-1;-1;-1;-1;-1;-1;-1;-1;-1;-1;-1;-1;-1;-1;0
20946011;;800197;200;-1;-1;-1;-1;-1;-1;-1;-1;-1;-1;-1;-1;-1;-1;0
20946020;;800193;200;-1;-1;-1;-1;-1;-1;-1;-1;-1;-1;-1;-1;-1;-1;0
20946021;;800194;200;-1;-1;-1;-1;-1;-1;-1;-1;-1;-1;-1;-1;-1;-1;0
20948000;;806721;201;-1;-1;-1;-1;-1;-1;-1;-1;-1;-1;-1;-1;-1;-1;0
20949000;;806721;201;-1;-1;-1;-1;-1;-1;-1;-1;-1;-1;-1;-1;-1;-1;0
20968000;;800400;200;-1;-1;-1;-1;-1;-1;-1;-1;-1;-1;-1;-1;-1;-1;0
20968003;;800370;-1;830021;201;-1;-1;-1;-1;-1;-1;-1;-1;-1;-1;-1;-1;0
20968004;;830010;200;-1;-1;-1;-1;-1;-1;-1;-1;-1;-1;-1;-1;-1;-1;0
20968006;;830011;200;-1;-1;-1;-1;-1;-1;-1;-1;-1;-1;-1;-1;-1;-1;0
20968007;;830012;200;-1;-1;-1;-1;-1;-1;-1;-1;-1;-1;-1;-1;-1;-1;0
20983000;;800023;200;-1;-1;-1;-1;-1;-1;-1;-1;-1;-1;-1;-1;-1;-1;0
20983001;;800135;200;-1;-1;-1;-1;-1;-1;-1;-1;-1;-1;-1;-1;-1;-1;0
20983002;;800136;200;-1;-1;-1;-1;-1;-1;-1;-1;-1;-1;-1;-1;-1;-1;0
20983003;;800360;200;-1;-1;-1;-1;-1;-1;-1;-1;-1;-1;-1;-1;-1;-1;0
20983004;;830000;200;-1;-1;-1;-1;-1;-1;-1;-1;-1;-1;-1;-1;-1;-1;0
20983005;;830001;200;-1;-1;-1;-1;-1;-1;-1;-1;-1;-1;-1;-1;-1;-1;0
20983007;;830002;200;-1;-1;-1;-1;-1;-1;-1;-1;-1;-1;-1;-1;-1;-1;0
20983030;;800056;200;-1;-1;-1;-1;-1;-1;-1;-1;-1;-1;-1;-1;-1;-1;0
20983040;;800057;200;-1;-1;-1;-1;-1;-1;-1;-1;-1;-1;-1;-1;-1;-1;0
20986000;;800023;200;-1;-1;-1;-1;-1;-1;-1;-1;-1;-1;-1;-1;-1;-1;0
20989000;;800023;200;-1;-1;-1;-1;-1;-1;-1;-1;-1;-1;-1;-1;-1;-1;0
20989003;;800360;200;-1;-1;-1;-1;-1;-1;-1;-1;-1;-1;-1;-1;-1;-1;0
20989004;;830000;200;-1;-1;-1;-1;-1;-1;-1;-1;-1;-1;-1;-1;-1;-1;0
20989005;;830001;200;-1;-1;-1;-1;-1;-1;-1;-1;-1;-1;-1;-1;-1;-1;0
20989007;;830002;200;-1;-1;-1;-1;-1;-1;-1;-1;-1;-1;-1;-1;-1;-1;0
20989010;;800186;200;-1;-1;-1;-1;-1;-1;-1;-1;-1;-1;-1;-1;-1;-1;0
20989020;;800183;200;-1;-1;-1;-1;-1;-1;-1;-1;-1;-1;-1;-1;-1;-1;0
20989030;;800056;200;-1;-1;-1;-1;-1;-1;-1;-1;-1;-1;-1;-1;-1;-1;0
20989040;;800057;200;-1;-1;-1;-1;-1;-1;-1;-1;-1;-1;-1;-1;-1;-1;0
20991000;;800400;200;-1;-1;-1;-1;-1;-1;-1;-1;-1;-1;-1;-1;-1;-1;0
20991001;;800402;200;-1;-1;-1;-1;-1;-1;-1;-1;-1;-1;-1;-1;-1;-1;0
20991003;;800370;200;-1;-1;-1;-1;-1;-1;-1;-1;-1;-1;-1;-1;-1;-1;0
20991004;;830010;200;-1;-1;-1;-1;-1;-1;-1;-1;-1;-1;-1;-1;-1;-1;0
20991006;;830011;200;-1;-1;-1;-1;-1;-1;-1;-1;-1;-1;-1;-1;-1;-1;0
20991007;;830012;200;-1;-1;-1;-1;-1;-1;-1;-1;-1;-1;-1;-1;-1;-1;0
20991008;;830030;200;-1;-1;-1;-1;-1;-1;-1;-1;-1;-1;-1;-1;-1;-1;0
20991010;;800412;200;-1;-1;-1;-1;-1;-1;-1;-1;-1;-1;-1;-1;-1;-1;0
20991011;;800411;200;-1;-1;-1;-1;-1;-1;-1;-1;-1;-1;-1;-1;-1;-1;0
20991020;;800193;200;-1;-1;-1;-1;-1;-1;-1;-1;-1;-1;-1;-1;-1;-1;0
20991021;;800194;200;-1;-1;-1;-1;-1;-1;-1;-1;-1;-1;-1;-1;-1;-1;0
20991030;;800390;200;-1;-1;-1;-1;-1;-1;-1;-1;-1;-1;-1;-1;-1;-1;0
20991040;;800392;200;-1;-1;-1;-1;-1;-1;-1;-1;-1;-1;-1;-1;-1;-1;0
20992000;;800400;200;-1;-1;-1;-1;-1;-1;-1;-1;-1;-1;-1;-1;-1;-1;0
20992001;;800402;200;-1;-1;-1;-1;-1;-1;-1;-1;-1;-1;-1;-1;-1;-1;0
20992003;;800370;200;-1;-1;-1;-1;-1;-1;-1;-1;-1;-1;-1;-1;-1;-1;0
20992004;;830010;200;-1;-1;-1;-1;-1;-1;-1;-1;-1;-1;-1;-1;-1;-1;0
20992006;;830011;200;-1;-1;-1;-1;-1;-1;-1;-1;-1;-1;-1;-1;-1;-1;0
20992007;;830012;200;-1;-1;-1;-1;-1;-1;-1;-1;-1;-1;-1;-1;-1;-1;0
20992008;;830030;200;-1;-1;-1;-1;-1;-1;-1;-1;-1;-1;-1;-1;-1;-1;0
20992010;;800196;200;-1;-1;-1;-1;-1;-1;-1;-1;-1;-1;-1;-1;-1;-1;0
20992011;;800197;200;-1;-1;-1;-1;-1;-1;-1;-1;-1;-1;-1;-1;-1;-1;0
20992020;;800193;200;-1;-1;-1;-1;-1;-1;-1;-1;-1;-1;-1;-1;-1;-1;0
20992021;;800194;200;-1;-1;-1;-1;-1;-1;-1;-1;-1;-1;-1;-1;-1;-1;0
20992030;;800390;200;-1;-1;-1;-1;-1;-1;-1;-1;-1;-1;-1;-1;-1;-1;0
20992040;;800392;200;-1;-1;-1;-1;-1;-1;-1;-1;-1;-1;-1;-1;-1;-1;0
20993000;;800023;200;-1;-1;-1;-1;-1;-1;-1;-1;-1;-1;-1;-1;-1;-1;0
20993003;;800360;200;-1;-1;-1;-1;-1;-1;-1;-1;-1;-1;-1;-1;-1;-1;0
20993004;;830000;200;-1;-1;-1;-1;-1;-1;-1;-1;-1;-1;-1;-1;-1;-1;0
20993005;;830001;200;-1;-1;-1;-1;-1;-1;-1;-1;-1;-1;-1;-1;-1;-1;0
20993007;;830002;200;-1;-1;-1;-1;-1;-1;-1;-1;-1;-1;-1;-1;-1;-1;0
20993010;;800186;200;-1;-1;-1;-1;-1;-1;-1;-1;-1;-1;-1;-1;-1;-1;0
20993011;;800187;200;-1;-1;-1;-1;-1;-1;-1;-1;-1;-1;-1;-1;-1;-1;0
20993012;;800188;200;-1;-1;-1;-1;-1;-1;-1;-1;-1;-1;-1;-1;-1;-1;0
20993020;;800183;200;-1;-1;-1;-1;-1;-1;-1;-1;-1;-1;-1;-1;-1;-1;0
20993021;;800184;200;-1;-1;-1;-1;-1;-1;-1;-1;-1;-1;-1;-1;-1;-1;0
20993022;;800185;200;-1;-1;-1;-1;-1;-1;-1;-1;-1;-1;-1;-1;-1;-1;0
20993030;;800056;200;-1;-1;-1;-1;-1;-1;-1;-1;-1;-1;-1;-1;-1;-1;0
20993040;;800057;200;-1;-1;-1;-1;-1;-1;-1;-1;-1;-1;-1;-1;-1;-1;0
20994000;;800023;200;-1;-1;-1;-1;-1;-1;-1;-1;-1;-1;-1;-1;-1;-1;0
20994003;;800360;200;-1;-1;-1;-1;-1;-1;-1;-1;-1;-1;-1;-1;-1;-1;0
20994004;;830000;200;-1;-1;-1;-1;-1;-1;-1;-1;-1;-1;-1;-1;-1;-1;0
20994005;;830001;200;-1;-1;-1;-1;-1;-1;-1;-1;-1;-1;-1;-1;-1;-1;0
20994007;;830002;200;-1;-1;-1;-1;-1;-1;-1;-1;-1;-1;-1;-1;-1;-1;0
20994010;;800186;200;-1;-1;-1;-1;-1;-1;-1;-1;-1;-1;-1;-1;-1;-1;0
20994011;;800187;200;-1;-1;-1;-1;-1;-1;-1;-1;-1;-1;-1;-1;-1;-1;0
20994012;;800188;200;-1;-1;-1;-1;-1;-1;-1;-1;-1;-1;-1;-1;-1;-1;0
20994020;;800183;200;-1;-1;-1;-1;-1;-1;-1;-1;-1;-1;-1;-1;-1;-1;0
20994021;;800184;200;-1;-1;-1;-1;-1;-1;-1;-1;-1;-1;-1;-1;-1;-1;0
20994022;;800185;200;-1;-1;-1;-1;-1;-1;-1;-1;-1;-1;-1;-1;-1;-1;0
20994030;;800056;200;-1;-1;-1;-1;-1;-1;-1;-1;-1;-1;-1;-1;-1;-1;0
20994040;;800057;200;-1;-1;-1;-1;-1;-1;-1;-1;-1;-1;-1;-1;-1;-1;0
20995000;;800023;200;-1;-1;-1;-1;-1;-1;-1;-1;-1;-1;-1;-1;-1;-1;0
20995003;;800360;200;-1;-1;-1;-1;-1;-1;-1;-1;-1;-1;-1;-1;-1;-1;0
20995004;;830000;200;-1;-1;-1;-1;-1;-1;-1;-1;-1;-1;-1;-1;-1;-1;0
20995005;;830001;200;-1;-1;-1;-1;-1;-1;-1;-1;-1;-1;-1;-1;-1;-1;0
20995007;;830002;200;-1;-1;-1;-1;-1;-1;-1;-1;-1;-1;-1;-1;-1;-1;0
22010000;;834011;200;-1;-1;-1;-1;-1;-1;-1;-1;-1;-1;-1;-1;-1;-1;0
22010000;;834010;200;-1;-1;-1;-1;-1;-1;-1;-1;-1;-1;-1;-1;-1;-1;0
22029000;;800023;200;-1;-1;-1;-1;-1;-1;-1;-1;-1;-1;-1;-1;-1;-1;0
22029001;;800137;200;-1;-1;-1;-1;-1;-1;-1;-1;-1;-1;-1;-1;-1;-1;0
22029002;;834011;200;-1;-1;-1;-1;-1;-1;-1;-1;-1;-1;-1;-1;-1;-1;0
22184000;;800023;200;-1;-1;-1;-1;-1;-1;-1;-1;-1;-1;-1;-1;-1;-1;0
22184001;;800137;200;-1;-1;-1;-1;-1;-1;-1;-1;-1;-1;-1;-1;-1;-1;0
22184002;;800135;200;-1;-1;-1;-1;-1;-1;-1;-1;-1;-1;-1;-1;-1;-1;0
22184003;;800136;200;-1;-1;-1;-1;-1;-1;-1;-1;-1;-1;-1;-1;-1;-1;0
22213000;;800400;-1;834044;201;-1;-1;-1;-1;-1;-1;-1;-1;-1;-1;-1;-1;0
22246000;;834030;200;-1;-1;-1;-1;-1;-1;-1;-1;-1;-1;-1;-1;-1;-1;0
22246009;;834031;200;-1;-1;-1;-1;-1;-1;-1;-1;-1;-1;-1;-1;-1;-1;0
22262000;;800023;200;-1;-1;-1;-1;-1;-1;-1;-1;-1;-1;-1;-1;-1;-1;0
22262001;;800136;200;-1;-1;-1;-1;-1;-1;-1;-1;-1;-1;-1;-1;-1;-1;0
22300000;;834010;200;-1;-1;-1;-1;-1;-1;-1;-1;-1;-1;-1;-1;-1;-1;0
22300001;;834011;200;-1;-1;-1;-1;-1;-1;-1;-1;-1;-1;-1;-1;-1;-1;0
22301000;;834011;200;-1;-1;-1;-1;-1;-1;-1;-1;-1;-1;-1;-1;-1;-1;0
22301001;;834012;200;-1;-1;-1;-1;-1;-1;-1;-1;-1;-1;-1;-1;-1;-1;0
22310000;;834026;201;-1;-1;-1;-1;-1;-1;-1;-1;-1;-1;-1;-1;-1;-1;0
22310009;;834025;201;-1;-1;-1;-1;-1;-1;-1;-1;-1;-1;-1;-1;-1;-1;0
22311000;;800400;-1;834028;201;-1;-1;-1;-1;-1;-1;-1;-1;-1;-1;-1;-1;0
22311009;;834020;-1;834027;201;-1;-1;-1;-1;-1;-1;-1;-1;-1;-1;-1;-1;0
22312000;;800400;-1;834028;201;-1;-1;-1;-1;-1;-1;-1;-1;-1;-1;-1;-1;0
22312009;;834020;-1;834027;201;-1;-1;-1;-1;-1;-1;-1;-1;-1;-1;-1;-1;0
22905000;;834010;200;-1;-1;-1;-1;-1;-1;-1;-1;-1;-1;-1;-1;-1;-1;0
23424000;;800173;200;-1;-1;-1;-1;-1;-1;-1;-1;-1;-1;-1;-1;-1;-1;0
23425000;;800173;200;-1;-1;-1;-1;-1;-1;-1;-1;-1;-1;-1;-1;-1;-1;0
23426000;;800173;200;-1;-1;-1;-1;-1;-1;-1;-1;-1;-1;-1;-1;-1;-1;0
23733000;;800370;200;-1;-1;-1;-1;-1;-1;-1;-1;-1;-1;-1;-1;-1;-1;0
23733001;;800400;200;-1;-1;-1;-1;-1;-1;-1;-1;-1;-1;-1;-1;-1;-1;0
23733008;;830030;200;-1;-1;-1;-1;-1;-1;-1;-1;-1;-1;-1;-1;-1;-1;0
23733010;;800196;200;-1;-1;-1;-1;-1;-1;-1;-1;-1;-1;-1;-1;-1;-1;0
23733011;;800197;200;-1;-1;-1;-1;-1;-1;-1;-1;-1;-1;-1;-1;-1;-1;0
23733020;;800193;200;-1;-1;-1;-1;-1;-1;-1;-1;-1;-1;-1;-1;-1;-1;0
23733021;;800194;200;-1;-1;-1;-1;-1;-1;-1;-1;-1;-1;-1;-1;-1;-1;0
23733030;;800390;200;-1;-1;-1;-1;-1;-1;-1;-1;-1;-1;-1;-1;-1;-1;0
23733040;;800392;200;-1;-1;-1;-1;-1;-1;-1;-1;-1;-1;-1;-1;-1;-1;0
23832000;;800023;201;-1;-1;-1;-1;-1;-1;-1;-1;-1;-1;-1;-1;-1;-1;0
23833000;;800188;200;-1;-1;-1;-1;-1;-1;-1;-1;-1;-1;-1;-1;-1;-1;0
23833001;;800185;200;-1;-1;-1;-1;-1;-1;-1;-1;-1;-1;-1;-1;-1;-1;0
23862000;;800400;-1;834041;201;-1;-1;-1;-1;-1;-1;-1;-1;-1;-1;-1;-1;0
23862001;;800402;200;-1;-1;-1;-1;-1;-1;-1;-1;-1;-1;-1;-1;-1;-1;0
23862003;;800370;-1;834042;201;-1;-1;-1;-1;-1;-1;-1;-1;-1;-1;-1;-1;0
23862005;;830010;200;-1;-1;-1;-1;-1;-1;-1;-1;-1;-1;-1;-1;-1;-1;0
23862006;;830011;200;-1;-1;-1;-1;-1;-1;-1;-1;-1;-1;-1;-1;-1;-1;0
23862007;;830012;200;-1;-1;-1;-1;-1;-1;-1;-1;-1;-1;-1;-1;-1;-1;0
23862009;;834020;-1;834040;201;-1;-1;-1;-1;-1;-1;-1;-1;-1;-1;-1;-1;0
23871000;;800400;200;-1;-1;-1;-1;-1;-1;-1;-1;-1;-1;-1;-1;-1;-1;0
23871003;;800370;200;-1;-1;-1;-1;-1;-1;-1;-1;-1;-1;-1;-1;-1;-1;0
23871007;;830012;200;-1;-1;-1;-1;-1;-1;-1;-1;-1;-1;-1;-1;-1;-1;0
23871008;;830030;200;-1;-1;-1;-1;-1;-1;-1;-1;-1;-1;-1;-1;-1;-1;0
23871010;;800196;200;-1;-1;-1;-1;-1;-1;-1;-1;-1;-1;-1;-1;-1;-1;0
23871011;;800197;200;-1;-1;-1;-1;-1;-1;-1;-1;-1;-1;-1;-1;-1;-1;0
23871020;;800193;200;-1;-1;-1;-1;-1;-1;-1;-1;-1;-1;-1;-1;-1;-1;0
23871021;;800194;200;-1;-1;-1;-1;-1;-1;-1;-1;-1;-1;-1;-1;-1;-1;0
23871030;;800390;200;-1;-1;-1;-1;-1;-1;-1;-1;-1;-1;-1;-1;-1;-1;0
23871040;;800392;200;-1;-1;-1;-1;-1;-1;-1;-1;-1;-1;-1;-1;-1;-1;0
23872000;;800400;-1;830022;201;-1;-1;-1;-1;-1;-1;-1;-1;-1;-1;-1;-1;0
23872003;;800370;-1;830022;201;-1;-1;-1;-1;-1;-1;-1;-1;-1;-1;-1;-1;0
23872004;;830010;200;-1;-1;-1;-1;-1;-1;-1;-1;-1;-1;-1;-1;-1;-1;0
23872006;;830011;200;-1;-1;-1;-1;-1;-1;-1;-1;-1;-1;-1;-1;-1;-1;0
23872007;;830012;200;-1;-1;-1;-1;-1;-1;-1;-1;-1;-1;-1;-1;-1;-1;0
23873000;;800400;200;-1;-1;-1;-1;-1;-1;-1;-1;-1;-1;-1;-1;-1;-1;0
23873003;;800370;200;-1;-1;-1;-1;-1;-1;-1;-1;-1;-1;-1;-1;-1;-1;0
23873004;;830010;200;-1;-1;-1;-1;-1;-1;-1;-1;-1;-1;-1;-1;-1;-1;0
23873006;;830011;200;-1;-1;-1;-1;-1;-1;-1;-1;-1;-1;-1;-1;-1;-1;0
23873007;;830012;200;-1;-1;-1;-1;-1;-1;-1;-1;-1;-1;-1;-1;-1;-1;0
23873008;;830030;200;-1;-1;-1;-1;-1;-1;-1;-1;-1;-1;-1;-1;-1;-1;0
23873010;;800196;200;-1;-1;-1;-1;-1;-1;-1;-1;-1;-1;-1;-1;-1;-1;0
23873011;;800197;200;-1;-1;-1;-1;-1;-1;-1;-1;-1;-1;-1;-1;-1;-1;0
23873020;;800193;200;-1;-1;-1;-1;-1;-1;-1;-1;-1;-1;-1;-1;-1;-1;0
23873021;;800194;200;-1;-1;-1;-1;-1;-1;-1;-1;-1;-1;-1;-1;-1;-1;0
23873030;;800390;200;-1;-1;-1;-1;-1;-1;-1;-1;-1;-1;-1;-1;-1;-1;0
23873040;;800392;200;-1;-1;-1;-1;-1;-1;-1;-1;-1;-1;-1;-1;-1;-1;0
23874000;;800400;200;-1;-1;-1;-1;-1;-1;-1;-1;-1;-1;-1;-1;-1;-1;0
23874003;;800370;200;-1;-1;-1;-1;-1;-1;-1;-1;-1;-1;-1;-1;-1;-1;0
23874004;;830010;200;-1;-1;-1;-1;-1;-1;-1;-1;-1;-1;-1;-1;-1;-1;0
23874006;;830011;200;-1;-1;-1;-1;-1;-1;-1;-1;-1;-1;-1;-1;-1;-1;0
23874007;;830012;200;-1;-1;-1;-1;-1;-1;-1;-1;-1;-1;-1;-1;-1;-1;0
23874010;;800196;200;-1;-1;-1;-1;-1;-1;-1;-1;-1;-1;-1;-1;-1;-1;0
23874011;;800197;200;-1;-1;-1;-1;-1;-1;-1;-1;-1;-1;-1;-1;-1;-1;0
23874020;;800193;200;-1;-1;-1;-1;-1;-1;-1;-1;-1;-1;-1;-1;-1;-1;0
23874021;;800194;200;-1;-1;-1;-1;-1;-1;-1;-1;-1;-1;-1;-1;-1;-1;0
23874030;;800390;200;-1;-1;-1;-1;-1;-1;-1;-1;-1;-1;-1;-1;-1;-1;0
23874040;;800392;200;-1;-1;-1;-1;-1;-1;-1;-1;-1;-1;-1;-1;-1;-1;0
23875000;;800400;200;-1;-1;-1;-1;-1;-1;-1;-1;-1;-1;-1;-1;-1;-1;0
23875003;;800370;200;-1;-1;-1;-1;-1;-1;-1;-1;-1;-1;-1;-1;-1;-1;0
23875004;;830010;200;-1;-1;-1;-1;-1;-1;-1;-1;-1;-1;-1;-1;-1;-1;0
23875006;;830011;200;-1;-1;-1;-1;-1;-1;-1;-1;-1;-1;-1;-1;-1;-1;0
23875007;;830012;200;-1;-1;-1;-1;-1;-1;-1;-1;-1;-1;-1;-1;-1;-1;0
23875010;;800196;200;-1;-1;-1;-1;-1;-1;-1;-1;-1;-1;-1;-1;-1;-1;0
23875011;;800197;200;-1;-1;-1;-1;-1;-1;-1;-1;-1;-1;-1;-1;-1;-1;0
23875020;;800193;200;-1;-1;-1;-1;-1;-1;-1;-1;-1;-1;-1;-1;-1;-1;0
23875021;;800194;200;-1;-1;-1;-1;-1;-1;-1;-1;-1;-1;-1;-1;-1;-1;0
23875030;;800390;200;-1;-1;-1;-1;-1;-1;-1;-1;-1;-1;-1;-1;-1;-1;0
23875040;;800392;200;-1;-1;-1;-1;-1;-1;-1;-1;-1;-1;-1;-1;-1;-1;0
23876003;;800370;200;-1;-1;-1;-1;-1;-1;-1;-1;-1;-1;-1;-1;-1;-1;0
23876010;;800196;200;-1;-1;-1;-1;-1;-1;-1;-1;-1;-1;-1;-1;-1;-1;0
23876011;;800197;200;-1;-1;-1;-1;-1;-1;-1;-1;-1;-1;-1;-1;-1;-1;0
23876020;;800193;200;-1;-1;-1;-1;-1;-1;-1;-1;-1;-1;-1;-1;-1;-1;0
23876021;;800194;200;-1;-1;-1;-1;-1;-1;-1;-1;-1;-1;-1;-1;-1;-1;0
23876030;;800390;200;-1;-1;-1;-1;-1;-1;-1;-1;-1;-1;-1;-1;-1;-1;0
23876040;;800392;200;-1;-1;-1;-1;-1;-1;-1;-1;-1;-1;-1;-1;-1;-1;0
23877000;;800400;200;-1;-1;-1;-1;-1;-1;-1;-1;-1;-1;-1;-1;-1;-1;0
23877003;;800370;200;-1;-1;-1;-1;-1;-1;-1;-1;-1;-1;-1;-1;-1;-1;0
23877004;;830010;200;-1;-1;-1;-1;-1;-1;-1;-1;-1;-1;-1;-1;-1;-1;0
23877006;;830011;200;-1;-1;-1;-1;-1;-1;-1;-1;-1;-1;-1;-1;-1;-1;0
23877007;;830012;200;-1;-1;-1;-1;-1;-1;-1;-1;-1;-1;-1;-1;-1;-1;0
23878000;;800400;200;-1;-1;-1;-1;-1;-1;-1;-1;-1;-1;-1;-1;-1;-1;0
23878003;;800370;200;-1;-1;-1;-1;-1;-1;-1;-1;-1;-1;-1;-1;-1;-1;0
23878004;;830010;200;-1;-1;-1;-1;-1;-1;-1;-1;-1;-1;-1;-1;-1;-1;0
23878006;;830011;200;-1;-1;-1;-1;-1;-1;-1;-1;-1;-1;-1;-1;-1;-1;0
23878007;;830012;200;-1;-1;-1;-1;-1;-1;-1;-1;-1;-1;-1;-1;-1;-1;0
23878008;;830030;200;-1;-1;-1;-1;-1;-1;-1;-1;-1;-1;-1;-1;-1;-1;0
23878010;;800196;200;-1;-1;-1;-1;-1;-1;-1;-1;-1;-1;-1;-1;-1;-1;0
23878011;;800197;200;-1;-1;-1;-1;-1;-1;-1;-1;-1;-1;-1;-1;-1;-1;0
23878020;;800193;200;-1;-1;-1;-1;-1;-1;-1;-1;-1;-1;-1;-1;-1;-1;0
23878021;;800194;200;-1;-1;-1;-1;-1;-1;-1;-1;-1;-1;-1;-1;-1;-1;0
23878030;;800390;200;-1;-1;-1;-1;-1;-1;-1;-1;-1;-1;-1;-1;-1;-1;0
23878040;;800392;200;-1;-1;-1;-1;-1;-1;-1;-1;-1;-1;-1;-1;-1;-1;0
23879000;;800400;200;-1;-1;-1;-1;-1;-1;-1;-1;-1;-1;-1;-1;-1;-1;0
23879003;;800370;200;-1;-1;-1;-1;-1;-1;-1;-1;-1;-1;-1;-1;-1;-1;0
23879004;;830010;200;-1;-1;-1;-1;-1;-1;-1;-1;-1;-1;-1;-1;-1;-1;0
23879006;;830011;200;-1;-1;-1;-1;-1;-1;-1;-1;-1;-1;-1;-1;-1;-1;0
23879007;;830012;200;-1;-1;-1;-1;-1;-1;-1;-1;-1;-1;-1;-1;-1;-1;0
23879008;;830030;200;-1;-1;-1;-1;-1;-1;-1;-1;-1;-1;-1;-1;-1;-1;0
23879010;;800196;200;-1;-1;-1;-1;-1;-1;-1;-1;-1;-1;-1;-1;-1;-1;0
23879011;;800197;200;-1;-1;-1;-1;-1;-1;-1;-1;-1;-1;-1;-1;-1;-1;0
23879020;;800193;200;-1;-1;-1;-1;-1;-1;-1;-1;-1;-1;-1;-1;-1;-1;0
23879021;;800194;200;-1;-1;-1;-1;-1;-1;-1;-1;-1;-1;-1;-1;-1;-1;0
23879030;;800390;200;-1;-1;-1;-1;-1;-1;-1;-1;-1;-1;-1;-1;-1;-1;0
23879040;;800392;200;-1;-1;-1;-1;-1;-1;-1;-1;-1;-1;-1;-1;-1;-1;0
23885000;;800400;200;-1;-1;-1;-1;-1;-1;-1;-1;-1;-1;-1;-1;-1;-1;0
23885003;;800370;200;-1;-1;-1;-1;-1;-1;-1;-1;-1;-1;-1;-1;-1;-1;0
23885008;;830030;200;-1;-1;-1;-1;-1;-1;-1;-1;-1;-1;-1;-1;-1;-1;0
23900000;;800400;200;-1;-1;-1;-1;-1;-1;-1;-1;-1;-1;-1;-1;-1;-1;0
23900001;;800402;200;-1;-1;-1;-1;-1;-1;-1;-1;-1;-1;-1;-1;-1;-1;0
24157000;;818000;200;-1;-1;-1;-1;-1;-1;-1;-1;-1;-1;-1;-1;-1;-1;0
24157003;;800360;200;-1;-1;-1;-1;-1;-1;-1;-1;-1;-1;-1;-1;-1;-1;0
24157010;;800186;200;-1;-1;-1;-1;-1;-1;-1;-1;-1;-1;-1;-1;-1;-1;0
24157020;;800183;200;-1;-1;-1;-1;-1;-1;-1;-1;-1;-1;-1;-1;-1;-1;0
24185000;;800024;200;-1;-1;-1;-1;-1;-1;-1;-1;-1;-1;-1;-1;-1;-1;0
24670000;;800024;200;-1;-1;-1;-1;-1;-1;-1;-1;-1;-1;-1;-1;-1;-1;0
24826000;;800400;200;-1;-1;-1;-1;-1;-1;-1;-1;-1;-1;-1;-1;-1;-1;0
27003000;;800061;100;800061;101;800061;102;800061;103;-1;-1;-1;-1;-1;-1;-1;-1;0
27017000;;800400;200;-1;-1;-1;-1;-1;-1;-1;-1;-1;-1;-1;-1;-1;-1;0
27022000;;800400;200;-1;-1;-1;-1;-1;-1;-1;-1;-1;-1;-1;-1;-1;-1;0
27022001;;800402;200;-1;-1;-1;-1;-1;-1;-1;-1;-1;-1;-1;-1;-1;-1;0
27022010;;800412;200;-1;-1;-1;-1;-1;-1;-1;-1;-1;-1;-1;-1;-1;-1;0
27022011;;800411;200;-1;-1;-1;-1;-1;-1;-1;-1;-1;-1;-1;-1;-1;-1;0
27023000;;800400;200;-1;-1;-1;-1;-1;-1;-1;-1;-1;-1;-1;-1;-1;-1;0
27023001;;800402;200;-1;-1;-1;-1;-1;-1;-1;-1;-1;-1;-1;-1;-1;-1;0
27023010;;800412;200;-1;-1;-1;-1;-1;-1;-1;-1;-1;-1;-1;-1;-1;-1;0
27023011;;800411;200;-1;-1;-1;-1;-1;-1;-1;-1;-1;-1;-1;-1;-1;-1;0
27065000;;806721;201;-1;-1;-1;-1;-1;-1;-1;-1;-1;-1;-1;-1;-1;-1;0
27078000;;806040;200;806040;201;-1;-1;-1;-1;-1;-1;-1;-1;-1;-1;-1;-1;0
27078001;;-1;-1;806040;201;-1;-1;-1;-1;-1;-1;-1;-1;-1;-1;-1;-1;0
27079000;;806040;200;-1;-1;-1;-1;-1;-1;-1;-1;-1;-1;-1;-1;-1;-1;0
27101000;;800400;-1;831000;201;-1;-1;-1;-1;-1;-1;-1;-1;-1;-1;-1;-1;0
27114000;;800023;200;-1;-1;-1;-1;-1;-1;-1;-1;-1;-1;-1;-1;-1;-1;0
27115003;;800370;200;-1;-1;-1;-1;-1;-1;-1;-1;-1;-1;-1;-1;-1;-1;0
27115004;;830010;200;-1;-1;-1;-1;-1;-1;-1;-1;-1;-1;-1;-1;-1;-1;0
27115006;;830011;200;-1;-1;-1;-1;-1;-1;-1;-1;-1;-1;-1;-1;-1;-1;0
27115007;;830012;200;-1;-1;-1;-1;-1;-1;-1;-1;-1;-1;-1;-1;-1;-1;0
27115008;;830030;200;-1;-1;-1;-1;-1;-1;-1;-1;-1;-1;-1;-1;-1;-1;0
27115030;;800390;200;-1;-1;-1;-1;-1;-1;-1;-1;-1;-1;-1;-1;-1;-1;0
27115040;;800392;200;-1;-1;-1;-1;-1;-1;-1;-1;-1;-1;-1;-1;-1;-1;0
27135000;;800023;200;-1;-1;-1;-1;-1;-1;-1;-1;-1;-1;-1;-1;-1;-1;0
27135003;;800360;200;-1;-1;-1;-1;-1;-1;-1;-1;-1;-1;-1;-1;-1;-1;0
27135004;;830000;200;-1;-1;-1;-1;-1;-1;-1;-1;-1;-1;-1;-1;-1;-1;0
27135005;;830001;200;-1;-1;-1;-1;-1;-1;-1;-1;-1;-1;-1;-1;-1;-1;0
27135007;;830002;200;-1;-1;-1;-1;-1;-1;-1;-1;-1;-1;-1;-1;-1;-1;0
27135010;;800186;200;-1;-1;-1;-1;-1;-1;-1;-1;-1;-1;-1;-1;-1;-1;0
27135011;;800187;200;-1;-1;-1;-1;-1;-1;-1;-1;-1;-1;-1;-1;-1;-1;0
27135012;;800188;200;-1;-1;-1;-1;-1;-1;-1;-1;-1;-1;-1;-1;-1;-1;0
27135020;;800183;200;-1;-1;-1;-1;-1;-1;-1;-1;-1;-1;-1;-1;-1;-1;0
27135021;;800184;200;-1;-1;-1;-1;-1;-1;-1;-1;-1;-1;-1;-1;-1;-1;0
27135022;;800185;200;-1;-1;-1;-1;-1;-1;-1;-1;-1;-1;-1;-1;-1;-1;0
27136000;;800023;200;-1;-1;-1;-1;-1;-1;-1;-1;-1;-1;-1;-1;-1;-1;0
27136003;;800360;200;-1;-1;-1;-1;-1;-1;-1;-1;-1;-1;-1;-1;-1;-1;0
27136004;;830000;200;-1;-1;-1;-1;-1;-1;-1;-1;-1;-1;-1;-1;-1;-1;0
27136005;;830001;200;-1;-1;-1;-1;-1;-1;-1;-1;-1;-1;-1;-1;-1;-1;0
27136007;;830002;200;-1;-1;-1;-1;-1;-1;-1;-1;-1;-1;-1;-1;-1;-1;0
27136010;;800186;200;-1;-1;-1;-1;-1;-1;-1;-1;-1;-1;-1;-1;-1;-1;0
27136011;;800187;200;-1;-1;-1;-1;-1;-1;-1;-1;-1;-1;-1;-1;-1;-1;0
27136012;;800188;200;-1;-1;-1;-1;-1;-1;-1;-1;-1;-1;-1;-1;-1;-1;0
27136020;;800183;200;-1;-1;-1;-1;-1;-1;-1;-1;-1;-1;-1;-1;-1;-1;0
27136021;;800184;200;-1;-1;-1;-1;-1;-1;-1;-1;-1;-1;-1;-1;-1;-1;0
27136022;;800185;200;-1;-1;-1;-1;-1;-1;-1;-1;-1;-1;-1;-1;-1;-1;0
27137003;;800370;200;-1;-1;-1;-1;-1;-1;-1;-1;-1;-1;-1;-1;-1;-1;0
27137004;;830010;200;-1;-1;-1;-1;-1;-1;-1;-1;-1;-1;-1;-1;-1;-1;0
27137006;;830011;200;-1;-1;-1;-1;-1;-1;-1;-1;-1;-1;-1;-1;-1;-1;0
27137007;;830012;200;-1;-1;-1;-1;-1;-1;-1;-1;-1;-1;-1;-1;-1;-1;0
27145000;;802020;200;-1;-1;-1;-1;-1;-1;-1;-1;-1;-1;-1;-1;-1;-1;0
27148000;;802020;200;-1;-1;-1;-1;-1;-1;-1;-1;-1;-1;-1;-1;-1;-1;0
27162003;;800360;200;-1;-1;-1;-1;-1;-1;-1;-1;-1;-1;-1;-1;-1;-1;0
27162004;;830000;200;-1;-1;-1;-1;-1;-1;-1;-1;-1;-1;-1;-1;-1;-1;0
27162005;;830001;200;-1;-1;-1;-1;-1;-1;-1;-1;-1;-1;-1;-1;-1;-1;0
27162007;;830002;200;-1;-1;-1;-1;-1;-1;-1;-1;-1;-1;-1;-1;-1;-1;0
27162010;;800186;200;-1;-1;-1;-1;-1;-1;-1;-1;-1;-1;-1;-1;-1;-1;0
27162011;;800187;200;-1;-1;-1;-1;-1;-1;-1;-1;-1;-1;-1;-1;-1;-1;0
27162012;;800188;200;-1;-1;-1;-1;-1;-1;-1;-1;-1;-1;-1;-1;-1;-1;0
27162020;;800183;200;-1;-1;-1;-1;-1;-1;-1;-1;-1;-1;-1;-1;-1;-1;0
27162021;;800184;200;-1;-1;-1;-1;-1;-1;-1;-1;-1;-1;-1;-1;-1;-1;0
27162022;;800185;200;-1;-1;-1;-1;-1;-1;-1;-1;-1;-1;-1;-1;-1;-1;0
27162030;;800056;200;-1;-1;-1;-1;-1;-1;-1;-1;-1;-1;-1;-1;-1;-1;0
27162040;;800057;200;-1;-1;-1;-1;-1;-1;-1;-1;-1;-1;-1;-1;-1;-1;0
27163003;;800360;200;-1;-1;-1;-1;-1;-1;-1;-1;-1;-1;-1;-1;-1;-1;0
27163004;;830000;200;-1;-1;-1;-1;-1;-1;-1;-1;-1;-1;-1;-1;-1;-1;0
27163005;;830001;200;-1;-1;-1;-1;-1;-1;-1;-1;-1;-1;-1;-1;-1;-1;0
27163007;;830002;200;-1;-1;-1;-1;-1;-1;-1;-1;-1;-1;-1;-1;-1;-1;0
27163010;;800186;200;-1;-1;-1;-1;-1;-1;-1;-1;-1;-1;-1;-1;-1;-1;0
27163011;;800187;200;-1;-1;-1;-1;-1;-1;-1;-1;-1;-1;-1;-1;-1;-1;0
27163012;;800188;200;-1;-1;-1;-1;-1;-1;-1;-1;-1;-1;-1;-1;-1;-1;0
27163020;;800183;200;-1;-1;-1;-1;-1;-1;-1;-1;-1;-1;-1;-1;-1;-1;0
27163021;;800184;200;-1;-1;-1;-1;-1;-1;-1;-1;-1;-1;-1;-1;-1;-1;0
27163022;;800185;200;-1;-1;-1;-1;-1;-1;-1;-1;-1;-1;-1;-1;-1;-1;0
27163030;;800056;200;-1;-1;-1;-1;-1;-1;-1;-1;-1;-1;-1;-1;-1;-1;0
27163040;;800057;200;-1;-1;-1;-1;-1;-1;-1;-1;-1;-1;-1;-1;-1;-1;0
27176003;;800370;200;-1;-1;-1;-1;-1;-1;-1;-1;-1;-1;-1;-1;-1;-1;0
27176004;;800370;201;-1;-1;-1;-1;-1;-1;-1;-1;-1;-1;-1;-1;-1;-1;0
27178000;;806720;200;-1;-1;-1;-1;-1;-1;-1;-1;-1;-1;-1;-1;-1;-1;0
27188000;;800402;200;-1;-1;-1;-1;-1;-1;-1;-1;-1;-1;-1;-1;-1;-1;0
27188009;;834020;200;-1;-1;-1;-1;-1;-1;-1;-1;-1;-1;-1;-1;-1;-1;0
27189000;;800402;200;-1;-1;-1;-1;-1;-1;-1;-1;-1;-1;-1;-1;-1;-1;0
27189009;;834020;200;-1;-1;-1;-1;-1;-1;-1;-1;-1;-1;-1;-1;-1;-1;0
27194000;;800402;200;-1;-1;-1;-1;-1;-1;-1;-1;-1;-1;-1;-1;-1;-1;0
27194009;;834020;200;-1;-1;-1;-1;-1;-1;-1;-1;-1;-1;-1;-1;-1;-1;0
27195000;;800402;200;-1;-1;-1;-1;-1;-1;-1;-1;-1;-1;-1;-1;-1;-1;0
27195009;;834020;200;-1;-1;-1;-1;-1;-1;-1;-1;-1;-1;-1;-1;-1;-1;0
27196000;;800402;200;-1;-1;-1;-1;-1;-1;-1;-1;-1;-1;-1;-1;-1;-1;0
27196009;;834020;200;-1;-1;-1;-1;-1;-1;-1;-1;-1;-1;-1;-1;-1;-1;0
27213000;;800023;200;-1;-1;-1;-1;-1;-1;-1;-1;-1;-1;-1;-1;-1;-1;0
27214003;;800370;201;-1;-1;-1;-1;-1;-1;-1;-1;-1;-1;-1;-1;-1;-1;0
30024000;;800023;200;-1;-1;-1;-1;-1;-1;-1;-1;-1;-1;-1;-1;-1;-1;0
30026000;;800400;200;-1;-1;-1;-1;-1;-1;-1;-1;-1;-1;-1;-1;-1;-1;0
30027000;;800031;200;-1;-1;-1;-1;-1;-1;-1;-1;-1;-1;-1;-1;-1;-1;0
30196000;;800023;200;-1;-1;-1;-1;-1;-1;-1;-1;-1;-1;-1;-1;-1;-1;0
30639000;;800023;200;-1;-1;-1;-1;-1;-1;-1;-1;-1;-1;-1;-1;-1;-1;0
30669000;;800023;200;-1;-1;-1;-1;-1;-1;-1;-1;-1;-1;-1;-1;-1;-1;0
30670000;;800023;200;-1;-1;-1;-1;-1;-1;-1;-1;-1;-1;-1;-1;-1;-1;0
30924000;;800380;200;-1;-1;-1;-1;-1;-1;-1;-1;-1;-1;-1;-1;-1;-1;0
30925000;;800290;200;-1;-1;-1;-1;-1;-1;-1;-1;-1;-1;-1;-1;-1;-1;0
94900000;;806800;200;-1;-1;-1;-1;-1;-1;-1;-1;-1;-1;-1;-1;-1;-1;0
99003000;;6;101;-1;-1;-1;-1;-1;-1;-1;-1;-1;-1;-1;-1;-1;-1;0
99004000;;800400;200;800400;201;-1;-1;-1;-1;-1;-1;-1;-1;-1;-1;-1;-1;0
99010000;;805000;100;-1;-1;-1;-1;-1;-1;-1;-1;-1;-1;-1;-1;-1;-1;0
99011000;;800202;100;-1;-1;-1;-1;-1;-1;-1;-1;-1;-1;-1;-1;-1;-1;0
99012000;;800033;100;-1;-1;-1;-1;-1;-1;-1;-1;-1;-1;-1;-1;-1;-1;0
99015000;;36;100;-1;-1;-1;-1;-1;-1;-1;-1;-1;-1;-1;-1;-1;-1;0
99018000;;806710;200;-1;-1;-1;-1;-1;-1;-1;-1;-1;-1;-1;-1;-1;-1;0
99023000;;800400;200;800400;201;-1;-1;-1;-1;-1;-1;-1;-1;-1;-1;-1;-1;0
99038000;;806010;90;-1;-1;-1;-1;-1;-1;-1;-1;-1;-1;-1;-1;-1;-1;0
99046000;;-1;100;-1;-1;-1;-1;-1;-1;-1;-1;-1;-1;-1;-1;-1;-1;0
99047000;;800023;100;-1;-1;-1;-1;-1;-1;-1;-1;-1;-1;-1;-1;-1;-1;0
99048000;;-1;100;-1;-1;-1;-1;-1;-1;-1;-1;-1;-1;-1;-1;-1;-1;0
99055000;;810202;200;-1;-1;-1;-1;-1;-1;-1;-1;-1;-1;-1;-1;-1;-1;0
99063000;;6500;200;-1;-1;-1;-1;-1;-1;-1;-1;-1;-1;-1;-1;-1;-1;0
99070000;;803220;200;-1;-1;-1;-1;-1;-1;-1;-1;-1;-1;-1;-1;-1;-1;0
99130000;;806831;200;-1;-1;-1;-1;-1;-1;-1;-1;-1;-1;-1;-1;-1;-1;0
99135000;;806050;200;-1;-1;-1;-1;-1;-1;-1;-1;-1;-1;-1;-1;-1;-1;0
99139000;;800400;200;-1;-1;-1;-1;-1;-1;-1;-1;-1;-1;-1;-1;-1;-1;0
99160000;;803160;200;-1;-1;-1;-1;-1;-1;-1;-1;-1;-1;-1;-1;-1;-1;0
99220000;;806710;200;-1;-1;-1;-1;-1;-1;-1;-1;-1;-1;-1;-1;-1;-1;0
99230000;;806760;101;-1;-1;-1;-1;-1;-1;-1;-1;-1;-1;-1;-1;-1;-1;0
99231000;;806761;101;-1;-1;-1;-1;-1;-1;-1;-1;-1;-1;-1;-1;-1;-1;0
99232000;;806762;101;-1;-1;-1;-1;-1;-1;-1;-1;-1;-1;-1;-1;-1;-1;0
99255000;;806701;200;-1;-1;-1;-1;-1;-1;-1;-1;-1;-1;-1;-1;-1;-1;0
99260000;;803240;200;-1;-1;-1;-1;-1;-1;-1;-1;-1;-1;-1;-1;-1;-1;0
99261000;;803241;200;-1;-1;-1;-1;-1;-1;-1;-1;-1;-1;-1;-1;-1;-1;0
99262000;;803245;200;-1;-1;-1;-1;-1;-1;-1;-1;-1;-1;-1;-1;-1;-1;0
99263000;;803246;200;-1;-1;-1;-1;-1;-1;-1;-1;-1;-1;-1;-1;-1;-1;0
99295000;;806080;200;-1;-1;-1;-1;-1;-1;-1;-1;-1;-1;-1;-1;-1;-1;0
99304000;;803450;200;-1;-1;-1;-1;-1;-1;-1;-1;-1;-1;-1;-1;-1;-1;0
99309000;;803450;200;-1;-1;-1;-1;-1;-1;-1;-1;-1;-1;-1;-1;-1;-1;0
99315000;;800291;200;-1;-1;-1;-1;-1;-1;-1;-1;-1;-1;-1;-1;-1;-1;0
99316000;;800291;200;-1;-1;-1;-1;-1;-1;-1;-1;-1;-1;-1;-1;-1;-1;0
99321000;;803450;200;-1;-1;-1;-1;-1;-1;-1;-1;-1;-1;-1;-1;-1;-1;0
99371000;;806840;200;-1;-1;-1;-1;-1;-1;-1;-1;-1;-1;-1;-1;-1;-1;0
99374000;;803131;200;-1;-1;-1;-1;-1;-1;-1;-1;-1;-1;-1;-1;-1;-1;0
99390000;;302450;100;-1;-1;-1;-1;-1;-1;-1;-1;-1;-1;-1;-1;-1;-1;0
99510000;;806870;200;-1;-1;-1;-1;-1;-1;-1;-1;-1;-1;-1;-1;-1;-1;0
99635000;;803300;200;-1;-1;-1;-1;-1;-1;-1;-1;-1;-1;-1;-1;-1;-1;0
99684000;;803182;200;-1;-1;-1;-1;-1;-1;-1;-1;-1;-1;-1;-1;-1;-1;0
99687000;;803182;200;-1;-1;-1;-1;-1;-1;-1;-1;-1;-1;-1;-1;-1;-1;0
99795000;;803311;200;-1;-1;-1;-1;-1;-1;-1;-1;-1;-1;-1;-1;-1;-1;0
99796000;;803310;200;-1;-1;-1;-1;-1;-1;-1;-1;-1;-1;-1;-1;-1;-1;0
99800000;;803183;201;-1;-1;-1;-1;-1;-1;-1;-1;-1;-1;-1;-1;-1;-1;0
99801000;;803181;201;-1;-1;-1;-1;-1;-1;-1;-1;-1;-1;-1;-1;-1;-1;0
99802000;;803184;201;-1;-1;-1;-1;-1;-1;-1;-1;-1;-1;-1;-1;-1;-1;0
99845000;;803186;200;-1;-1;-1;-1;-1;-1;-1;-1;-1;-1;-1;-1;-1;-1;0
99930000;;803460;200;-1;-1;-1;-1;-1;-1;-1;-1;-1;-1;-1;-1;-1;-1;0
99931000;;803461;200;-1;-1;-1;-1;-1;-1;-1;-1;-1;-1;-1;-1;-1;-1;0
99932000;;803462;200;-1;-1;-1;-1;-1;-1;-1;-1;-1;-1;-1;-1;-1;-1;0
99933000;;803463;200;-1;-1;-1;-1;-1;-1;-1;-1;-1;-1;-1;-1;-1;-1;0
99934000;;803464;200;-1;-1;-1;-1;-1;-1;-1;-1;-1;-1;-1;-1;-1;-1;0
99935000;;803465;200;-1;-1;-1;-1;-1;-1;-1;-1;-1;-1;-1;-1;-1;-1;0
99936000;;803466;200;-1;-1;-1;-1;-1;-1;-1;-1;-1;-1;-1;-1;-1;-1;0
99937000;;803467;200;-1;-1;-1;-1;-1;-1;-1;-1;-1;-1;-1;-1;-1;-1;0
99938000;;803468;200;-1;-1;-1;-1;-1;-1;-1;-1;-1;-1;-1;-1;-1;-1;0
99939000;;803469;200;-1;-1;-1;-1;-1;-1;-1;-1;-1;-1;-1;-1;-1;-1;0
100101000;;800400;201;-1;-1;-1;-1;-1;-1;-1;-1;-1;-1;-1;-1;-1;-1;0
110029000;;810205;200;-1;-1;-1;-1;-1;-1;-1;-1;-1;-1;-1;-1;-1;-1;0
110039000;;815004;200;-1;-1;-1;-1;-1;-1;-1;-1;-1;-1;-1;-1;-1;-1;0
110059000;;803180;200;-1;-1;-1;-1;-1;-1;-1;-1;-1;-1;-1;-1;-1;-1;0
110061000;;802010;200;-1;-1;-1;-1;-1;-1;-1;-1;-1;-1;-1;-1;-1;-1;0
110062000;;800056;200;-1;-1;-1;-1;-1;-1;-1;-1;-1;-1;-1;-1;-1;-1;0
110178000;;800550;200;-1;-1;-1;-1;-1;-1;-1;-1;-1;-1;-1;-1;-1;-1;0
110247000;;800023;200;-1;-1;-1;-1;-1;-1;-1;-1;-1;-1;-1;-1;-1;-1;0
110300000;;800400;200;-1;-1;-1;-1;-1;-1;-1;-1;-1;-1;-1;-1;-1;-1;0
110301000;;800400;200;-1;-1;-1;-1;-1;-1;-1;-1;-1;-1;-1;-1;-1;-1;0
110301001;;800390;200;-1;-1;-1;-1;-1;-1;-1;-1;-1;-1;-1;-1;-1;-1;0
110304000;;800400;200;-1;-1;-1;-1;-1;-1;-1;-1;-1;-1;-1;-1;-1;-1;0
110304001;;800390;200;-1;-1;-1;-1;-1;-1;-1;-1;-1;-1;-1;-1;-1;-1;0
110309000;;800400;200;-1;-1;-1;-1;-1;-1;-1;-1;-1;-1;-1;-1;-1;-1;0
110318000;;800400;200;-1;-1;-1;-1;-1;-1;-1;-1;-1;-1;-1;-1;-1;-1;0
110318001;;800390;200;-1;-1;-1;-1;-1;-1;-1;-1;-1;-1;-1;-1;-1;-1;0
110345000;;800400;200;-1;-1;-1;-1;-1;-1;-1;-1;-1;-1;-1;-1;-1;-1;0
110345001;;800390;200;-1;-1;-1;-1;-1;-1;-1;-1;-1;-1;-1;-1;-1;-1;0
210281000;;810260;201;-1;-1;-1;-1;-1;-1;-1;-1;-1;-1;-1;-1;-1;-1;0
210282000;;810261;201;-1;-1;-1;-1;-1;-1;-1;-1;-1;-1;-1;-1;-1;-1;0
210283000;;810202;200;-1;-1;-1;-1;-1;-1;-1;-1;-1;-1;-1;-1;-1;-1;0
210284000;;810202;200;-1;-1;-1;-1;-1;-1;-1;-1;-1;-1;-1;-1;-1;-1;0
210639000;;810201;201;-1;-1;-1;-1;-1;-1;-1;-1;-1;-1;-1;-1;-1;-1;0
217000000;;800023;200;-1;-1;-1;-1;-1;-1;-1;-1;-1;-1;-1;-1;-1;-1;0
217000001;;800025;200;-1;-1;-1;-1;-1;-1;-1;-1;-1;-1;-1;-1;-1;-1;0
217000002;;810235;200;-1;-1;-1;-1;-1;-1;-1;-1;-1;-1;-1;-1;-1;-1;0
217000003;;810232;200;-1;-1;-1;-1;-1;-1;-1;-1;-1;-1;-1;-1;-1;-1;0
217000004;;810233;200;-1;-1;-1;-1;-1;-1;-1;-1;-1;-1;-1;-1;-1;-1;0
217000005;;800020;200;-1;-1;-1;-1;-1;-1;-1;-1;-1;-1;-1;-1;-1;-1;0
217000006;;800360;200;-1;-1;-1;-1;-1;-1;-1;-1;-1;-1;-1;-1;-1;-1;0
217000007;;800361;200;-1;-1;-1;-1;-1;-1;-1;-1;-1;-1;-1;-1;-1;-1;0
217001000;;810202;200;-1;-1;-1;-1;-1;-1;-1;-1;-1;-1;-1;-1;-1;-1;0
217001001;;810205;200;-1;-1;-1;-1;-1;-1;-1;-1;-1;-1;-1;-1;-1;-1;0
217001002;;810231;200;-1;-1;-1;-1;-1;-1;-1;-1;-1;-1;-1;-1;-1;-1;0
217001003;;810236;200;-1;-1;-1;-1;-1;-1;-1;-1;-1;-1;-1;-1;-1;-1;0
217001004;;810237;200;-1;-1;-1;-1;-1;-1;-1;-1;-1;-1;-1;-1;-1;-1;0
217001005;;800401;200;-1;-1;-1;-1;-1;-1;-1;-1;-1;-1;-1;-1;-1;-1;0
217002000;;810201;201;-1;-1;-1;-1;-1;-1;-1;-1;-1;-1;-1;-1;-1;-1;0
217003000;;810202;200;-1;-1;-1;-1;-1;-1;-1;-1;-1;-1;-1;-1;-1;-1;0
217003001;;810205;200;-1;-1;-1;-1;-1;-1;-1;-1;-1;-1;-1;-1;-1;-1;0
217004000;;810202;200;-1;-1;-1;-1;-1;-1;-1;-1;-1;-1;-1;-1;-1;-1;0
217005000;;810206;200;-1;-1;-1;-1;-1;-1;-1;-1;-1;-1;-1;-1;-1;-1;0
217006000;;810207;201;-1;-1;-1;-1;-1;-1;-1;-1;-1;-1;-1;-1;-1;-1;0
217007000;;800023;200;-1;-1;-1;-1;-1;-1;-1;-1;-1;-1;-1;-1;-1;-1;0
217007001;;810235;200;-1;-1;-1;-1;-1;-1;-1;-1;-1;-1;-1;-1;-1;-1;0
217007002;;810232;200;-1;-1;-1;-1;-1;-1;-1;-1;-1;-1;-1;-1;-1;-1;0
217007003;;810233;200;-1;-1;-1;-1;-1;-1;-1;-1;-1;-1;-1;-1;-1;-1;0
217007004;;800020;200;-1;-1;-1;-1;-1;-1;-1;-1;-1;-1;-1;-1;-1;-1;0
217008000;;810208;201;-1;-1;-1;-1;-1;-1;-1;-1;-1;-1;-1;-1;-1;-1;0
217009000;;810209;201;-1;-1;-1;-1;-1;-1;-1;-1;-1;-1;-1;-1;-1;-1;0
217011000;;810230;201;-1;-1;-1;-1;-1;-1;-1;-1;-1;-1;-1;-1;-1;-1;0
217012000;;800023;200;-1;-1;-1;-1;-1;-1;-1;-1;-1;-1;-1;-1;-1;-1;0
217012001;;800025;200;-1;-1;-1;-1;-1;-1;-1;-1;-1;-1;-1;-1;-1;-1;0
217012002;;810235;200;-1;-1;-1;-1;-1;-1;-1;-1;-1;-1;-1;-1;-1;-1;0
217012003;;810232;200;-1;-1;-1;-1;-1;-1;-1;-1;-1;-1;-1;-1;-1;-1;0
217012004;;810233;200;-1;-1;-1;-1;-1;-1;-1;-1;-1;-1;-1;-1;-1;-1;0
217012005;;800020;200;-1;-1;-1;-1;-1;-1;-1;-1;-1;-1;-1;-1;-1;-1;0
217015000;;810202;200;-1;-1;-1;-1;-1;-1;-1;-1;-1;-1;-1;-1;-1;-1;0
217016000;;810238;200;-1;-1;-1;-1;-1;-1;-1;-1;-1;-1;-1;-1;-1;-1;0
217017000;;810202;200;-1;-1;-1;-1;-1;-1;-1;-1;-1;-1;-1;-1;-1;-1;0
217017001;;810231;200;-1;-1;-1;-1;-1;-1;-1;-1;-1;-1;-1;-1;-1;-1;0
217030000;;800023;200;-1;-1;-1;-1;-1;-1;-1;-1;-1;-1;-1;-1;-1;-1;0
217030001;;810235;200;-1;-1;-1;-1;-1;-1;-1;-1;-1;-1;-1;-1;-1;-1;0
217030002;;810232;200;-1;-1;-1;-1;-1;-1;-1;-1;-1;-1;-1;-1;-1;-1;0
217030003;;810233;200;-1;-1;-1;-1;-1;-1;-1;-1;-1;-1;-1;-1;-1;-1;0
217030004;;800020;200;-1;-1;-1;-1;-1;-1;-1;-1;-1;-1;-1;-1;-1;-1;0
217036000;;810250;200;-1;-1;-1;-1;-1;-1;-1;-1;-1;-1;-1;-1;-1;-1;0
217037000;;810207;201;-1;-1;-1;-1;-1;-1;-1;-1;-1;-1;-1;-1;-1;-1;0
217050000;;810200;200;-1;-1;-1;-1;-1;-1;-1;-1;-1;-1;-1;-1;-1;-1;0
217051000;;810200;200;-1;-1;-1;-1;-1;-1;-1;-1;-1;-1;-1;-1;-1;-1;0
217053000;;810200;200;-1;-1;-1;-1;-1;-1;-1;-1;-1;-1;-1;-1;-1;-1;0
217054000;;810200;200;-1;-1;-1;-1;-1;-1;-1;-1;-1;-1;-1;-1;-1;-1;0
217084000;;810234;200;-1;-1;-1;-1;-1;-1;-1;-1;-1;-1;-1;-1;-1;-1;0
217085000;;810202;200;-1;-1;-1;-1;-1;-1;-1;-1;-1;-1;-1;-1;-1;-1;0
217090000;;800400;200;-1;-1;-1;-1;-1;-1;-1;-1;-1;-1;-1;-1;-1;-1;0
217091000;;810202;200;-1;-1;-1;-1;-1;-1;-1;-1;-1;-1;-1;-1;-1;-1;0
217097000;;800400;200;-1;-1;-1;-1;-1;-1;-1;-1;-1;-1;-1;-1;-1;-1;0
217120000;;810202;200;-1;-1;-1;-1;-1;-1;-1;-1;-1;-1;-1;-1;-1;-1;0
217125000;;810202;200;-1;-1;-1;-1;-1;-1;-1;-1;-1;-1;-1;-1;-1;-1;0
217129000;;810202;200;-1;-1;-1;-1;-1;-1;-1;-1;-1;-1;-1;-1;-1;-1;0
217129001;;810231;200;-1;-1;-1;-1;-1;-1;-1;-1;-1;-1;-1;-1;-1;-1;0
217228000;;800400;200;-1;-1;-1;-1;-1;-1;-1;-1;-1;-1;-1;-1;-1;-1;0
217229000;;810202;200;-1;-1;-1;-1;-1;-1;-1;-1;-1;-1;-1;-1;-1;-1;0
217232000;;800023;200;-1;-1;-1;-1;-1;-1;-1;-1;-1;-1;-1;-1;-1;-1;0
220202000;;800401;200;-1;-1;-1;-1;-1;-1;-1;-1;-1;-1;-1;-1;-1;-1;0
220485000;;800020;200;-1;-1;-1;-1;-1;-1;-1;-1;-1;-1;-1;-1;-1;-1;0
220486000;;800020;200;-1;-1;-1;-1;-1;-1;-1;-1;-1;-1;-1;-1;-1;-1;0
221252000;;800400;200;-1;-1;-1;-1;-1;-1;-1;-1;-1;-1;-1;-1;-1;-1;0
221314000;;800023;200;-1;-1;-1;-1;-1;-1;-1;-1;-1;-1;-1;-1;-1;-1;0
221425000;;800400;200;-1;-1;-1;-1;-1;-1;-1;-1;-1;-1;-1;-1;-1;-1;0
221432000;;800400;200;-1;-1;-1;-1;-1;-1;-1;-1;-1;-1;-1;-1;-1;-1;0
221439000;;800400;200;-1;-1;-1;-1;-1;-1;-1;-1;-1;-1;-1;-1;-1;-1;0
221440000;;800400;200;-1;-1;-1;-1;-1;-1;-1;-1;-1;-1;-1;-1;-1;-1;0
221443000;;800400;200;-1;-1;-1;-1;-1;-1;-1;-1;-1;-1;-1;-1;-1;-1;0
221464000;;800400;200;-1;-1;-1;-1;-1;-1;-1;-1;-1;-1;-1;-1;-1;-1;0
221468000;;811040;200;-1;-1;-1;-1;-1;-1;-1;-1;-1;-1;-1;-1;-1;-1;0
221469000;;800400;200;-1;-1;-1;-1;-1;-1;-1;-1;-1;-1;-1;-1;-1;-1;0
221483000;;800400;200;-1;-1;-1;-1;-1;-1;-1;-1;-1;-1;-1;-1;-1;-1;0
221495000;;800400;200;-1;-1;-1;-1;-1;-1;-1;-1;-1;-1;-1;-1;-1;-1;0
221496000;;800400;200;-1;-1;-1;-1;-1;-1;-1;-1;-1;-1;-1;-1;-1;-1;0
221498000;;800400;200;-1;-1;-1;-1;-1;-1;-1;-1;-1;-1;-1;-1;-1;-1;0
221507000;;800023;200;-1;-1;-1;-1;-1;-1;-1;-1;-1;-1;-1;-1;-1;-1;0
221519000;;800400;200;-1;-1;-1;-1;-1;-1;-1;-1;-1;-1;-1;-1;-1;-1;0
221524000;;800400;200;-1;-1;-1;-1;-1;-1;-1;-1;-1;-1;-1;-1;-1;-1;0
221528000;;800401;200;-1;-1;-1;-1;-1;-1;-1;-1;-1;-1;-1;-1;-1;-1;0
221529000;;800023;200;-1;-1;-1;-1;-1;-1;-1;-1;-1;-1;-1;-1;-1;-1;0
221549000;;800401;200;-1;-1;-1;-1;-1;-1;-1;-1;-1;-1;-1;-1;-1;-1;0
221550000;;800401;200;-1;-1;-1;-1;-1;-1;-1;-1;-1;-1;-1;-1;-1;-1;0
221597000;;800400;200;-1;-1;-1;-1;-1;-1;-1;-1;-1;-1;-1;-1;-1;-1;0
221604000;;800400;200;-1;-1;-1;-1;-1;-1;-1;-1;-1;-1;-1;-1;-1;-1;0
221606000;;800401;200;-1;-1;-1;-1;-1;-1;-1;-1;-1;-1;-1;-1;-1;-1;0
221607000;;800401;200;-1;-1;-1;-1;-1;-1;-1;-1;-1;-1;-1;-1;-1;-1;0
221608000;;800400;200;-1;-1;-1;-1;-1;-1;-1;-1;-1;-1;-1;-1;-1;-1;0
221609000;;800400;200;-1;-1;-1;-1;-1;-1;-1;-1;-1;-1;-1;-1;-1;-1;0
221618000;;800401;200;-1;-1;-1;-1;-1;-1;-1;-1;-1;-1;-1;-1;-1;-1;0
221621000;;800400;200;-1;-1;-1;-1;-1;-1;-1;-1;-1;-1;-1;-1;-1;-1;0
221622000;;800401;200;-1;-1;-1;-1;-1;-1;-1;-1;-1;-1;-1;-1;-1;-1;0
221639000;;800401;200;-1;-1;-1;-1;-1;-1;-1;-1;-1;-1;-1;-1;-1;-1;0
221658000;;800400;200;-1;-1;-1;-1;-1;-1;-1;-1;-1;-1;-1;-1;-1;-1;0
227004000;;800020;200;-1;-1;-1;-1;-1;-1;-1;-1;-1;-1;-1;-1;-1;-1;0
227060000;;811030;200;-1;-1;-1;-1;-1;-1;-1;-1;-1;-1;-1;-1;-1;-1;0
228023000;;811042;200;-1;-1;-1;-1;-1;-1;-1;-1;-1;-1;-1;-1;-1;-1;0
228024000;;811041;200;-1;-1;-1;-1;-1;-1;-1;-1;-1;-1;-1;-1;-1;-1;0
228039000;;800401;200;-1;-1;-1;-1;-1;-1;-1;-1;-1;-1;-1;-1;-1;-1;0
228087000;;811070;201;-1;-1;-1;-1;-1;-1;-1;-1;-1;-1;-1;-1;-1;-1;0
228088000;;800020;200;-1;-1;-1;-1;-1;-1;-1;-1;-1;-1;-1;-1;-1;-1;0
228089000;;811071;201;-1;-1;-1;-1;-1;-1;-1;-1;-1;-1;-1;-1;-1;-1;0
228090000;;811072;201;-1;-1;-1;-1;-1;-1;-1;-1;-1;-1;-1;-1;-1;-1;0
228091000;;810200;200;-1;-1;-1;-1;-1;-1;-1;-1;-1;-1;-1;-1;-1;-1;0
228094000;;800020;200;-1;-1;-1;-1;-1;-1;-1;-1;-1;-1;-1;-1;-1;-1;0
228095000;;811073;201;-1;-1;-1;-1;-1;-1;-1;-1;-1;-1;-1;-1;-1;-1;0
228096000;;800400;200;-1;-1;-1;-1;-1;-1;-1;-1;-1;-1;-1;-1;-1;-1;0
228097000;;811077;201;-1;-1;-1;-1;-1;-1;-1;-1;-1;-1;-1;-1;-1;-1;0
228104000;;800400;200;-1;-1;-1;-1;-1;-1;-1;-1;-1;-1;-1;-1;-1;-1;0
228110000;;811075;201;-1;-1;-1;-1;-1;-1;-1;-1;-1;-1;-1;-1;-1;-1;0
228113000;;800400;200;-1;-1;-1;-1;-1;-1;-1;-1;-1;-1;-1;-1;-1;-1;0
228116000;;800400;200;-1;-1;-1;-1;-1;-1;-1;-1;-1;-1;-1;-1;-1;-1;0
228129000;;800400;200;-1;-1;-1;-1;-1;-1;-1;-1;-1;-1;-1;-1;-1;-1;0
228131000;;800400;200;-1;-1;-1;-1;-1;-1;-1;-1;-1;-1;-1;-1;-1;-1;0
228132000;;800400;200;-1;-1;-1;-1;-1;-1;-1;-1;-1;-1;-1;-1;-1;-1;0
228133000;;800400;200;-1;-1;-1;-1;-1;-1;-1;-1;-1;-1;-1;-1;-1;-1;0
228134000;;800400;200;-1;-1;-1;-1;-1;-1;-1;-1;-1;-1;-1;-1;-1;-1;0
228136000;;800400;200;-1;-1;-1;-1;-1;-1;-1;-1;-1;-1;-1;-1;-1;-1;0
228142000;;800400;200;-1;-1;-1;-1;-1;-1;-1;-1;-1;-1;-1;-1;-1;-1;0
228145000;;800400;200;-1;-1;-1;-1;-1;-1;-1;-1;-1;-1;-1;-1;-1;-1;0
228146000;;800400;200;-1;-1;-1;-1;-1;-1;-1;-1;-1;-1;-1;-1;-1;-1;0
228149000;;800400;200;-1;-1;-1;-1;-1;-1;-1;-1;-1;-1;-1;-1;-1;-1;0
228150000;;800400;200;-1;-1;-1;-1;-1;-1;-1;-1;-1;-1;-1;-1;-1;-1;0
228152000;;800400;200;-1;-1;-1;-1;-1;-1;-1;-1;-1;-1;-1;-1;-1;-1;0
228153000;;800400;200;-1;-1;-1;-1;-1;-1;-1;-1;-1;-1;-1;-1;-1;-1;0
228157000;;811081;201;-1;-1;-1;-1;-1;-1;-1;-1;-1;-1;-1;-1;-1;-1;0
228159000;;800400;200;-1;-1;-1;-1;-1;-1;-1;-1;-1;-1;-1;-1;-1;-1;0
228160000;;800400;200;-1;-1;-1;-1;-1;-1;-1;-1;-1;-1;-1;-1;-1;-1;0
228165000;;811060;200;-1;-1;-1;-1;-1;-1;-1;-1;-1;-1;-1;-1;-1;-1;0
228166000;;811061;200;-1;-1;-1;-1;-1;-1;-1;-1;-1;-1;-1;-1;-1;-1;0
228167000;;811061;200;-1;-1;-1;-1;-1;-1;-1;-1;-1;-1;-1;-1;-1;-1;0
228168000;;811060;200;-1;-1;-1;-1;-1;-1;-1;-1;-1;-1;-1;-1;-1;-1;0
228183000;;811120;200;-1;-1;-1;-1;-1;-1;-1;-1;-1;-1;-1;-1;-1;-1;0
228197000;;800023;200;-1;-1;-1;-1;-1;-1;-1;-1;-1;-1;-1;-1;-1;-1;0
228198000;;800020;200;-1;-1;-1;-1;-1;-1;-1;-1;-1;-1;-1;-1;-1;-1;0
228208000;;811042;200;-1;-1;-1;-1;-1;-1;-1;-1;-1;-1;-1;-1;-1;-1;0
228211000;;800400;200;-1;-1;-1;-1;-1;-1;-1;-1;-1;-1;-1;-1;-1;-1;0
228212000;;800401;200;-1;-1;-1;-1;-1;-1;-1;-1;-1;-1;-1;-1;-1;-1;0
228213000;;800401;200;-1;-1;-1;-1;-1;-1;-1;-1;-1;-1;-1;-1;-1;-1;0
228225000;;811080;200;-1;-1;-1;-1;-1;-1;-1;-1;-1;-1;-1;-1;-1;-1;0
228226000;;811080;200;-1;-1;-1;-1;-1;-1;-1;-1;-1;-1;-1;-1;-1;-1;0
228240000;;811080;200;-1;-1;-1;-1;-1;-1;-1;-1;-1;-1;-1;-1;-1;-1;0
228245000;;811080;200;-1;-1;-1;-1;-1;-1;-1;-1;-1;-1;-1;-1;-1;-1;0
228246000;;811090;201;-1;-1;-1;-1;-1;-1;-1;-1;-1;-1;-1;-1;-1;-1;0
228247000;;811091;201;-1;-1;-1;-1;-1;-1;-1;-1;-1;-1;-1;-1;-1;-1;0
228248000;;811092;201;-1;-1;-1;-1;-1;-1;-1;-1;-1;-1;-1;-1;-1;-1;0
228249000;;800030;200;-1;-1;-1;-1;-1;-1;-1;-1;-1;-1;-1;-1;-1;-1;0
230413000;;802020;200;-1;-1;-1;-1;-1;-1;-1;-1;-1;-1;-1;-1;-1;-1;0
231250000;;800401;200;-1;-1;-1;-1;-1;-1;-1;-1;-1;-1;-1;-1;-1;-1;0
237000000;;812000;200;-1;-1;-1;-1;-1;-1;-1;-1;-1;-1;-1;-1;-1;-1;0
237000001;;812001;200;-1;-1;-1;-1;-1;-1;-1;-1;-1;-1;-1;-1;-1;-1;0
237001000;;812002;201;-1;-1;-1;-1;-1;-1;-1;-1;-1;-1;-1;-1;-1;-1;0
237002000;;812002;201;-1;-1;-1;-1;-1;-1;-1;-1;-1;-1;-1;-1;-1;-1;0
237004000;;812070;200;-1;-1;-1;-1;-1;-1;-1;-1;-1;-1;-1;-1;-1;-1;0
237005000;;800023;200;-1;-1;-1;-1;-1;-1;-1;-1;-1;-1;-1;-1;-1;-1;0
237006000;;812080;200;-1;-1;-1;-1;-1;-1;-1;-1;-1;-1;-1;-1;-1;-1;0
237016000;;800400;200;-1;-1;-1;-1;-1;-1;-1;-1;-1;-1;-1;-1;-1;-1;0
237016000;;812205;201;-1;-1;-1;-1;-1;-1;-1;-1;-1;-1;-1;-1;-1;-1;0
237017000;;800023;200;-1;-1;-1;-1;-1;-1;-1;-1;-1;-1;-1;-1;-1;-1;0
237019000;;800023;200;-1;-1;-1;-1;-1;-1;-1;-1;-1;-1;-1;-1;-1;-1;0
237023000;;800400;200;-1;-1;-1;-1;-1;-1;-1;-1;-1;-1;-1;-1;-1;-1;0
237024000;;800400;200;-1;-1;-1;-1;-1;-1;-1;-1;-1;-1;-1;-1;-1;-1;0
237027000;;800023;200;-1;-1;-1;-1;-1;-1;-1;-1;-1;-1;-1;-1;-1;-1;0
237031000;;800023;200;-1;-1;-1;-1;-1;-1;-1;-1;-1;-1;-1;-1;-1;-1;0
237032000;;802020;200;-1;-1;-1;-1;-1;-1;-1;-1;-1;-1;-1;-1;-1;-1;0
237032001;;800406;200;-1;-1;-1;-1;-1;-1;-1;-1;-1;-1;-1;-1;-1;-1;0
237037000;;800023;200;-1;-1;-1;-1;-1;-1;-1;-1;-1;-1;-1;-1;-1;-1;0
237038000;;802020;200;-1;-1;-1;-1;-1;-1;-1;-1;-1;-1;-1;-1;-1;-1;0
237039000;;812070;200;-1;-1;-1;-1;-1;-1;-1;-1;-1;-1;-1;-1;-1;-1;0
237042000;;812201;200;-1;-1;-1;-1;-1;-1;-1;-1;-1;-1;-1;-1;-1;-1;0
237043000;;812070;200;-1;-1;-1;-1;-1;-1;-1;-1;-1;-1;-1;-1;-1;-1;0
237048000;;800023;200;-1;-1;-1;-1;-1;-1;-1;-1;-1;-1;-1;-1;-1;-1;0
237051000;;800023;200;-1;-1;-1;-1;-1;-1;-1;-1;-1;-1;-1;-1;-1;-1;0
237057000;;812203;200;-1;-1;-1;-1;-1;-1;-1;-1;-1;-1;-1;-1;-1;-1;0
237058000;;802020;200;-1;-1;-1;-1;-1;-1;-1;-1;-1;-1;-1;-1;-1;-1;0
237060000;;802020;200;-1;-1;-1;-1;-1;-1;-1;-1;-1;-1;-1;-1;-1;-1;0
237061000;;800406;200;-1;-1;-1;-1;-1;-1;-1;-1;-1;-1;-1;-1;-1;-1;0
237061001;;800407;200;-1;-1;-1;-1;-1;-1;-1;-1;-1;-1;-1;-1;-1;-1;0
237063000;;812080;200;-1;-1;-1;-1;-1;-1;-1;-1;-1;-1;-1;-1;-1;-1;0
237073000;;812070;200;-1;-1;-1;-1;-1;-1;-1;-1;-1;-1;-1;-1;-1;-1;0
237074000;;812070;200;-1;-1;-1;-1;-1;-1;-1;-1;-1;-1;-1;-1;-1;-1;0
237075000;;800023;200;-1;-1;-1;-1;-1;-1;-1;-1;-1;-1;-1;-1;-1;-1;0
237076000;;800023;200;-1;-1;-1;-1;-1;-1;-1;-1;-1;-1;-1;-1;-1;-1;0
237084000;;800023;200;-1;-1;-1;-1;-1;-1;-1;-1;-1;-1;-1;-1;-1;-1;0
237086000;;800029;200;-1;-1;-1;-1;-1;-1;-1;-1;-1;-1;-1;-1;-1;-1;0
237100000;;812202;201;-1;-1;-1;-1;-1;-1;-1;-1;-1;-1;-1;-1;-1;-1;0
237101000;;812201;200;-1;-1;-1;-1;-1;-1;-1;-1;-1;-1;-1;-1;-1;-1;0
237102000;;812201;200;-1;-1;-1;-1;-1;-1;-1;-1;-1;-1;-1;-1;-1;-1;0
237103000;;812204;200;-1;-1;-1;-1;-1;-1;-1;-1;-1;-1;-1;-1;-1;-1;0
237104000;;812204;200;-1;-1;-1;-1;-1;-1;-1;-1;-1;-1;-1;-1;-1;-1;0
237105000;;812201;200;-1;-1;-1;-1;-1;-1;-1;-1;-1;-1;-1;-1;-1;-1;0
237106000;;812203;200;-1;-1;-1;-1;-1;-1;-1;-1;-1;-1;-1;-1;-1;-1;0
240452000;;800400;-1;813025;201;-1;-1;-1;-1;-1;-1;-1;-1;-1;-1;-1;-1;0
240565000;;-1;200;-1;-1;-1;-1;-1;-1;-1;-1;-1;-1;-1;-1;-1;-1;0
247012000;;813050;201;-1;-1;-1;-1;-1;-1;-1;-1;-1;-1;-1;-1;-1;-1;0
247013000;;800401;200;-1;-1;-1;-1;-1;-1;-1;-1;-1;-1;-1;-1;-1;-1;0
247014000;;813021;201;-1;-1;-1;-1;-1;-1;-1;-1;-1;-1;-1;-1;-1;-1;0
247015000;;800400;200;-1;-1;-1;-1;-1;-1;-1;-1;-1;-1;-1;-1;-1;-1;0
247016000;;813022;201;-1;-1;-1;-1;-1;-1;-1;-1;-1;-1;-1;-1;-1;-1;0
247017000;;813023;201;-1;-1;-1;-1;-1;-1;-1;-1;-1;-1;-1;-1;-1;-1;0
247018000;;813024;201;-1;-1;-1;-1;-1;-1;-1;-1;-1;-1;-1;-1;-1;-1;0
247021000;;800400;200;-1;-1;-1;-1;-1;-1;-1;-1;-1;-1;-1;-1;-1;-1;0
247022000;;800028;200;-1;-1;-1;-1;-1;-1;-1;-1;-1;-1;-1;-1;-1;-1;0
247023000;;800400;200;-1;-1;-1;-1;-1;-1;-1;-1;-1;-1;-1;-1;-1;-1;0
247024000;;800400;200;-1;-1;-1;-1;-1;-1;-1;-1;-1;-1;-1;-1;-1;-1;0
247025000;;800400;-1;813051;201;-1;-1;-1;-1;-1;-1;-1;-1;-1;-1;-1;-1;0
247026000;;800042;200;-1;-1;-1;-1;-1;-1;-1;-1;-1;-1;-1;-1;-1;-1;0
247027000;;800028;200;-1;-1;-1;-1;-1;-1;-1;-1;-1;-1;-1;-1;-1;-1;0
247031000;;800023;200;-1;-1;-1;-1;-1;-1;-1;-1;-1;-1;-1;-1;-1;-1;0
247033000;;800400;200;-1;-1;-1;-1;-1;-1;-1;-1;-1;-1;-1;-1;-1;-1;0
247035000;;800400;-1;813027;201;-1;-1;-1;-1;-1;-1;-1;-1;-1;-1;-1;-1;0
247036000;;800400;-1;813052;201;-1;-1;-1;-1;-1;-1;-1;-1;-1;-1;-1;-1;0
247038000;;813043;200;-1;-1;-1;-1;-1;-1;-1;-1;-1;-1;-1;-1;-1;-1;0
247042000;;800028;200;-1;-1;-1;-1;-1;-1;-1;-1;-1;-1;-1;-1;-1;-1;0
250007000;;800024;200;-1;-1;-1;-1;-1;-1;-1;-1;-1;-1;-1;-1;-1;-1;0
250278000;;800400;200;-1;-1;-1;-1;-1;-1;-1;-1;-1;-1;-1;-1;-1;-1;0
250420000;;800401;200;-1;-1;-1;-1;-1;-1;-1;-1;-1;-1;-1;-1;-1;-1;0
250421000;;800401;200;-1;-1;-1;-1;-1;-1;-1;-1;-1;-1;-1;-1;-1;-1;0
250422000;;800401;200;-1;-1;-1;-1;-1;-1;-1;-1;-1;-1;-1;-1;-1;-1;0
250427000;;800401;200;-1;-1;-1;-1;-1;-1;-1;-1;-1;-1;-1;-1;-1;-1;0
250435000;;800401;200;-1;-1;-1;-1;-1;-1;-1;-1;-1;-1;-1;-1;-1;-1;0
250470000;;800401;200;-1;-1;-1;-1;-1;-1;-1;-1;-1;-1;-1;-1;-1;-1;0
250471000;;800401;200;-1;-1;-1;-1;-1;-1;-1;-1;-1;-1;-1;-1;-1;-1;0
250473000;;800401;200;-1;-1;-1;-1;-1;-1;-1;-1;-1;-1;-1;-1;-1;-1;0
250536000;;800401;200;-1;-1;-1;-1;-1;-1;-1;-1;-1;-1;-1;-1;-1;-1;0
250599000;;800401;200;-1;-1;-1;-1;-1;-1;-1;-1;-1;-1;-1;-1;-1;-1;0
257031000;;-1;201;-1;202;-1;203;-1;-1;-1;-1;-1;-1;-1;-1;-1;-1;0
258100000;;814010;201;-1;-1;-1;-1;-1;-1;-1;-1;-1;-1;-1;-1;-1;-1;0
258101000;;800400;200;-1;-1;-1;-1;-1;-1;-1;-1;-1;-1;-1;-1;-1;-1;0
258102000;;814011;201;-1;-1;-1;-1;-1;-1;-1;-1;-1;-1;-1;-1;-1;-1;0
258103000;;814012;201;-1;-1;-1;-1;-1;-1;-1;-1;-1;-1;-1;-1;-1;-1;0
258104000;;800020;200;-1;-1;-1;-1;-1;-1;-1;-1;-1;-1;-1;-1;-1;-1;0
258105000;;800400;200;-1;-1;-1;-1;-1;-1;-1;-1;-1;-1;-1;-1;-1;-1;0
258106000;;800401;200;-1;-1;-1;-1;-1;-1;-1;-1;-1;-1;-1;-1;-1;-1;0
258108000;;800400;200;-1;-1;-1;-1;-1;-1;-1;-1;-1;-1;-1;-1;-1;-1;0
258109000;;800400;200;-1;-1;-1;-1;-1;-1;-1;-1;-1;-1;-1;-1;-1;-1;0
258114000;;800401;200;-1;-1;-1;-1;-1;-1;-1;-1;-1;-1;-1;-1;-1;-1;0
258115000;;814013;201;-1;-1;-1;-1;-1;-1;-1;-1;-1;-1;-1;-1;-1;-1;0
258116000;;814014;201;-1;-1;-1;-1;-1;-1;-1;-1;-1;-1;-1;-1;-1;-1;0
258125000;;800400;200;-1;-1;-1;-1;-1;-1;-1;-1;-1;-1;-1;-1;-1;-1;0
258129000;;800020;201;-1;-1;-1;-1;-1;-1;-1;-1;-1;-1;-1;-1;-1;-1;0
258130000;;800400;200;-1;-1;-1;-1;-1;-1;-1;-1;-1;-1;-1;-1;-1;-1;0
258137000;;814015;202;-1;-1;-1;-1;-1;-1;-1;-1;-1;-1;-1;-1;-1;-1;0
258138000;;814016;201;-1;-1;-1;-1;-1;-1;-1;-1;-1;-1;-1;-1;-1;-1;0
258139000;;800401;200;-1;-1;-1;-1;-1;-1;-1;-1;-1;-1;-1;-1;-1;-1;0
258144000;;800400;200;-1;-1;-1;-1;-1;-1;-1;-1;-1;-1;-1;-1;-1;-1;0
258145000;;800400;200;-1;-1;-1;-1;-1;-1;-1;-1;-1;-1;-1;-1;-1;-1;0
258146000;;800400;200;-1;-1;-1;-1;-1;-1;-1;-1;-1;-1;-1;-1;-1;-1;0
258147000;;800400;200;-1;-1;-1;-1;-1;-1;-1;-1;-1;-1;-1;-1;-1;-1;0
258148000;;800400;200;-1;-1;-1;-1;-1;-1;-1;-1;-1;-1;-1;-1;-1;-1;0
258149000;;800400;200;-1;-1;-1;-1;-1;-1;-1;-1;-1;-1;-1;-1;-1;-1;0
258150000;;800401;200;-1;-1;-1;-1;-1;-1;-1;-1;-1;-1;-1;-1;-1;-1;0
258151000;;800401;200;-1;-1;-1;-1;-1;-1;-1;-1;-1;-1;-1;-1;-1;-1;0
258152000;;800401;200;-1;-1;-1;-1;-1;-1;-1;-1;-1;-1;-1;-1;-1;-1;0
258154000;;800400;200;-1;-1;-1;-1;-1;-1;-1;-1;-1;-1;-1;-1;-1;-1;0
258155000;;800400;200;-1;-1;-1;-1;-1;-1;-1;-1;-1;-1;-1;-1;-1;-1;0
258156000;;800400;200;-1;-1;-1;-1;-1;-1;-1;-1;-1;-1;-1;-1;-1;-1;0
258170000;;800400;200;-1;-1;-1;-1;-1;-1;-1;-1;-1;-1;-1;-1;-1;-1;0
258172000;;800400;200;-1;-1;-1;-1;-1;-1;-1;-1;-1;-1;-1;-1;-1;-1;0
258173000;;800400;200;-1;-1;-1;-1;-1;-1;-1;-1;-1;-1;-1;-1;-1;-1;0
258174000;;800401;200;-1;-1;-1;-1;-1;-1;-1;-1;-1;-1;-1;-1;-1;-1;0
258175000;;800401;200;-1;-1;-1;-1;-1;-1;-1;-1;-1;-1;-1;-1;-1;-1;0
258176000;;800401;200;-1;-1;-1;-1;-1;-1;-1;-1;-1;-1;-1;-1;-1;-1;0
258177000;;800401;200;-1;-1;-1;-1;-1;-1;-1;-1;-1;-1;-1;-1;-1;-1;0
258178000;;800401;200;-1;-1;-1;-1;-1;-1;-1;-1;-1;-1;-1;-1;-1;-1;0
258179000;;800400;200;-1;-1;-1;-1;-1;-1;-1;-1;-1;-1;-1;-1;-1;-1;0
258180000;;800400;200;-1;-1;-1;-1;-1;-1;-1;-1;-1;-1;-1;-1;-1;-1;0
258181000;;814016;201;-1;-1;-1;-1;-1;-1;-1;-1;-1;-1;-1;-1;-1;-1;0
258182000;;800400;200;-1;-1;-1;-1;-1;-1;-1;-1;-1;-1;-1;-1;-1;-1;0
258183000;;800400;200;-1;-1;-1;-1;-1;-1;-1;-1;-1;-1;-1;-1;-1;-1;0
258184000;;-1;201;-1;-1;-1;-1;-1;-1;-1;-1;-1;-1;-1;-1;-1;-1;0
260058000;;810205;200;-1;-1;-1;-1;-1;-1;-1;-1;-1;-1;-1;-1;-1;-1;0
260059000;;810205;200;-1;-1;-1;-1;-1;-1;-1;-1;-1;-1;-1;-1;-1;-1;0
260461000;;810205;200;-1;-1;-1;-1;-1;-1;-1;-1;-1;-1;-1;-1;-1;-1;0
260640000;;800401;200;-1;-1;-1;-1;-1;-1;-1;-1;-1;-1;-1;-1;-1;-1;0
260641000;;800401;200;-1;-1;-1;-1;-1;-1;-1;-1;-1;-1;-1;-1;-1;-1;0
260642000;;800401;200;-1;-1;-1;-1;-1;-1;-1;-1;-1;-1;-1;-1;-1;-1;0
260643000;;800401;200;-1;-1;-1;-1;-1;-1;-1;-1;-1;-1;-1;-1;-1;-1;0
267002000;;810205;200;-1;-1;-1;-1;-1;-1;-1;-1;-1;-1;-1;-1;-1;-1;0
267003000;;800400;200;-1;-1;-1;-1;-1;-1;-1;-1;-1;-1;-1;-1;-1;-1;0
267004000;;810205;-1;815001;201;-1;-1;-1;-1;-1;-1;-1;-1;-1;-1;-1;-1;0
267011000;;800023;200;-1;-1;-1;-1;-1;-1;-1;-1;-1;-1;-1;-1;-1;-1;0
267029000;;800023;200;-1;-1;-1;-1;-1;-1;-1;-1;-1;-1;-1;-1;-1;-1;0
267030000;;815000;200;-1;-1;-1;-1;-1;-1;-1;-1;-1;-1;-1;-1;-1;-1;0
267031000;;800400;-1;815003;201;-1;-1;-1;-1;-1;-1;-1;-1;-1;-1;-1;-1;0
267032000;;800023;200;-1;-1;-1;-1;-1;-1;-1;-1;-1;-1;-1;-1;-1;-1;0
267033000;;815004;200;-1;-1;-1;-1;-1;-1;-1;-1;-1;-1;-1;-1;-1;-1;0
267034000;;815004;200;-1;-1;-1;-1;-1;-1;-1;-1;-1;-1;-1;-1;-1;-1;0
267035000;;810205;200;-1;-1;-1;-1;-1;-1;-1;-1;-1;-1;-1;-1;-1;-1;0
267036000;;810205;-1;815003;201;-1;-1;-1;-1;-1;-1;-1;-1;-1;-1;-1;-1;0
267037000;;800023;200;-1;-1;-1;-1;-1;-1;-1;-1;-1;-1;-1;-1;-1;-1;0
267040000;;810205;200;815001;201;-1;-1;-1;-1;-1;-1;-1;-1;-1;-1;-1;-1;0
267041000;;810205;200;-1;-1;-1;-1;-1;-1;-1;-1;-1;-1;-1;-1;-1;-1;0
267042000;;815000;200;-1;-1;-1;-1;-1;-1;-1;-1;-1;-1;-1;-1;-1;-1;0
267045000;;800023;200;-1;-1;-1;-1;-1;-1;-1;-1;-1;-1;-1;-1;-1;-1;0
267050000;;800400;200;-1;-1;-1;-1;-1;-1;-1;-1;-1;-1;-1;-1;-1;-1;0
267051000;;800400;200;-1;-1;-1;-1;-1;-1;-1;-1;-1;-1;-1;-1;-1;-1;0
267055000;;800402;200;-1;-1;-1;-1;-1;-1;-1;-1;-1;-1;-1;-1;-1;-1;0
267060000;;800401;200;-1;-1;-1;-1;-1;-1;-1;-1;-1;-1;-1;-1;-1;-1;0
267061000;;800401;200;-1;-1;-1;-1;-1;-1;-1;-1;-1;-1;-1;-1;-1;-1;0
267062000;;800401;200;-1;-1;-1;-1;-1;-1;-1;-1;-1;-1;-1;-1;-1;-1;0
270034000;;800380;201;-1;-1;-1;-1;-1;-1;-1;-1;-1;-1;-1;-1;-1;-1;0
270045000;;810200;200;-1;-1;-1;-1;-1;-1;-1;-1;-1;-1;-1;-1;-1;-1;0
270280000;;816040;200;-1;-1;-1;-1;-1;-1;-1;-1;-1;-1;-1;-1;-1;-1;0
270430000;;816040;200;-1;-1;-1;-1;-1;-1;-1;-1;-1;-1;-1;-1;-1;-1;0
270463000;;800400;200;-1;-1;-1;-1;-1;-1;-1;-1;-1;-1;-1;-1;-1;-1;0
270464000;;800400;200;-1;-1;-1;-1;-1;-1;-1;-1;-1;-1;-1;-1;-1;-1;0
270467000;;800023;201;-1;-1;-1;-1;-1;-1;-1;-1;-1;-1;-1;-1;-1;-1;0
270502000;;816111;201;-1;-1;-1;-1;-1;-1;-1;-1;-1;-1;-1;-1;-1;-1;0
270503000;;816112;201;-1;-1;-1;-1;-1;-1;-1;-1;-1;-1;-1;-1;-1;-1;0
270684000;;816161;201;-1;-1;-1;-1;-1;-1;-1;-1;-1;-1;-1;-1;-1;-1;0
270685000;;816161;200;-1;-1;-1;-1;-1;-1;-1;-1;-1;-1;-1;-1;-1;-1;0
270686000;;816181;210;-1;-1;-1;-1;-1;-1;-1;-1;-1;-1;-1;-1;-1;-1;0
270687000;;816191;210;-1;-1;-1;-1;-1;-1;-1;-1;-1;-1;-1;-1;-1;-1;0
277031000;;816161;200;-1;-1;-1;-1;-1;-1;-1;-1;-1;-1;-1;-1;-1;-1;0
277032000;;800023;-1;816100;200;-1;-1;-1;-1;-1;-1;-1;-1;-1;-1;-1;-1;0
277033000;;816151;201;-1;-1;-1;-1;-1;-1;-1;-1;-1;-1;-1;-1;-1;-1;0
277034000;;816161;200;-1;-1;-1;-1;-1;-1;-1;-1;-1;-1;-1;-1;-1;-1;0
277035000;;800400;-1;816110;201;-1;-1;-1;-1;-1;-1;-1;-1;-1;-1;-1;-1;0
277036000;;800400;200;-1;-1;-1;-1;-1;-1;-1;-1;-1;-1;-1;-1;-1;-1;0
277037000;;816161;200;-1;-1;-1;-1;-1;-1;-1;-1;-1;-1;-1;-1;-1;-1;0
277040000;;816161;200;-1;-1;-1;-1;-1;-1;-1;-1;-1;-1;-1;-1;-1;-1;0
277041000;;816161;200;-1;-1;-1;-1;-1;-1;-1;-1;-1;-1;-1;-1;-1;-1;0
277043000;;800023;-1;816101;200;-1;-1;-1;-1;-1;-1;-1;-1;-1;-1;-1;-1;0
277047000;;816161;200;-1;-1;-1;-1;-1;-1;-1;-1;-1;-1;-1;-1;-1;-1;0
277048000;;800400;-1;816120;201;-1;-1;-1;-1;-1;-1;-1;-1;-1;-1;-1;-1;0
277050000;;800400;200;-1;-1;-1;-1;-1;-1;-1;-1;-1;-1;-1;-1;-1;-1;0
277052000;;800023;200;-1;-1;-1;-1;-1;-1;-1;-1;-1;-1;-1;-1;-1;-1;0
277053000;;800400;200;-1;-1;-1;-1;-1;-1;-1;-1;-1;-1;-1;-1;-1;-1;0
277054000;;816161;200;-1;-1;-1;-1;-1;-1;-1;-1;-1;-1;-1;-1;-1;-1;0
277057000;;800023;-1;816102;200;-1;-1;-1;-1;-1;-1;-1;-1;-1;-1;-1;-1;0
277058000;;816151;201;-1;-1;-1;-1;-1;-1;-1;-1;-1;-1;-1;-1;-1;-1;0
277059000;;800400;200;-1;-1;-1;-1;-1;-1;-1;-1;-1;-1;-1;-1;-1;-1;0
277062000;;816171;201;-1;-1;-1;-1;-1;-1;-1;-1;-1;-1;-1;-1;-1;-1;0
277063000;;800400;-1;816121;201;-1;-1;-1;-1;-1;-1;-1;-1;-1;-1;-1;-1;0
277064000;;816161;200;-1;-1;-1;-1;-1;-1;-1;-1;-1;-1;-1;-1;-1;-1;0
277065000;;800023;200;-1;-1;-1;-1;-1;-1;-1;-1;-1;-1;-1;-1;-1;-1;0
277065001;;816200;200;-1;-1;-1;-1;-1;-1;-1;-1;-1;-1;-1;-1;-1;-1;0
277067000;;816154;200;-1;-1;-1;-1;-1;-1;-1;-1;-1;-1;-1;-1;-1;-1;0
277070000;;816161;200;-1;-1;-1;-1;-1;-1;-1;-1;-1;-1;-1;-1;-1;-1;0
277072000;;816161;200;-1;-1;-1;-1;-1;-1;-1;-1;-1;-1;-1;-1;-1;-1;0
277074000;;816161;200;-1;-1;-1;-1;-1;-1;-1;-1;-1;-1;-1;-1;-1;-1;0
277075000;;816030;201;-1;-1;-1;-1;-1;-1;-1;-1;-1;-1;-1;-1;-1;-1;0
277076000;;800023;201;-1;-1;-1;-1;-1;-1;-1;-1;-1;-1;-1;-1;-1;-1;0
277076001;;816200;201;-1;-1;-1;-1;-1;-1;-1;-1;-1;-1;-1;-1;-1;-1;0
277077000;;800023;201;-1;-1;-1;-1;-1;-1;-1;-1;-1;-1;-1;-1;-1;-1;0
277082000;;800023;201;-1;-1;-1;-1;-1;-1;-1;-1;-1;-1;-1;-1;-1;-1;0
277084000;;800023;201;-1;-1;-1;-1;-1;-1;-1;-1;-1;-1;-1;-1;-1;-1;0
277086000;;800400;-1;816122;201;-1;-1;-1;-1;-1;-1;-1;-1;-1;-1;-1;-1;0
277100000;;816114;201;-1;-1;-1;-1;-1;-1;-1;-1;-1;-1;-1;-1;-1;-1;0
277112000;;800023;201;-1;-1;-1;-1;-1;-1;-1;-1;-1;-1;-1;-1;-1;-1;0
277120000;;800023;201;-1;-1;-1;-1;-1;-1;-1;-1;-1;-1;-1;-1;-1;-1;0
277121000;;816030;201;-1;-1;-1;-1;-1;-1;-1;-1;-1;-1;-1;-1;-1;-1;0
277123000;;816161;200;-1;-1;-1;-1;-1;-1;-1;-1;-1;-1;-1;-1;-1;-1;0
277127000;;816154;200;-1;-1;-1;-1;-1;-1;-1;-1;-1;-1;-1;-1;-1;-1;0
277129000;;800023;200;-1;-1;-1;-1;-1;-1;-1;-1;-1;-1;-1;-1;-1;-1;0
277130000;;816161;200;-1;-1;-1;-1;-1;-1;-1;-1;-1;-1;-1;-1;-1;-1;0
300002000;;643200;100;-1;-1;-1;-1;-1;-1;-1;-1;-1;-1;-1;-1;-1;-1;0
700037000;;800291;200;-1;-1;-1;-1;-1;-1;-1;-1;-1;-1;-1;-1;-1;-1;0
800016000;;71;90;72;100;-1;-1;-1;-1;-1;-1;-1;-1;-1;-1;-1;-1;0
996026000;;810202;200;-1;-1;-1;-1;-1;-1;-1;-1;-1;-1;-1;-1;-1;-1;0
996027000;;810202;200;-1;-1;-1;-1;-1;-1;-1;-1;-1;-1;-1;-1;-1;-1;0
996028000;;810202;200;-1;-1;-1;-1;-1;-1;-1;-1;-1;-1;-1;-1;-1;-1;0
996028001;;810202;201;-1;-1;-1;-1;-1;-1;-1;-1;-1;-1;-1;-1;-1;-1;0
996028002;;810202;202;-1;-1;-1;-1;-1;-1;-1;-1;-1;-1;-1;-1;-1;-1;0
996036000;;810202;200;-1;-1;-1;-1;-1;-1;-1;-1;-1;-1;-1;-1;-1;-1;0
996037000;;810202;200;-1;-1;-1;-1;-1;-1;-1;-1;-1;-1;-1;-1;-1;-1;0
996041000;;810202;200;-1;-1;-1;-1;-1;-1;-1;-1;-1;-1;-1;-1;-1;-1;0
997203000;;810202;200;-1;-1;-1;-1;-1;-1;-1;-1;-1;-1;-1;-1;-1;-1;0
997209000;;810205;200;-1;-1;-1;-1;-1;-1;-1;-1;-1;-1;-1;-1;-1;-1;0
997310000;;810202;200;700;90;-1;-1;-1;-1;-1;-1;-1;-1;-1;-1;-1;-1;0
999038000;;800023;200;800023;200;-1;-1;-1;-1;-1;-1;-1;-1;-1;-1;-1;-1;0
