Row ID;Row Name;Disable Param - Network Test;Reference Target Map ID
30000000;;False;30000000
30010000;;False;30000000
30020000;;False;30000000
30030000;;False;30000000
30040000;;False;30000000
30050000;;False;30000000
30060000;;False;30000000
30070000;;False;30000000
30080000;;False;30000000
30090000;;False;30000000
30100000;;False;30000000
30110000;;False;30000000
30120000;;False;30000000
30130000;;False;30000000
30140000;;False;30000000
30150000;;False;30000000
30160000;;False;30000000
30170000;;False;30000000
30180000;;False;30000000
30190000;;False;30000000
30200000;;False;30000000
31000000;;False;30000000
31010000;;False;30000000
31020000;;False;30000000
31030000;;False;30000000
31040000;;False;30000000
31050000;;False;30000000
31060000;;False;30000000
31070000;;False;30000000
31080000;;False;30000000
31090000;;False;30000000
31100000;;False;30000000
31110000;;False;30000000
31120000;;False;30000000
31130000;;False;30000000
31140000;;False;30000000
31150000;;False;30000000
31160000;;False;30000000
31170000;;False;30000000
31180000;;False;30000000
31190000;;False;30000000
31200000;;False;30000000
31210000;;False;30000000
31220000;;False;30000000
32000000;;False;30000000
32010000;;False;30000000
32020000;;False;30000000
32030000;;False;30000000
32040000;;False;30000000
32050000;;False;30000000
32070000;;False;30000000
32080000;;False;30000000
32090000;;False;30000000
32100000;;False;30000000
32110000;;False;30000000
32120000;;False;30000000
