﻿<?xml version="1.0" encoding="utf-8"?>
<PARAMDEF XmlVersion="1">
  <ParamType>BULLET_PARAM</ParamType>
  <DataVersion>7</DataVersion>
  <BigEndian>False</BigEndian>
  <Unicode>True</Unicode>
  <FormatVersion>201</FormatVersion>
  <Fields>
    <Field Def="s32 Effect ID" />
    <Field Def="u8 Spawn Location" />
    <Field Def="u8 Spawn Flag" />
    <Field Def="u8 Is Visible Online" />
    <Field Def="u8 Spawn Flag" />
    <Field Def="f32 Upward Spawn Distance" />
    <Field Def="f32 Unk Spawn Distance" />
    <Field Def="f32 Forward Spawn Distance" />
    <Field Def="f32 Shooter Horizontal Angle" />
    <Field Def="f32 Shooter Unk Angle" />
    <Field Def="f32 Shooter Vertical Angle" />
    <Field Def="f32 Shooter Unk Angle" />
    <Field Def="u8 Unk24" />
    <Field Def="u8 Unk25" />
    <Field Def="u8 Unk26" />
    <Field Def="u8 Unk27" />
    <Field Def="u8 Unk28" />
    <Field Def="u8 Unk29" />
    <Field Def="u8 Vertical Angle Randomizer" />
    <Field Def="u8 Horizontal Angle Randomizer" />
    <Field Def="u8 Unk2C" />
    <Field Def="u8 Unk2D" />
    <Field Def="u8 Number to Shoot at Once" />
    <Field Def="u8 Number to Shoot sequentially" />
    <Field Def="u8 Unk30" />
    <Field Def="u8 Unk31" />
    <Field Def="u8 Unk32" />
    <Field Def="u8 Unk33" />
    <Field Def="f32 Unk34" />
    <Field Def="f32 Shoot Interval" />
    <Field Def="f32 Vertical Spread" />
    <Field Def="f32 Horizontal Spread" />
    <Field Def="u8 Unk44" />
    <Field Def="u8 Unk45" />
    <Field Def="u8 Unk46" />
    <Field Def="u8 Unk47" />
    <Field Def="f32 Max Life" />
    <Field Def="f32 Initial Horizontal Velocity" />
    <Field Def="f32 Horizontal Acceleration Start Delay" />
    <Field Def="f32 Horizontal Target Velocity" />
    <Field Def="f32 Horizontal Max Velocity" />
    <Field Def="f32 Initial Vertical Velocity" />
    <Field Def="f32 Vertical Acceleration Start Delay" />
    <Field Def="f32 Vertical Target Velocity" />
    <Field Def="f32 Vertical Max Velocity" />
    <Field Def="f32 Initial Tangential Vertical Velocity" />
    <Field Def="f32 Tangential Vertical Acceleration Start Delay" />
    <Field Def="f32 Tangential Vertical Target Velocity" />
    <Field Def="f32 Tangential Vertical Max Velocity" />
    <Field Def="f32 Initial Tangential Horizontal Velocity" />
    <Field Def="f32 Tangential Horizontal Acceleration Start Delay" />
    <Field Def="f32 Tangential Horizontal Target Velocity" />
    <Field Def="f32 Tangential Horizontal Max Velocity" />
    <Field Def="f32 Unk8C" />
    <Field Def="f32 Max Angle Change" />
    <Field Def="f32 Tracking Max Angle Change" />
    <Field Def="f32 Tracking Time" />
    <Field Def="s32 Unk9C" />
    <Field Def="s32 UnkA0" />
    <Field Def="s32 UnkA4" />
    <Field Def="s32 UnkA8" />
    <Field Def="s32 UnkAC" />
    <Field Def="u8 Collision - Character" />
    <Field Def="u8 Collision - Wall" />
    <Field Def="u8 Collision - Floor / Ceiling" />
    <Field Def="u8 Collision - Water" />
    <Field Def="s32 Effect on Fire" />
    <Field Def="u8 UnkB8" />
    <Field Def="u8 UnkB9" />
    <Field Def="u8 UnkBA" />
    <Field Def="u8 UnkBB" />
    <Field Def="s32 Effect on Collision" />
    <Field Def="s32 Effect on Death" />
    <Field Def="f32 Effect on Death Duration" />
    <Field Def="s32 UnkC8" />
    <Field Def="s32 Behavior on Collision" />
    <Field Def="s32 UnkD0" />
    <Field Def="s32 Child Bullet 1 - ID 1" />
    <Field Def="s32 Child Bullet 1 - ID 2" />
    <Field Def="s32 Child Bullet 2 - ID 1" />
    <Field Def="s32 Child Bullet 2 - ID 2" />
    <Field Def="s32 Child Bullet 3 - ID 1" />
    <Field Def="s32 Child Bullet 3 - ID 2" />
    <Field Def="u8 Spawn Child Bullets on Collision" />
    <Field Def="u8 Spawn Child Bullets on Timeout" />
    <Field Def="u8 Spawn Child Bullets on ?" />
    <Field Def="u8 Spawn Child Bullets on Alive" />
    <Field Def="s32 UnkF0" />
    <Field Def="s32 UnkF4" />
    <Field Def="s32 UnkF8" />
    <Field Def="s32 UnkFC" />
    <Field Def="u8 Unk100" />
    <Field Def="u8 Unk101" />
    <Field Def="u8 Unk102" />
    <Field Def="u8 Unk103" />
    <Field Def="u8 Unk104" />
    <Field Def="u8 Unk105" />
    <Field Def="u8 Unk106" />
    <Field Def="u8 Unk107" />
    <Field Def="f32 Unk108" />
    <Field Def="f32 Unk10C" />
    <Field Def="f32 Unk110" />
    <Field Def="s32 Unk114" />
    <Field Def="s32 Unk118" />
    <Field Def="f32 Unk11C" />
    <Field Def="f32 Unk120" />
    <Field Def="f32 Unk124" />
    <Field Def="f32 Child Bullet Spawn Delay" />
    <Field Def="s32 Unk12C" />
    <Field Def="s32 Unk130" />
    <Field Def="s32 Unk134" />
    <Field Def="s32 Unk138" />
    <Field Def="s32 Unk13C" />
  </Fields>
</PARAMDEF>