﻿<?xml version="1.0" encoding="utf-8"?>
<PARAMDEF XmlVersion="1">
  <ParamType>CHR_NETWORK_PHANTOM_PARAM</ParamType>
  <DataVersion>6</DataVersion>
  <BigEndian>False</BigEndian>
  <Unicode>True</Unicode>
  <FormatVersion>201</FormatVersion>
  <Fields>
    <Field Def="s32 Unk00" />
    <Field Def="s32 Fully Body SFX ID 1" />
    <Field Def="s32 Fully Body SFX ID 2" />
    <Field Def="s32 Fully Body SFX ID 3" />
    <Field Def="s32 Fully Body SFX ID 4" />
    <Field Def="u8 Unk14" />
    <Field Def="u8 Unk15" />
    <Field Def="u8 Unk16" />
    <Field Def="u8 Unk17" />
    <Field Def="s32 Physics Texture ID" />
    <Field Def="f32 Unk1C" />
    <Field Def="s32 Dead Type ID" />
    <Field Def="f32 Unk24" />
    <Field Def="f32 Unk28" />
    <Field Def="s32 Unk2C" />
    <Field Def="s32 Unk30" />
    <Field Def="s32 Unk34" />
    <Field Def="f32 Unk38" />
    <Field Def="s32 Unk3C" />
    <Field Def="s32 Unk40" />
    <Field Def="f32 Unk44" />
    <Field Def="f32 Unk48" />
    <Field Def="f32 Unk4C" />
    <Field Def="s32 Unk50" />
    <Field Def="s32 Unk54" />
    <Field Def="s32 Unk58" />
    <Field Def="f32 Unk5C" />
  </Fields>
</PARAMDEF>