﻿<?xml version="1.0" encoding="utf-8"?>
<PARAMDEF XmlVersion="1">
  <ParamType>CHR_MOVE_PARAM</ParamType>
  <DataVersion>23</DataVersion>
  <BigEndian>False</BigEndian>
  <Unicode>True</Unicode>
  <FormatVersion>201</FormatVersion>
  <Fields>
    <Field Def="f32 Unk00" />
    <Field Def="f32 Unk04" />
    <Field Def="f32 Unk08" />
    <Field Def="f32 Unk0C" />
    <Field Def="f32 Unk10" />
    <Field Def="f32 Unk14" />
    <Field Def="f32 Unk18" />
    <Field Def="f32 Unk1C" />
    <Field Def="f32 Walk Speed" />
    <Field Def="f32 Unk24" />
    <Field Def="f32 Unk28" />
    <Field Def="f32 Unk2C" />
    <Field Def="f32 Unk30" />
    <Field Def="f32 Unk34" />
    <Field Def="f32 Unk38" />
    <Field Def="f32 Run Speed" />
    <Field Def="f32 Unk40" />
    <Field Def="f32 Unk44" />
    <Field Def="f32 Unk48" />
    <Field Def="f32 Unk4C" />
    <Field Def="f32 Unk50" />
    <Field Def="f32 Unk54" />
    <Field Def="f32 Unk58" />
    <Field Def="f32 Unk5C" />
    <Field Def="f32 Unk60" />
    <Field Def="f32 Unk64" />
    <Field Def="f32 Unk68" />
    <Field Def="f32 Locked-on Walk Speed" />
    <Field Def="f32 Locked-on Unk70" />
    <Field Def="f32 Locked-on Unk74" />
    <Field Def="f32 Locked-on Unk78" />
    <Field Def="f32 Locked-on Unk7C" />
    <Field Def="f32 Locked-on Unk80" />
    <Field Def="f32 Locked-on Run Speed" />
    <Field Def="f32 Locked-on Unk88" />
    <Field Def="f32 Locked-on Unk8C" />
    <Field Def="f32 Locked-on Unk90" />
    <Field Def="f32 Locked-on Unk94" />
    <Field Def="f32 Locked-on Unk98" />
    <Field Def="f32 Locked-on Unk9C" />
    <Field Def="f32 Locked-on UnkA0" />
    <Field Def="f32 Locked-on UnkA4" />
    <Field Def="f32 Locked-on UnkA8" />
    <Field Def="f32 Locked-on UnkAC" />
    <Field Def="f32 Locked-on UnkB0" />
    <Field Def="f32 UnkB4" />
    <Field Def="f32 UnkB8" />
    <Field Def="f32 UnkBC" />
    <Field Def="f32 UnkC0" />
    <Field Def="f32 UnkC4" />
    <Field Def="f32 UnkC8" />
    <Field Def="f32 UnkCC" />
    <Field Def="f32 UnkD0" />
    <Field Def="f32 UnkD4" />
    <Field Def="f32 UnkD8" />
    <Field Def="f32 UnkDC" />
    <Field Def="f32 UnkE0" />
    <Field Def="f32 UnkE4" />
    <Field Def="f32 UnkE8" />
    <Field Def="f32 UnkEC" />
    <Field Def="f32 UnkF0" />
    <Field Def="f32 UnkF4" />
    <Field Def="f32 Backstep Speed" />
    <Field Def="s32 UnkFC" />
    <Field Def="f32 Unk100" />
    <Field Def="f32 Backstep Distance" />
    <Field Def="f32 Unk108" />
    <Field Def="f32 Unk10C" />
    <Field Def="f32 Roll Speed" />
    <Field Def="f32 Unk114" />
    <Field Def="f32 Unk118" />
    <Field Def="f32 Unk11C" />
    <Field Def="f32 Jump Height" />
    <Field Def="f32 Unk124" />
    <Field Def="f32 Unk128" />
    <Field Def="f32 Jump Length" />
    <Field Def="f32 Jump Length 2" />
    <Field Def="f32 Unk134" />
    <Field Def="f32 Unk138" />
    <Field Def="f32 Jump Gravity" />
    <Field Def="f32 Jump Gravity 2" />
    <Field Def="f32 Unk144" />
    <Field Def="f32 Unk148" />
    <Field Def="f32 Unk14C" />
    <Field Def="f32 Fall Death Timer" />
    <Field Def="f32 Unk154" />
    <Field Def="f32 Unk158" />
    <Field Def="f32 Unk15C" />
    <Field Def="f32 Escape Min Height" />
    <Field Def="f32 Unk164" />
    <Field Def="f32 Unk168" />
    <Field Def="f32 Unk16C" />
    <Field Def="f32 Unk170" />
    <Field Def="f32 Unk174" />
    <Field Def="f32 Unk178" />
    <Field Def="f32 Unk17C" />
    <Field Def="f32 Unk180" />
    <Field Def="f32 Unk184" />
    <Field Def="f32 Unk188" />
    <Field Def="f32 Unk18C" />
    <Field Def="f32 Unk190" />
    <Field Def="f32 Unk194" />
    <Field Def="f32 Unk198" />
    <Field Def="f32 Unk19C" />
    <Field Def="f32 Unk1A0" />
    <Field Def="f32 Unk1A4" />
    <Field Def="f32 Unk1A8" />
    <Field Def="f32 Unk1AC" />
    <Field Def="f32 Unk1B0" />
    <Field Def="f32 Unk1B4" />
    <Field Def="f32 Unk1B8" />
    <Field Def="f32 Unk1BC" />
    <Field Def="f32 Unk1C0" />
    <Field Def="f32 Unk1C4" />
    <Field Def="f32 Unk1C8" />
    <Field Def="f32 Unk1CC" />
    <Field Def="f32 Unk1D0" />
    <Field Def="f32 Unk1D4" />
    <Field Def="f32 Unk1D8" />
    <Field Def="f32 Unk1DC" />
    <Field Def="f32 Unk1E0" />
    <Field Def="f32 Unk1E4" />
    <Field Def="f32 Unk1E8" />
    <Field Def="f32 Unk1EC" />
    <Field Def="f32 Unk1F0" />
    <Field Def="f32 Fall Damage Damp" />
    <Field Def="f32 Fall Damage Damp 2" />
    <Field Def="f32 Unk1FC" />
    <Field Def="f32 Fall Distance Max" />
    <Field Def="f32 Unk204" />
    <Field Def="f32 Unk208" />
    <Field Def="f32 Unk20C" />
    <Field Def="f32 Unk210" />
    <Field Def="f32 Unk214" />
    <Field Def="f32 Unk218" />
    <Field Def="f32 Unk21C" />
    <Field Def="f32 Unk220" />
    <Field Def="f32 Unk224" />
    <Field Def="f32 Unk228" />
    <Field Def="s32 Unk22C" />
    <Field Def="f32 Unk230" />
    <Field Def="f32 Unk234" />
    <Field Def="f32 Unk238" />
    <Field Def="f32 Unk23C" />
    <Field Def="f32 Unk240" />
    <Field Def="f32 Unk244" />
    <Field Def="f32 Unk248" />
    <Field Def="f32 Unk24C" />
    <Field Def="f32 Unk250" />
    <Field Def="f32 Unk254" />
    <Field Def="f32 Unk258" />
    <Field Def="f32 Unk25C" />
    <Field Def="f32 Unk260" />
    <Field Def="f32 Unk264" />
    <Field Def="f32 Unk268" />
    <Field Def="f32 Unk26C" />
    <Field Def="f32 Unk270" />
    <Field Def="f32 Unk274" />
    <Field Def="f32 Unk278" />
    <Field Def="f32 Unk27C" />
    <Field Def="f32 Unk280" />
    <Field Def="f32 Unk284" />
    <Field Def="f32 Unk288" />
    <Field Def="f32 Unk28C" />
    <Field Def="f32 Unk290" />
    <Field Def="f32 Unk294" />
    <Field Def="f32 Unk298" />
    <Field Def="f32 Unk29C" />
    <Field Def="f32 Unk2A0" />
    <Field Def="f32 Unk2A4" />
    <Field Def="f32 Unk2A8" />
    <Field Def="f32 Unk2AC" />
    <Field Def="f32 Unk2B0" />
    <Field Def="f32 Unk2B4" />
    <Field Def="f32 Unk2B8" />
    <Field Def="f32 Unk2BC" />
    <Field Def="f32 Unk2C0" />
    <Field Def="f32 Unk2C4" />
    <Field Def="f32 Unk2C8" />
    <Field Def="f32 Unk2CC" />
    <Field Def="f32 Unk2D0" />
    <Field Def="f32 Unk2D4" />
    <Field Def="f32 Unk2D8" />
    <Field Def="f32 Unk2DC" />
    <Field Def="f32 Unk2E0" />
    <Field Def="f32 Unk2E4" />
    <Field Def="f32 Unk2E8" />
    <Field Def="f32 Unk2EC" />
    <Field Def="s32 Unk2F0" />
    <Field Def="f32 Unk2F4" />
    <Field Def="f32 Unk2F8" />
    <Field Def="f32 Unk2FC" />
    <Field Def="f32 Unk300" />
  </Fields>
</PARAMDEF>