﻿<?xml version="1.0" encoding="utf-8"?>
<PARAMDEF XmlVersion="1">
  <ParamType>CHR_FULLBODY_SFX_PARAM</ParamType>
  <DataVersion>3</DataVersion>
  <BigEndian>False</BigEndian>
  <Unicode>True</Unicode>
  <FormatVersion>201</FormatVersion>
  <Fields>
    <Field Def="s32 Unk00" />
    <Field Def="s32 Unk04" />
    <Field Def="s32 Unk08" />
    <Field Def="s32 Unk0C" />
    <Field Def="f32 Unk10" />
    <Field Def="f32 Unk14" />
    <Field Def="s32 Unk18" />
  </Fields>
</PARAMDEF>