﻿<?xml version="1.0" encoding="utf-8"?>
<PARAMDEF XmlVersion="1">
  <ParamType>COMBO_BEHAVIOR_PARAM</ParamType>
  <DataVersion>11</DataVersion>
  <BigEndian>False</BigEndian>
  <Unicode>True</Unicode>
  <FormatVersion>201</FormatVersion>
  <Fields>
    <Field Def="s32 Group 1: Unk00" />
    <Field Def="s32 Group 1: Unk04" />
    <Field Def="s32 Group 1: Enemy Damage ID 1" />
    <Field Def="s32 Group 1: Enemy Damage ID 2" />
    <Field Def="s32 Group 1: Enemy Damage ID 3" />
    <Field Def="s32 Group 1: Enemy Damage ID 4" />
    <Field Def="s32 Group 1: Enemy Damage ID 5" />
    <Field Def="s32 Group 1: Unk1C" />
    <Field Def="s32 Group 1: Unk20" />
    <Field Def="s32 Group 1: Unk24" />
    <Field Def="s32 Group 1: Unk28" />
    <Field Def="s32 Group 1: Unk2C" />
    <Field Def="s32 Group 1: Unk30" />
    <Field Def="s32 Group 1: Unk34" />
    <Field Def="s32 Group 1: Unk38" />
    <Field Def="s32 Group 1: Unk3C" />
    <Field Def="s32 Group 1: Unk40" />
    <Field Def="s32 Group 1: Unk44" />
    <Field Def="s32 Group 1: Unk48" />
    <Field Def="s32 Group 1: Unk4C" />
    <Field Def="f32 Group 1: Unk50" />
    <Field Def="f32 Group 1: Unk54" />
    <Field Def="f32 Group 1: Unk58" />
    <Field Def="f32 Group 1: Unk5C" />
    <Field Def="f32 Group 1: Unk60" />
    <Field Def="f32 Group 1: Unk64" />
    <Field Def="f32 Group 1: Unk68" />
    <Field Def="f32 Group 1: Unk6C" />
    <Field Def="f32 Group 1: Unk70" />
    <Field Def="f32 Group 1: Unk74" />
    <Field Def="f32 Group 1: Unk78" />
    <Field Def="f32 Group 1: Unk7C" />
    <Field Def="f32 Group 1: Unk80" />
    <Field Def="f32 Group 1: Unk84" />
    <Field Def="f32 Group 1: Unk88" />
    <Field Def="f32 Group 1: Unk8C" />
    <Field Def="f32 Group 1: Unk90" />
    <Field Def="f32 Group 1: Unk94" />
    <Field Def="f32 Group 1: Unk98" />
    <Field Def="f32 Group 1: Unk9C" />
    <Field Def="f32 Group 1: UnkA0" />
    <Field Def="f32 Group 1: UnkA4" />
    <Field Def="f32 Group 1: UnkA8" />
    <Field Def="f32 Group 1: UnkAC" />
    <Field Def="f32 Group 1: UnkB0" />
    <Field Def="f32 Group 1: UnkB4" />
    <Field Def="f32 Group 1: UnkB8" />
    <Field Def="f32 Group 1: UnkBC" />
    <Field Def="f32 Group 1: UnkC0" />
    <Field Def="s32 Group 1: UnkC4" />
    <Field Def="s32 Group 1: UnkC8" />
    <Field Def="s32 Group 1: UnkCC" />
    <Field Def="s32 Group 1: UnkD0" />
    <Field Def="s32 Group 1: UnkD4" />
    <Field Def="s32 Group 2: Unk00" />
    <Field Def="s32 Group 2: Unk04" />
    <Field Def="s32 Group 2: Enemy Damage ID 1" />
    <Field Def="s32 Group 2: Enemy Damage ID 2" />
    <Field Def="s32 Group 2: Enemy Damage ID 3" />
    <Field Def="s32 Group 2: Enemy Damage ID 4" />
    <Field Def="s32 Group 2: Enemy Damage ID 5" />
    <Field Def="s32 Group 2: Unk1C" />
    <Field Def="s32 Group 2: Unk20" />
    <Field Def="s32 Group 2: Unk24" />
    <Field Def="s32 Group 2: Unk28" />
    <Field Def="s32 Group 2: Unk2C" />
    <Field Def="s32 Group 2: Unk30" />
    <Field Def="s32 Group 2: Unk34" />
    <Field Def="s32 Group 2: Unk38" />
    <Field Def="s32 Group 2: Unk3C" />
    <Field Def="s32 Group 2: Unk40" />
    <Field Def="s32 Group 2: Unk44" />
    <Field Def="s32 Group 2: Unk48" />
    <Field Def="s32 Group 2: Unk4C" />
    <Field Def="f32 Group 2: Unk50" />
    <Field Def="f32 Group 2: Unk54" />
    <Field Def="f32 Group 2: Unk58" />
    <Field Def="f32 Group 2: Unk5C" />
    <Field Def="f32 Group 2: Unk60" />
    <Field Def="f32 Group 2: Unk64" />
    <Field Def="f32 Group 2: Unk68" />
    <Field Def="f32 Group 2: Unk6C" />
    <Field Def="f32 Group 2: Unk70" />
    <Field Def="f32 Group 2: Unk74" />
    <Field Def="f32 Group 2: Unk78" />
    <Field Def="f32 Group 2: Unk7C" />
    <Field Def="f32 Group 2: Unk80" />
    <Field Def="f32 Group 2: Unk84" />
    <Field Def="f32 Group 2: Unk88" />
    <Field Def="f32 Group 2: Unk8C" />
    <Field Def="f32 Group 2: Unk90" />
    <Field Def="f32 Group 2: Unk94" />
    <Field Def="f32 Group 2: Unk98" />
    <Field Def="f32 Group 2: Unk9C" />
    <Field Def="f32 Group 2: UnkA0" />
    <Field Def="f32 Group 2: UnkA4" />
    <Field Def="f32 Group 2: UnkA8" />
    <Field Def="f32 Group 2: UnkAC" />
    <Field Def="f32 Group 2: UnkB0" />
    <Field Def="f32 Group 2: UnkB4" />
    <Field Def="f32 Group 2: UnkB8" />
    <Field Def="f32 Group 2: UnkBC" />
    <Field Def="f32 Group 2: UnkC0" />
    <Field Def="s32 Group 2: UnkC4" />
    <Field Def="s32 Group 2: UnkC8" />
    <Field Def="s32 Group 2: UnkCC" />
    <Field Def="s32 Group 2: UnkD0" />
    <Field Def="s32 Group 2: UnkD4" />
    <Field Def="s32 Group 3: Unk00" />
    <Field Def="s32 Group 3: Unk04" />
    <Field Def="s32 Group 3: Enemy Damage ID 1" />
    <Field Def="s32 Group 3: Enemy Damage ID 2" />
    <Field Def="s32 Group 3: Enemy Damage ID 3" />
    <Field Def="s32 Group 3: Enemy Damage ID 4" />
    <Field Def="s32 Group 3: Enemy Damage ID 5" />
    <Field Def="s32 Group 3: Unk1C" />
    <Field Def="s32 Group 3: Unk20" />
    <Field Def="s32 Group 3: Unk24" />
    <Field Def="s32 Group 3: Unk28" />
    <Field Def="s32 Group 3: Unk2C" />
    <Field Def="s32 Group 3: Unk30" />
    <Field Def="s32 Group 3: Unk34" />
    <Field Def="s32 Group 3: Unk38" />
    <Field Def="s32 Group 3: Unk3C" />
    <Field Def="s32 Group 3: Unk40" />
    <Field Def="s32 Group 3: Unk44" />
    <Field Def="s32 Group 3: Unk48" />
    <Field Def="s32 Group 3: Unk4C" />
    <Field Def="f32 Group 3: Unk50" />
    <Field Def="f32 Group 3: Unk54" />
    <Field Def="f32 Group 3: Unk58" />
    <Field Def="f32 Group 3: Unk5C" />
    <Field Def="f32 Group 3: Unk60" />
    <Field Def="f32 Group 3: Unk64" />
    <Field Def="f32 Group 3: Unk68" />
    <Field Def="f32 Group 3: Unk6C" />
    <Field Def="f32 Group 3: Unk70" />
    <Field Def="f32 Group 3: Unk74" />
    <Field Def="f32 Group 3: Unk78" />
    <Field Def="f32 Group 3: Unk7C" />
    <Field Def="f32 Group 3: Unk80" />
    <Field Def="f32 Group 3: Unk84" />
    <Field Def="f32 Group 3: Unk88" />
    <Field Def="f32 Group 3: Unk8C" />
    <Field Def="f32 Group 3: Unk90" />
    <Field Def="f32 Group 3: Unk94" />
    <Field Def="f32 Group 3: Unk98" />
    <Field Def="f32 Group 3: Unk9C" />
    <Field Def="f32 Group 3: UnkA0" />
    <Field Def="f32 Group 3: UnkA4" />
    <Field Def="f32 Group 3: UnkA8" />
    <Field Def="f32 Group 3: UnkAC" />
    <Field Def="f32 Group 3: UnkB0" />
    <Field Def="f32 Group 3: UnkB4" />
    <Field Def="f32 Group 3: UnkB8" />
    <Field Def="f32 Group 3: UnkBC" />
    <Field Def="f32 Group 3: UnkC0" />
    <Field Def="s32 Group 3: UnkC4" />
    <Field Def="s32 Group 3: UnkC8" />
    <Field Def="s32 Group 3: UnkCC" />
    <Field Def="s32 Group 3: UnkD0" />
    <Field Def="s32 Group 3: UnkD4" />
    <Field Def="s32 Group 4: Unk00" />
    <Field Def="s32 Group 4: Unk04" />
    <Field Def="s32 Group 4: Enemy Damage ID 1" />
    <Field Def="s32 Group 4: Enemy Damage ID 2" />
    <Field Def="s32 Group 4: Enemy Damage ID 3" />
    <Field Def="s32 Group 4: Enemy Damage ID 4" />
    <Field Def="s32 Group 4: Enemy Damage ID 5" />
    <Field Def="s32 Group 4: Unk1C" />
    <Field Def="s32 Group 4: Unk20" />
    <Field Def="s32 Group 4: Unk24" />
    <Field Def="s32 Group 4: Unk28" />
    <Field Def="s32 Group 4: Unk2C" />
    <Field Def="s32 Group 4: Unk30" />
    <Field Def="s32 Group 4: Unk34" />
    <Field Def="s32 Group 4: Unk38" />
    <Field Def="s32 Group 4: Unk3C" />
    <Field Def="s32 Group 4: Unk40" />
    <Field Def="s32 Group 4: Unk44" />
    <Field Def="s32 Group 4: Unk48" />
    <Field Def="s32 Group 4: Unk4C" />
    <Field Def="f32 Group 4: Unk50" />
    <Field Def="f32 Group 4: Unk54" />
    <Field Def="f32 Group 4: Unk58" />
    <Field Def="f32 Group 4: Unk5C" />
    <Field Def="f32 Group 4: Unk60" />
    <Field Def="f32 Group 4: Unk64" />
    <Field Def="f32 Group 4: Unk68" />
    <Field Def="f32 Group 4: Unk6C" />
    <Field Def="f32 Group 4: Unk70" />
    <Field Def="f32 Group 4: Unk74" />
    <Field Def="f32 Group 4: Unk78" />
    <Field Def="f32 Group 4: Unk7C" />
    <Field Def="f32 Group 4: Unk80" />
    <Field Def="f32 Group 4: Unk84" />
    <Field Def="f32 Group 4: Unk88" />
    <Field Def="f32 Group 4: Unk8C" />
    <Field Def="f32 Group 4: Unk90" />
    <Field Def="f32 Group 4: Unk94" />
    <Field Def="f32 Group 4: Unk98" />
    <Field Def="f32 Group 4: Unk9C" />
    <Field Def="f32 Group 4: UnkA0" />
    <Field Def="f32 Group 4: UnkA4" />
    <Field Def="f32 Group 4: UnkA8" />
    <Field Def="f32 Group 4: UnkAC" />
    <Field Def="f32 Group 4: UnkB0" />
    <Field Def="f32 Group 4: UnkB4" />
    <Field Def="f32 Group 4: UnkB8" />
    <Field Def="f32 Group 4: UnkBC" />
    <Field Def="f32 Group 4: UnkC0" />
    <Field Def="s32 Group 4: UnkC4" />
    <Field Def="s32 Group 4: UnkC8" />
    <Field Def="s32 Group 4: UnkCC" />
    <Field Def="s32 Group 4: UnkD0" />
    <Field Def="s32 Group 4: UnkD4" />
    <Field Def="s32 Group 5: Unk00" />
    <Field Def="s32 Group 5: Unk04" />
    <Field Def="s32 Group 5: Enemy Damage ID 1" />
    <Field Def="s32 Group 5: Enemy Damage ID 2" />
    <Field Def="s32 Group 5: Enemy Damage ID 3" />
    <Field Def="s32 Group 5: Enemy Damage ID 4" />
    <Field Def="s32 Group 5: Enemy Damage ID 5" />
    <Field Def="s32 Group 5: Unk1C" />
    <Field Def="s32 Group 5: Unk20" />
    <Field Def="s32 Group 5: Unk24" />
    <Field Def="s32 Group 5: Unk28" />
    <Field Def="s32 Group 5: Unk2C" />
    <Field Def="s32 Group 5: Unk30" />
    <Field Def="s32 Group 5: Unk34" />
    <Field Def="s32 Group 5: Unk38" />
    <Field Def="s32 Group 5: Unk3C" />
    <Field Def="s32 Group 5: Unk40" />
    <Field Def="s32 Group 5: Unk44" />
    <Field Def="s32 Group 5: Unk48" />
    <Field Def="s32 Group 5: Unk4C" />
    <Field Def="f32 Group 5: Unk50" />
    <Field Def="f32 Group 5: Unk54" />
    <Field Def="f32 Group 5: Unk58" />
    <Field Def="f32 Group 5: Unk5C" />
    <Field Def="f32 Group 5: Unk60" />
    <Field Def="f32 Group 5: Unk64" />
    <Field Def="f32 Group 5: Unk68" />
    <Field Def="f32 Group 5: Unk6C" />
    <Field Def="f32 Group 5: Unk70" />
    <Field Def="f32 Group 5: Unk74" />
    <Field Def="f32 Group 5: Unk78" />
    <Field Def="f32 Group 5: Unk7C" />
    <Field Def="f32 Group 5: Unk80" />
    <Field Def="f32 Group 5: Unk84" />
    <Field Def="f32 Group 5: Unk88" />
    <Field Def="f32 Group 5: Unk8C" />
    <Field Def="f32 Group 5: Unk90" />
    <Field Def="f32 Group 5: Unk94" />
    <Field Def="f32 Group 5: Unk98" />
    <Field Def="f32 Group 5: Unk9C" />
    <Field Def="f32 Group 5: UnkA0" />
    <Field Def="f32 Group 5: UnkA4" />
    <Field Def="f32 Group 5: UnkA8" />
    <Field Def="f32 Group 5: UnkAC" />
    <Field Def="f32 Group 5: UnkB0" />
    <Field Def="f32 Group 5: UnkB4" />
    <Field Def="f32 Group 5: UnkB8" />
    <Field Def="f32 Group 5: UnkBC" />
    <Field Def="f32 Group 5: UnkC0" />
    <Field Def="s32 Group 5: UnkC4" />
    <Field Def="s32 Group 5: UnkC8" />
    <Field Def="s32 Group 5: UnkCC" />
    <Field Def="s32 Group 5: UnkD0" />
    <Field Def="s32 Group 5: UnkD4" />
    <Field Def="s32 Group 6: Unk00" />
    <Field Def="s32 Group 6: Unk04" />
    <Field Def="s32 Group 6: Enemy Damage ID 1" />
    <Field Def="s32 Group 6: Enemy Damage ID 2" />
    <Field Def="s32 Group 6: Enemy Damage ID 3" />
    <Field Def="s32 Group 6: Enemy Damage ID 4" />
    <Field Def="s32 Group 6: Enemy Damage ID 5" />
    <Field Def="s32 Group 6: Unk1C" />
    <Field Def="s32 Group 6: Unk20" />
    <Field Def="s32 Group 6: Unk24" />
    <Field Def="s32 Group 6: Unk28" />
    <Field Def="s32 Group 6: Unk2C" />
    <Field Def="s32 Group 6: Unk30" />
    <Field Def="s32 Group 6: Unk34" />
    <Field Def="s32 Group 6: Unk38" />
    <Field Def="s32 Group 6: Unk3C" />
    <Field Def="s32 Group 6: Unk40" />
    <Field Def="s32 Group 6: Unk44" />
    <Field Def="s32 Group 6: Unk48" />
    <Field Def="s32 Group 6: Unk4C" />
    <Field Def="f32 Group 6: Unk50" />
    <Field Def="f32 Group 6: Unk54" />
    <Field Def="f32 Group 6: Unk58" />
    <Field Def="f32 Group 6: Unk5C" />
    <Field Def="f32 Group 6: Unk60" />
    <Field Def="f32 Group 6: Unk64" />
    <Field Def="f32 Group 6: Unk68" />
    <Field Def="f32 Group 6: Unk6C" />
    <Field Def="f32 Group 6: Unk70" />
    <Field Def="f32 Group 6: Unk74" />
    <Field Def="f32 Group 6: Unk78" />
    <Field Def="f32 Group 6: Unk7C" />
    <Field Def="f32 Group 6: Unk80" />
    <Field Def="f32 Group 6: Unk84" />
    <Field Def="f32 Group 6: Unk88" />
    <Field Def="f32 Group 6: Unk8C" />
    <Field Def="f32 Group 6: Unk90" />
    <Field Def="f32 Group 6: Unk94" />
    <Field Def="f32 Group 6: Unk98" />
    <Field Def="f32 Group 6: Unk9C" />
    <Field Def="f32 Group 6: UnkA0" />
    <Field Def="f32 Group 6: UnkA4" />
    <Field Def="f32 Group 6: UnkA8" />
    <Field Def="f32 Group 6: UnkAC" />
    <Field Def="f32 Group 6: UnkB0" />
    <Field Def="f32 Group 6: UnkB4" />
    <Field Def="f32 Group 6: UnkB8" />
    <Field Def="f32 Group 6: UnkBC" />
    <Field Def="f32 Group 6: UnkC0" />
    <Field Def="s32 Group 6: UnkC4" />
    <Field Def="s32 Group 6: UnkC8" />
    <Field Def="s32 Group 6: UnkCC" />
    <Field Def="s32 Group 6: UnkD0" />
    <Field Def="s32 Group 6: UnkD4" />
    <Field Def="s32 Group 7: Unk00" />
    <Field Def="s32 Group 7: Unk04" />
    <Field Def="s32 Group 7: Enemy Damage ID 1" />
    <Field Def="s32 Group 7: Enemy Damage ID 2" />
    <Field Def="s32 Group 7: Enemy Damage ID 3" />
    <Field Def="s32 Group 7: Enemy Damage ID 4" />
    <Field Def="s32 Group 7: Enemy Damage ID 5" />
    <Field Def="s32 Group 7: Unk1C" />
    <Field Def="s32 Group 7: Unk20" />
    <Field Def="s32 Group 7: Unk24" />
    <Field Def="s32 Group 7: Unk28" />
    <Field Def="s32 Group 7: Unk2C" />
    <Field Def="s32 Group 7: Unk30" />
    <Field Def="s32 Group 7: Unk34" />
    <Field Def="s32 Group 7: Unk38" />
    <Field Def="s32 Group 7: Unk3C" />
    <Field Def="s32 Group 7: Unk40" />
    <Field Def="s32 Group 7: Unk44" />
    <Field Def="s32 Group 7: Unk48" />
    <Field Def="s32 Group 7: Unk4C" />
    <Field Def="f32 Group 7: Unk50" />
    <Field Def="f32 Group 7: Unk54" />
    <Field Def="f32 Group 7: Unk58" />
    <Field Def="f32 Group 7: Unk5C" />
    <Field Def="f32 Group 7: Unk60" />
    <Field Def="f32 Group 7: Unk64" />
    <Field Def="f32 Group 7: Unk68" />
    <Field Def="f32 Group 7: Unk6C" />
    <Field Def="f32 Group 7: Unk70" />
    <Field Def="f32 Group 7: Unk74" />
    <Field Def="f32 Group 7: Unk78" />
    <Field Def="f32 Group 7: Unk7C" />
    <Field Def="f32 Group 7: Unk80" />
    <Field Def="f32 Group 7: Unk84" />
    <Field Def="f32 Group 7: Unk88" />
    <Field Def="f32 Group 7: Unk8C" />
    <Field Def="f32 Group 7: Unk90" />
    <Field Def="f32 Group 7: Unk94" />
    <Field Def="f32 Group 7: Unk98" />
    <Field Def="f32 Group 7: Unk9C" />
    <Field Def="f32 Group 7: UnkA0" />
    <Field Def="f32 Group 7: UnkA4" />
    <Field Def="f32 Group 7: UnkA8" />
    <Field Def="f32 Group 7: UnkAC" />
    <Field Def="f32 Group 7: UnkB0" />
    <Field Def="f32 Group 7: UnkB4" />
    <Field Def="f32 Group 7: UnkB8" />
    <Field Def="f32 Group 7: UnkBC" />
    <Field Def="f32 Group 7: UnkC0" />
    <Field Def="s32 Group 7: UnkC4" />
    <Field Def="s32 Group 7: UnkC8" />
    <Field Def="s32 Group 7: UnkCC" />
    <Field Def="s32 Group 7: UnkD0" />
    <Field Def="s32 Group 7: UnkD4" />
  </Fields>
</PARAMDEF>