﻿<?xml version="1.0" encoding="utf-8"?>
<PARAMDEF XmlVersion="1">
  <ParamType>CUSTOM_ATTR_COST_PARAM</ParamType>
  <DataVersion>2</DataVersion>
  <BigEndian>False</BigEndian>
  <Unicode>True</Unicode>
  <FormatVersion>201</FormatVersion>
  <Fields>
    <Field Def="s32 Infusion 1 Cost" />
    <Field Def="s32 Infusion 2 Cost" />
    <Field Def="s32 Infusion 3 Cost" />
    <Field Def="s32 Infusion 4 Cost" />
    <Field Def="s32 Infusion 5 Cost" />
    <Field Def="s32 Infusion 6 Cost" />
    <Field Def="s32 Infusion 7 Cost" />
    <Field Def="s32 Infusion 8 Cost" />
    <Field Def="s32 Infusion 9 Cost" />
    <Field Def="s32 Infusion 10 Cost" />
    <Field Def="s32 Infusion 1 Item" />
    <Field Def="s32 Infusion 2 Item" />
    <Field Def="s32 Infusion 3 Item" />
    <Field Def="s32 Infusion 4 Item" />
    <Field Def="s32 Infusion 5 Item" />
    <Field Def="s32 Infusion 6 Item" />
    <Field Def="s32 Infusion 7 Item" />
    <Field Def="s32 Infusion 8 Item" />
    <Field Def="s32 Infusion 9 Item" />
    <Field Def="s32 Infusion 10 Item" />
    <Field Def="u16 Infusion 1 Amount" />
    <Field Def="u16 Infusion 2 Amount" />
    <Field Def="u16 Infusion 3 Amount" />
    <Field Def="u16 Infusion 4 Amount" />
    <Field Def="u16 Infusion 5 Amount" />
    <Field Def="u16 Infusion 6 Amount" />
    <Field Def="u16 Infusion 7 Amount" />
    <Field Def="u16 Infusion 8 Amount" />
    <Field Def="u16 Infusion 9 Amount" />
    <Field Def="u16 Infusion 10 Amount" />
  </Fields>
</PARAMDEF>