﻿<?xml version="1.0" encoding="utf-8"?>
<PARAMDEF XmlVersion="1">
  <ParamType>DAMAGE_OVER_WRITE_PARAM</ParamType>
  <DataVersion>3</DataVersion>
  <BigEndian>False</BigEndian>
  <Unicode>True</Unicode>
  <FormatVersion>201</FormatVersion>
  <Fields>
    <Field Def="u8 Unk00" />
    <Field Def="u8 Unk00" />
    <Field Def="u8 Unk00" />
    <Field Def="u8 Unk00" />
    <Field Def="u8 Unk04" />
    <Field Def="u8 Unk04" />
    <Field Def="u8 Unk04" />
    <Field Def="u8 Unk04" />
    <Field Def="u8 Unk08" />
    <Field Def="u8 Unk08" />
    <Field Def="u8 Unk08" />
    <Field Def="u8 Unk08" />
    <Field Def="u8 Unk0C" />
    <Field Def="u8 Unk0C" />
    <Field Def="u8 Unk0C" />
    <Field Def="u8 Unk0C" />
    <Field Def="u8 Unk10" />
    <Field Def="u8 Unk10" />
    <Field Def="u8 Unk10" />
    <Field Def="u8 Unk10" />
    <Field Def="u8 Unk14" />
    <Field Def="u8 Unk14" />
    <Field Def="u8 Unk14" />
    <Field Def="u8 Unk14" />
    <Field Def="u8 Unk18" />
    <Field Def="u8 Unk19" />
    <Field Def="u8 Unk1A" />
  </Fields>
</PARAMDEF>