﻿<?xml version="1.0" encoding="utf-8"?>
<PARAMDEF XmlVersion="1">
  <ParamType>DEMO_PARAM</ParamType>
  <DataVersion>3</DataVersion>
  <BigEndian>False</BigEndian>
  <Unicode>True</Unicode>
  <FormatVersion>201</FormatVersion>
  <Fields>
    <Field Def="u16 Unk00" />
    <Field Def="u16 Unk02" />
    <Field Def="u16 Unk04" />
    <Field Def="u16 Unk06" />
    <Field Def="f32 Unk08" />
    <Field Def="s32 Unk0C" />
    <Field Def="f32 Unk10" />
    <Field Def="f32 Unk14" />
    <Field Def="f32 Unk18" />
    <Field Def="f32 Unk1C" />
    <Field Def="s32 Unk20" />
    <Field Def="f32 Unk24" />
    <Field Def="f32 Unk28" />
  </Fields>
</PARAMDEF>