﻿<?xml version="1.0" encoding="utf-8"?>
<PARAMDEF XmlVersion="1">
  <ParamType>DUAL_WIELDING_PERMISSION_PARAM</ParamType>
  <DataVersion>5</DataVersion>
  <BigEndian>False</BigEndian>
  <Unicode>True</Unicode>
  <FormatVersion>201</FormatVersion>
  <Fields>
    <Field Def="u8 Unk00" />
    <Field Def="u8 Unk01" />
    <Field Def="u8 Unk02" />
    <Field Def="u8 Unk03" />
    <Field Def="u8 Unk04" />
    <Field Def="u8 Unk05" />
    <Field Def="u8 Unk06" />
    <Field Def="u8 Unk07" />
    <Field Def="u8 Unk08" />
    <Field Def="u8 Unk09" />
    <Field Def="u8 Unk0A" />
    <Field Def="u8 Unk0B" />
    <Field Def="u8 Unk0C" />
    <Field Def="u8 Unk0D" />
    <Field Def="u8 Unk0E" />
    <Field Def="u8 Unk0F" />
    <Field Def="u8 Unk10" />
    <Field Def="u8 Unk11" />
    <Field Def="u8 Unk12" />
    <Field Def="u8 Unk13" />
    <Field Def="u8 Unk14" />
    <Field Def="u8 Unk15" />
    <Field Def="u8 Unk16" />
    <Field Def="u8 Unk17" />
    <Field Def="u8 Unk18" />
    <Field Def="u8 Unk19" />
    <Field Def="u8 Unk1A" />
  </Fields>
</PARAMDEF>