﻿<?xml version="1.0" encoding="utf-8"?>
<PARAMDEF XmlVersion="1">
  <ParamType>GENERATOR_DBG_LOCATION_PARAM</ParamType>
  <DataVersion>1</DataVersion>
  <BigEndian>False</BigEndian>
  <Unicode>True</Unicode>
  <FormatVersion>201</FormatVersion>
  <Fields>
    <Field Def="f32 unk00" />
    <Field Def="f32 unk04" />
    <Field Def="u8 unk08" />
    <Field Def="u8 unk09" />
    <Field Def="u8 unk0A" />
    <Field Def="u8 unk0B" />
    <Field Def="s32 unk0C" />
  </Fields>
</PARAMDEF>