﻿<?xml version="1.0" encoding="utf-8"?>
<PARAMDEF XmlVersion="1">
  <ParamType>GENERATOR_REGIST_PARAM</ParamType>
  <DataVersion>7</DataVersion>
  <BigEndian>False</BigEndian>
  <Unicode>True</Unicode>
  <FormatVersion>201</FormatVersion>
  <Fields>
    <Field Def="u32 EnemyParamID" />
    <Field Def="u32 LogicParamID">
      <Description>Refers to LogicComParam</Description>
    </Field>
    <Field Def="u32 DefaultLogicParamID">
      <Description>Refers to EnemyDefaultLogicParam</Description>
    </Field>
    <Field Def="u16 SpawnState" />
    <Field Def="u8 DrawGroup" />
    <Field Def="u8 Unk0F" />
  </Fields>
</PARAMDEF>