﻿<?xml version="1.0" encoding="utf-8"?>
<PARAMDEF XmlVersion="1">
  <ParamType>ITEM_LOT_PARAM2</ParamType>
  <DataVersion>2</DataVersion>
  <BigEndian>False</BigEndian>
  <Unicode>True</Unicode>
  <FormatVersion>201</FormatVersion>
  <Fields>
    <Field Def="u8 Unk" />
    <Field Def="u8 Unk" />
    <Field Def="u8 Unk" />
    <Field Def="u8 Unk" />
    <Field Def="u8 Amount - Lot 1" />
    <Field Def="u8 Amount - Lot 2" />
    <Field Def="u8 Amount - Lot 3" />
    <Field Def="u8 Amount - Lot 4" />
    <Field Def="u8 Amount - Lot 5" />
    <Field Def="u8 Amount - Lot 6" />
    <Field Def="u8 Amount - Lot 7" />
    <Field Def="u8 Amount - Lot 8" />
    <Field Def="u8 Amount - Lot 9" />
    <Field Def="u8 Amount - Lot 10" />
    <Field Def="u8 Reinforcement - Lot 1" />
    <Field Def="u8 Reinforcement - Lot 2" />
    <Field Def="u8 Reinforcement - Lot 3" />
    <Field Def="u8 Reinforcement - Lot 4" />
    <Field Def="u8 Reinforcement - Lot 5" />
    <Field Def="u8 Reinforcement - Lot 6" />
    <Field Def="u8 Reinforcement - Lot 7" />
    <Field Def="u8 Reinforcement - Lot 8" />
    <Field Def="u8 Reinforcement - Lot 9" />
    <Field Def="u8 Reinforcement - Lot 10" />
    <Field Def="u8 Infusion - Lot 1" />
    <Field Def="u8 Infusion - Lot 2" />
    <Field Def="u8 Infusion - Lot 3" />
    <Field Def="u8 Infusion - Lot 4" />
    <Field Def="u8 Infusion - Lot 5" />
    <Field Def="u8 Infusion - Lot 6" />
    <Field Def="u8 Infusion - Lot 7" />
    <Field Def="u8 Infusion - Lot 8" />
    <Field Def="u8 Infusion - Lot 9" />
    <Field Def="u8 Infusion - Lot 10" />
    <Field Def="u8 Unk3 - Lot 1" />
    <Field Def="u8 Unk3 - Lot 2" />
    <Field Def="u8 Unk3 - Lot 3" />
    <Field Def="u8 Unk3 - Lot 4" />
    <Field Def="u8 Unk3 - Lot 5" />
    <Field Def="u8 Unk3 - Lot 6" />
    <Field Def="u8 Unk3 - Lot 7" />
    <Field Def="u8 Unk3 - Lot 8" />
    <Field Def="u8 Unk3 - Lot 9" />
    <Field Def="u8 Unk3 - Lot 10" />
    <Field Def="s32 Lot 1 = 6.051E+07" />
    <Field Def="s32 Lot 2 = 6.051E+07" />
    <Field Def="s32 Lot 3 = 6.051E+07" />
    <Field Def="s32 Lot 4 = 6.051E+07" />
    <Field Def="s32 Lot 5 = 6.051E+07" />
    <Field Def="s32 Lot 6 = 6.051E+07" />
    <Field Def="s32 Lot 7 = 6.051E+07" />
    <Field Def="s32 Lot 8 = 6.051E+07" />
    <Field Def="s32 Lot 9 = 6.051E+07" />
    <Field Def="s32 Lot 10 = 6.051E+07" />
    <Field Def="f32 Chance - Lot 1" />
    <Field Def="f32 Chance - Lot 2" />
    <Field Def="f32 Chance - Lot 3" />
    <Field Def="f32 Chance - Lot 4" />
    <Field Def="f32 Chance - Lot 5" />
    <Field Def="f32 Chance - Lot 6" />
    <Field Def="f32 Chance - Lot 7" />
    <Field Def="f32 Chance - Lot 8" />
    <Field Def="f32 Chance - Lot 9" />
    <Field Def="f32 Chance - Lot 10" />
  </Fields>
</PARAMDEF>