﻿<?xml version="1.0" encoding="utf-8"?>
<PARAMDEF XmlVersion="1">
  <ParamType>MODEL_LINK_LOD_TYPE_PARAM</ParamType>
  <DataVersion>1</DataVersion>
  <BigEndian>False</BigEndian>
  <Unicode>True</Unicode>
  <FormatVersion>201</FormatVersion>
  <Fields>
    <Field Def="s32 Unk00" />
    <Field Def="s32 Unk04" />
    <Field Def="s32 Unk08" />
    <Field Def="s32 Unk0C" />
    <Field Def="s32 Unk10" />
    <Field Def="u8 Unk14" />
    <Field Def="u8 Unk15" />
  </Fields>
</PARAMDEF>