﻿<?xml version="1.0" encoding="utf-8"?>
<PARAMDEF XmlVersion="1">
  <ParamType>NPC_GENERATE_PARAM</ParamType>
  <DataVersion>2</DataVersion>
  <BigEndian>False</BigEndian>
  <Unicode>True</Unicode>
  <FormatVersion>201</FormatVersion>
  <Fields>
    <Field Def="s32 NPC ID" />
    <Field Def="s32 Unk04" />
    <Field Def="s32 Unk08" />
    <Field Def="f32 Unk0C" />
    <Field Def="f32 Unk10" />
    <Field Def="f32 Unk14" />
    <Field Def="s32 Unk18" />
    <Field Def="s32 Right Weapon ID" />
    <Field Def="s32 Right Weapon ID" />
    <Field Def="s32 Right Weapon ID" />
    <Field Def="s32 Left Weapon ID" />
    <Field Def="s32 Left Weapon ID" />
    <Field Def="s32 Left Weapon ID" />
    <Field Def="s32 Head Armor ID" />
    <Field Def="s32 Chest Armor ID" />
    <Field Def="s32 Hands Armor ID" />
    <Field Def="s32 Legs Armor ID" />
    <Field Def="s32 Unk44" />
    <Field Def="s32 Unk48" />
  </Fields>
</PARAMDEF>