﻿<?xml version="1.0" encoding="utf-8"?>
<PARAMDEF XmlVersion="1">
  <ParamType>PLAYER_STATUS_ITEM_PARAM</ParamType>
  <DataVersion>2</DataVersion>
  <BigEndian>False</BigEndian>
  <Unicode>True</Unicode>
  <FormatVersion>201</FormatVersion>
  <Fields>
    <Field Def="s32 Item ID 0" />
    <Field Def="s32 Item ID 1" />
    <Field Def="s32 Item ID 2" />
    <Field Def="s32 Item ID 3" />
    <Field Def="s32 Item ID 4" />
    <Field Def="s32 Item ID 5" />
    <Field Def="s32 Item ID 6" />
    <Field Def="s32 Item ID 7" />
    <Field Def="s32 Item ID 8" />
    <Field Def="s32 Item ID 9" />
    <Field Def="s32 Item ID 10" />
    <Field Def="s32 Item ID 11" />
    <Field Def="s32 Item ID 12" />
    <Field Def="s32 Item ID 13" />
    <Field Def="s32 Item ID 14" />
    <Field Def="s32 Item ID 15" />
    <Field Def="s32 Item ID 16" />
    <Field Def="s32 Item ID 17" />
    <Field Def="s32 Item ID 18" />
    <Field Def="s32 Item ID 19" />
    <Field Def="u16 Item Amount 0" />
    <Field Def="u16 Item Amount 1" />
    <Field Def="u16 Item Amount 2" />
    <Field Def="u16 Item Amount 3" />
    <Field Def="u16 Item Amount 4" />
    <Field Def="u16 Item Amount 5" />
    <Field Def="u16 Item Amount 6" />
    <Field Def="u16 Item Amount 7" />
    <Field Def="u16 Item Amount 8" />
    <Field Def="u16 Item Amount 9" />
    <Field Def="u16 Item Amount 10" />
    <Field Def="u16 Item Amount 11" />
    <Field Def="u16 Item Amount 12" />
    <Field Def="u16 Item Amount 13" />
    <Field Def="u16 Item Amount 14" />
    <Field Def="u16 Item Amount 15" />
    <Field Def="u16 Item Amount 16" />
    <Field Def="u16 Item Amount 17" />
    <Field Def="u16 Item Amount 18" />
    <Field Def="u16 Item Amount 19" />
  </Fields>
</PARAMDEF>