﻿<?xml version="1.0" encoding="utf-8"?>
<PARAMDEF XmlVersion="1">
  <ParamType>PLAYER_LIGHT_PARAM</ParamType>
  <DataVersion>2</DataVersion>
  <BigEndian>False</BigEndian>
  <Unicode>True</Unicode>
  <FormatVersion>201</FormatVersion>
  <Fields>
    <Field Def="f32 Offset X" />
    <Field Def="f32 Offset Y" />
    <Field Def="f32 Offset Z" />
    <Field Def="u8 Diffuse R = 255" />
    <Field Def="u8 Diffuse G = 255" />
    <Field Def="u8 Diffuse B = 255" />
    <Field Def="u8 Diffuse A = 255" />
    <Field Def="u8 Specular R = 255" />
    <Field Def="u8 Specular G = 255" />
    <Field Def="u8 Specular B = 255" />
    <Field Def="u8 Specular A = 255" />
    <Field Def="s16 Diffuse Intensity = 255" />
    <Field Def="s16 Specular Intensity = 255" />
    <Field Def="f32 Radius" />
    <Field Def="f32 Unk1C" />
    <Field Def="f32 Shadow Strength" />
    <Field Def="s16 Unk24" />
    <Field Def="s16 Unk26" />
    <Field Def="f32 Unk28" />
    <Field Def="f32 Unk2C" />
    <Field Def="f32 Unk30" />
    <Field Def="f32 Unk34" />
    <Field Def="u32 Cast Shadows:1" />
  </Fields>
</PARAMDEF>