﻿<?xml version="1.0" encoding="utf-8"?>
<PARAMDEF XmlVersion="1">
  <ParamType>RELATE_PHYS_STAT_TO_LEVEL_STAT</ParamType>
  <DataVersion>6</DataVersion>
  <BigEndian>False</BigEndian>
  <Unicode>True</Unicode>
  <FormatVersion>201</FormatVersion>
  <Fields>
    <Field Def="u8 Unk00" />
    <Field Def="u8 Unk00" />
    <Field Def="u8 Unk00" />
    <Field Def="u8 Unk00" />
    <Field Def="u8 Unk04" />
    <Field Def="u8 Unk04" />
    <Field Def="u8 Unk04" />
    <Field Def="u8 Unk04" />
    <Field Def="u8 Unk08" />
    <Field Def="u8 Unk08" />
    <Field Def="u8 Unk08" />
    <Field Def="u8 Unk08" />
    <Field Def="u8 Unk0C" />
    <Field Def="u8 Unk0C" />
    <Field Def="u8 Unk0C" />
    <Field Def="u8 Unk0C" />
    <Field Def="u8 Unk10" />
    <Field Def="u8 Unk10" />
    <Field Def="u8 Unk10" />
    <Field Def="u8 Unk10" />
    <Field Def="u8 Unk14" />
    <Field Def="u8 Unk14" />
    <Field Def="u8 Unk14" />
    <Field Def="u8 Unk14" />
    <Field Def="u8 Unk18" />
    <Field Def="u8 Unk18" />
    <Field Def="u8 Unk18" />
    <Field Def="u8 Unk18" />
    <Field Def="u8 Unk1C" />
    <Field Def="u8 Unk1C" />
    <Field Def="u8 Unk1C" />
    <Field Def="u8 Unk1C" />
    <Field Def="u8 Unk20" />
    <Field Def="u8 Unk20" />
    <Field Def="u8 Unk20" />
    <Field Def="u8 Unk20" />
    <Field Def="u8 Unk24" />
    <Field Def="u8 Unk25" />
  </Fields>
</PARAMDEF>