﻿<?xml version="1.0" encoding="utf-8"?>
<PARAMDEF XmlVersion="1">
  <ParamType>SHOP_LINEUP_PARAM</ParamType>
  <DataVersion>4</DataVersion>
  <BigEndian>False</BigEndian>
  <Unicode>True</Unicode>
  <FormatVersion>201</FormatVersion>
  <Fields>
    <Field Def="s32 Equip ID = -1" />
    <Field Def="s32 Unk04 = 10" />
    <Field Def="s32 Enable Flag = -1" />
    <Field Def="s32 Disable Flag = -1" />
    <Field Def="s32 Material ID" />
    <Field Def="s32 Duplicate Item ID" />
    <Field Def="s32 Unk18" />
    <Field Def="f32 Price Rate" />
    <Field Def="s32 Quantity = 255" />
  </Fields>
</PARAMDEF>