﻿<?xml version="1.0" encoding="utf-8"?>
<PARAMDEF XmlVersion="1">
  <ParamType>WEAPON_TYPE_PARAM</ParamType>
  <DataVersion>25</DataVersion>
  <BigEndian>False</BigEndian>
  <Unicode>True</Unicode>
  <FormatVersion>201</FormatVersion>
  <Fields>
    <Field Def="s32 Unk00" />
    <Field Def="s32 Unk04" />
    <Field Def="s32 Unk08" />
    <Field Def="s32 Unk0C" />
    <Field Def="s32 Unk10" />
    <Field Def="s32 Unk14" />
    <Field Def="s32 Unk18" />
    <Field Def="s32 Unk1C" />
    <Field Def="s32 Unk20" />
    <Field Def="u8 Unk24" />
    <Field Def="u8 Unk24" />
    <Field Def="u8 Unk24" />
    <Field Def="u8 Unk24" />
    <Field Def="u8 Unk28" />
    <Field Def="u8 Unk28" />
    <Field Def="u8 Unk28" />
    <Field Def="u8 Unk28" />
    <Field Def="u8 Unk2C" />
    <Field Def="u8 Unk2C" />
    <Field Def="u8 Unk2C" />
    <Field Def="u8 Unk2C" />
    <Field Def="u8 Unk30" />
    <Field Def="u8 Unk30" />
    <Field Def="u8 Unk30" />
    <Field Def="u8 Unk30" />
    <Field Def="u8 Unk34" />
    <Field Def="u8 Unk34" />
    <Field Def="u8 Unk34" />
    <Field Def="u8 Unk34" />
    <Field Def="s32 Unk38" />
    <Field Def="f32 Unk3C" />
    <Field Def="f32 Unk40" />
    <Field Def="f32 Unk44" />
    <Field Def="f32 Unk48" />
    <Field Def="f32 Unk4C" />
    <Field Def="s32 Unk50" />
    <Field Def="f32 Unk54" />
    <Field Def="f32 Unk58" />
    <Field Def="f32 Unk5C" />
    <Field Def="f32 Unk60" />
    <Field Def="f32 Unk64" />
    <Field Def="f32 Unk68" />
    <Field Def="f32 Unk6C" />
    <Field Def="f32 Unk70" />
    <Field Def="f32 Unk74" />
    <Field Def="f32 Unk78" />
    <Field Def="f32 Unk7C" />
    <Field Def="f32 Unk80" />
    <Field Def="f32 Unk84" />
    <Field Def="f32 Unk88" />
    <Field Def="f32 Unk8C" />
    <Field Def="f32 Unk90" />
    <Field Def="f32 Unk94" />
    <Field Def="f32 Unk98" />
    <Field Def="f32 Unk9C" />
    <Field Def="s32 UnkA0" />
    <Field Def="s32 UnkA4" />
    <Field Def="s32 UnkA8" />
    <Field Def="f32 UnkAC" />
    <Field Def="f32 UnkB0" />
    <Field Def="f32 UnkB4" />
    <Field Def="f32 UnkB8" />
    <Field Def="f32 UnkBC" />
    <Field Def="f32 UnkC0" />
    <Field Def="f32 UnkC4" />
    <Field Def="f32 UnkC8" />
    <Field Def="f32 UnkCC" />
    <Field Def="f32 UnkD0" />
    <Field Def="f32 UnkD4" />
    <Field Def="f32 UnkD8" />
    <Field Def="f32 UnkDC" />
    <Field Def="f32 UnkE0" />
    <Field Def="f32 UnkE4" />
    <Field Def="f32 UnkE8" />
    <Field Def="f32 UnkEC" />
    <Field Def="f32 UnkF0" />
    <Field Def="f32 UnkF4" />
    <Field Def="f32 UnkF8" />
    <Field Def="f32 UnkFC" />
    <Field Def="s32 Unk100" />
    <Field Def="f32 Unk104" />
    <Field Def="f32 Unk108" />
    <Field Def="f32 Unk10C" />
    <Field Def="f32 Unk110" />
    <Field Def="f32 Unk114" />
    <Field Def="f32 Unk118" />
    <Field Def="f32 Unk11C" />
    <Field Def="f32 Unk120" />
    <Field Def="f32 Unk124" />
    <Field Def="f32 Unk128" />
    <Field Def="f32 Unk12C" />
    <Field Def="s32 Unk130" />
    <Field Def="s32 Unk134" />
    <Field Def="s32 Unk138" />
  </Fields>
</PARAMDEF>