﻿<?xml version="1.0" encoding="utf-8"?>
<PARAMDEF XmlVersion="1">
  <ParamType>WEAPON_STATS_AFFECT_PARAM</ParamType>
  <DataVersion>3</DataVersion>
  <BigEndian>False</BigEndian>
  <Unicode>True</Unicode>
  <FormatVersion>201</FormatVersion>
  <Fields>
    <Field Def="f32 Base Damage Multiplier" />
    <Field Def="f32 Unk" />
    <Field Def="f32 +0 - Physical Scaling: STR" />
    <Field Def="f32 +0 - Physical Scaling: DEX" />
    <Field Def="f32 +0 - Magic Scaling:" />
    <Field Def="f32 +0 - Lightning Scaling:" />
    <Field Def="f32 +0 - Fire Scaling:" />
    <Field Def="f32 +0 - Dark Scaling:" />
    <Field Def="f32 +0 - Poison Scaling:" />
    <Field Def="f32 +0 - Bleed Scaling:" />
    <Field Def="f32 +0 - Unk" />
    <Field Def="f32 +1 - Physical Scaling: STR" />
    <Field Def="f32 +1 - Physical Scaling: DEX" />
    <Field Def="f32 +1 - Magic Scaling" />
    <Field Def="f32 +1 - Lightning Scaling" />
    <Field Def="f32 +1 - Fire Scaling" />
    <Field Def="f32 +1 - Dark Scaling" />
    <Field Def="f32 +1 - Poison Scaling:" />
    <Field Def="f32 +1 - Bleed Scaling:" />
    <Field Def="f32 +1 - Unk" />
    <Field Def="f32 +2 - Physical Scaling STR" />
    <Field Def="f32 +2 - Physical Scaling DEX" />
    <Field Def="f32 +2 - Magic Scaling" />
    <Field Def="f32 +2 - Lightning Scaling" />
    <Field Def="f32 +2 - Fire Scaling" />
    <Field Def="f32 +2 - Dark Scaling" />
    <Field Def="f32 +2 - Poison Scaling:" />
    <Field Def="f32 +2 - Bleed Scaling:" />
    <Field Def="f32 +2 - Unk" />
    <Field Def="f32 +3 - Physical Scaling: STR" />
    <Field Def="f32 +3 - Physical Scaling: DEX" />
    <Field Def="f32 +3 - Magic Scaling" />
    <Field Def="f32 +3 - Lightning Scaling" />
    <Field Def="f32 +3 - Fire Scaling" />
    <Field Def="f32 +3 - Dark Scaling" />
    <Field Def="f32 +3 - Poison Scaling:" />
    <Field Def="f32 +3 - Bleed Scaling:" />
    <Field Def="f32 +3 - Unk" />
    <Field Def="f32 +4 - Physical Scaling: STR" />
    <Field Def="f32 +4 - Physical Scaling: DEX" />
    <Field Def="f32 +4 - Magic Scaling" />
    <Field Def="f32 +4 - Lightning Scaling" />
    <Field Def="f32 +4 - Fire Scaling" />
    <Field Def="f32 +4 - Dark Scaling" />
    <Field Def="f32 +4 - Poison Scaling:" />
    <Field Def="f32 +4 - Bleed Scaling:" />
    <Field Def="f32 +4 - Unk" />
    <Field Def="f32 +5 - Physical Scaling: STR" />
    <Field Def="f32 +5 - Physical Scaling: DEX" />
    <Field Def="f32 +5 - Magic Scaling" />
    <Field Def="f32 +5 - Lightning Scaling" />
    <Field Def="f32 +5 - Fire Scaling" />
    <Field Def="f32 +5 - Dark Scaling" />
    <Field Def="f32 +5 - Poison Scaling:" />
    <Field Def="f32 +5 - Bleed Scaling:" />
    <Field Def="f32 +5 - Unk" />
    <Field Def="f32 +6 - Physical Scaling: STR" />
    <Field Def="f32 +6 - Physical Scaling: DEX" />
    <Field Def="f32 +6 - Magic Scaling" />
    <Field Def="f32 +6 - Lightning Scaling" />
    <Field Def="f32 +6 - Fire Scaling" />
    <Field Def="f32 +6 - Dark Scaling" />
    <Field Def="f32 +6 - Poison Scaling:" />
    <Field Def="f32 +6 - Bleed Scaling:" />
    <Field Def="f32 +6 - Unk" />
    <Field Def="f32 +7 - Physical Scaling: STR" />
    <Field Def="f32 +7 - Physical Scaling: DEX" />
    <Field Def="f32 +7 - Magic Scaling" />
    <Field Def="f32 +7 - Lightning Scaling" />
    <Field Def="f32 +7 - Fire Scaling" />
    <Field Def="f32 +7 - Dark Scaling" />
    <Field Def="f32 +7 - Poison Scaling:" />
    <Field Def="f32 +7 - Bleed Scaling:" />
    <Field Def="f32 +7 - Unk" />
    <Field Def="f32 +8 - Physical Scaling: STR" />
    <Field Def="f32 +8 - Physical Scaling: DEX" />
    <Field Def="f32 +8 - Magic Scaling" />
    <Field Def="f32 +8 - Lightning Scaling" />
    <Field Def="f32 +8 - Fire Scaling" />
    <Field Def="f32 +8 - Dark Scaling" />
    <Field Def="f32 +8 - Poison Scaling:" />
    <Field Def="f32 +8 - Bleed Scaling:" />
    <Field Def="f32 +8 - Unk" />
    <Field Def="f32 +9 - Physical Scaling: STR" />
    <Field Def="f32 +9 - Physical Scaling: DEX" />
    <Field Def="f32 +9 - Magic Scaling" />
    <Field Def="f32 +9 - Lightning Scaling" />
    <Field Def="f32 +9 - Fire Scaling" />
    <Field Def="f32 +9 - Dark Scaling" />
    <Field Def="f32 +9 - Poison Scaling:" />
    <Field Def="f32 +9 - Bleed Scaling:" />
    <Field Def="f32 +9 - Unk" />
    <Field Def="f32 +10 - Physical Scaling: STR" />
    <Field Def="f32 +10 - Physical Scaling: DEX" />
    <Field Def="f32 +10 - Magic Scaling" />
    <Field Def="f32 +10 - Lightning Scaling" />
    <Field Def="f32 +10 - Fire Scaling" />
    <Field Def="f32 +10 - Dark Scaling" />
    <Field Def="f32 +10 - Poison Scaling:" />
    <Field Def="f32 +10 - Bleed Scaling:" />
    <Field Def="f32 +10 - Unk" />
  </Fields>
</PARAMDEF>