﻿<?xml version="1.0" encoding="utf-8"?>
<PARAMDEF XmlVersion="1">
  <ParamType>WEAPON_STAMINA_COST_PARAM</ParamType>
  <DataVersion>7</DataVersion>
  <BigEndian>False</BigEndian>
  <Unicode>True</Unicode>
  <FormatVersion>201</FormatVersion>
  <Fields>
    <Field Def="f32 Right - 1H Light #1" />
    <Field Def="f32 Right - 1H Light #2" />
    <Field Def="f32 Right - 1H Heavy #1" />
    <Field Def="f32 Right - 1H Heavy #2" />
    <Field Def="f32 Right - 1H Light Running" />
    <Field Def="f32 Right - 1H Light Rolling" />
    <Field Def="f32 Right - 1H Light Backstep" />
    <Field Def="f32 Right - 1H Falling" />
    <Field Def="f32 Right - 1H Landing" />
    <Field Def="f32 Right - 1H Jumping" />
    <Field Def="f32 Right - 2H Light #1" />
    <Field Def="f32 Right - 2H Light #2" />
    <Field Def="f32 Right - 2H Heavy #1" />
    <Field Def="f32 Right - 2H Heavy #2" />
    <Field Def="f32 Right - 2H Light Running" />
    <Field Def="f32 Right - 2H Light Rolling" />
    <Field Def="f32 Right - 2H Light Backstep" />
    <Field Def="f32 Right - 2H Falling" />
    <Field Def="f32 Right - 2H Landing" />
    <Field Def="f32 Right - 2H Jumping" />
    <Field Def="f32 Chain 1 #1" />
    <Field Def="f32 Chain 1 #2" />
    <Field Def="f32 Chain 2 #1" />
    <Field Def="f32 Chain 2 #2" />
    <Field Def="f32 Chain Running" />
    <Field Def="f32 Chain Rolling" />
    <Field Def="f32 Chain Backstep" />
    <Field Def="f32 Chain Falling" />
    <Field Def="f32 Chain Landing" />
    <Field Def="f32 Chain Jumping" />
    <Field Def="f32 Right - Powerstance - Light #1" />
    <Field Def="f32 Right - Powerstance - Light #2" />
    <Field Def="f32 Right - Powerstance - Heavy #1" />
    <Field Def="f32 Right - Powerstance - Heavy #2" />
    <Field Def="f32 Right - Powerstance - Light Running" />
    <Field Def="f32 Right - Powerstance - Light Rolling" />
    <Field Def="f32 Right - Powerstance - Light Backstep" />
    <Field Def="f32 Right - Powerstance - Falling" />
    <Field Def="f32 Right - Powerstance - Landing" />
    <Field Def="f32 Right - Powerstance - Jumping" />
    <Field Def="f32 Left - 1H Light #1" />
    <Field Def="f32 Left - 1H Light #2" />
    <Field Def="f32 Left - 1H Heavy #1" />
    <Field Def="f32 Left - 1H Heavy #2" />
    <Field Def="f32 Left - 1H Light Running" />
    <Field Def="f32 Left - 1H Light Rolling" />
    <Field Def="f32 Left - 1H Light Backstep" />
    <Field Def="f32 Left - 1H Falling" />
    <Field Def="f32 Left - 1H Landing" />
    <Field Def="f32 Left - 1H Jumping" />
    <Field Def="f32 Left - 2H Light" />
    <Field Def="f32 Left - 2H Heavy" />
    <Field Def="f32 Left - Powerstance - Light #1" />
    <Field Def="f32 Left - Powerstance - Light #2" />
    <Field Def="f32 Left - Powerstance - Heavy" />
    <Field Def="f32 Guard Break #1" />
    <Field Def="f32 Guard Break #2" />
    <Field Def="f32 Shield Poke 1 #1" />
    <Field Def="f32 Shield Poke 1 #2" />
    <Field Def="f32 Shield Poke 2 #1" />
    <Field Def="f32 Shield Poke 2 #2" />
    <Field Def="f32 Riposte" />
    <Field Def="f32 Guard Break Stab" />
    <Field Def="f32 Backstab" />
  </Fields>
</PARAMDEF>