Row ID;Row Name;disableParam_NT;eventflagId;bonfireEntityId;bonfireSubCategorySortId;forbiddenIconId;dispMinZoomStep;selectMinZoomStep;bonfireSubCategoryId;clearedEventFlagId;iconId;dispMask00;dispMask01;areaNo;gridXNo;gridZNo;posX;posY;posZ;textId1;textEnableFlagId1;textDisableFlagId1;textId2;textEnableFlagId2;textDisableFlagId2;textId3;textEnableFlagId3;textDisableFlagId3;textId4;textEnableFlagId4;textDisableFlagId4;textId5;textEnableFlagId5;textDisableFlagId5;textId6;textEnableFlagId6;textDisableFlagId6;textId7;textEnableFlagId7;textDisableFlagId7;textId8;textEnableFlagId8;textDisableFlagId8;textType1;textType2;textType3;textType4;textType5;textType6;textType7;textType8;noIgnitionSfxDmypolyId_0;noIgnitionSfxId_0;noIgnitionSfxDmypolyId_1;noIgnitionSfxId_1;unkA8;unkAC;unkB0;unkB4;unkB8;unkBC;unkC0;unkC4;unkC8;unkCC;unkD0;unkD4;unkD8;unkDC;unkE0;unkE4;unkE8
0;;0;200;4001950;0;0;0;0;0;0;1;0;0;10;0;0;0.39;-9.74;-14.04;211200;0;0;-1;0;0;-1;0;0;-1;0;0;-1;0;0;-1;0;0;-1;0;0;-1;0;0;0;0;0;0;0;0;0;0;-1;-1;-1;-1;0;0;0;0;0;0;0;0;0;0;0;0;0;0;0;0;1;
100000;[Stormveil Castle] Godrick the Grafted;1;71000;10001950;999;2;0;0;10000;0;1;1;0;10;0;0;-232.76;74.11;345.13;100000;0;0;-1;0;0;-1;0;0;-1;0;0;-1;0;0;-1;0;0;-1;0;0;-1;0;0;0;0;0;0;0;0;0;0;100;6410;-1;-1;0;0;0;0;0;0;0;0;0;0;0;0;0;0;0;0;131073;
100001;[Stormveil Castle] Margit, the Fell Omen;0;71001;10001951;30;2;0;0;61001;0;1;1;0;10;0;0;-28.55;-1.76;-18.58;100001;0;0;-1;0;0;-1;0;0;-1;0;0;-1;0;0;-1;0;0;-1;0;0;-1;0;0;0;0;0;0;0;0;0;0;100;6410;-1;-1;0;0;0;0;0;0;0;0;0;0;0;0;0;0;0;0;131073;
100002;[Stormveil Castle] Castleward Tunnel;0;71002;10001952;20;2;0;0;61001;0;1;1;0;10;0;0;36.35;-11.28;5.36;100002;0;0;-1;0;0;-1;0;0;-1;0;0;-1;0;0;-1;0;0;-1;0;0;-1;0;0;0;0;0;0;0;0;0;0;100;6411;-1;-1;0;0;0;0;0;0;0;0;0;0;0;0;0;0;0;0;131073;
100003;[Stormveil Castle] Gateside Chamber;0;71003;10001953;40;2;0;0;10000;0;1;1;0;10;0;0;-122.51;30.2;11.88;100003;0;0;-1;0;0;-1;0;0;-1;0;0;-1;0;0;-1;0;0;-1;0;0;-1;0;0;0;0;0;0;0;0;0;0;100;6411;-1;-1;0;0;0;0;0;0;0;0;0;0;0;0;0;0;0;0;131073;
100004;[Stormveil Castle] Stormveil Cliffside;0;71004;10001954;50;2;0;0;10000;0;1;1;0;10;0;0;-200.67;30.44;-16.52;100004;0;0;-1;0;0;-1;0;0;-1;0;0;-1;0;0;-1;0;0;-1;0;0;-1;0;0;0;0;0;0;0;0;0;0;100;6411;-1;-1;0;0;0;0;0;0;0;0;0;0;0;0;0;0;0;0;131073;
100005;[Stormveil Castle] Rampart Tower;0;71005;10001955;60;2;0;0;10000;0;1;1;0;10;0;0;-262.26;98.45;112.96;100005;0;0;-1;0;0;-1;0;0;-1;0;0;-1;0;0;-1;0;0;-1;0;0;-1;0;0;0;0;0;0;0;0;0;0;100;6411;-1;-1;0;0;0;0;0;0;0;0;0;0;0;0;0;0;0;0;131073;
100006;[Stormveil Castle] Liftside Chamber;1;71006;10001956;70;2;0;0;10000;0;1;1;0;10;0;0;-273.12;71.56;241.41;100006;0;0;-1;0;0;-1;0;0;-1;0;0;-1;0;0;-1;0;0;-1;0;0;-1;0;0;0;0;0;0;0;0;0;0;100;6411;-1;-1;0;0;0;0;0;0;0;0;0;0;0;0;0;0;0;0;131073;
100007;[Stormveil Castle] Secluded Cell;1;71007;10001957;80;2;0;0;10000;0;1;1;0;10;0;0;-189.96;81.87;313.47;100007;0;0;-1;0;0;-1;0;0;-1;0;0;-1;0;0;-1;0;0;-1;0;0;-1;0;0;0;0;0;0;0;0;0;0;100;6411;-1;-1;0;0;0;0;0;0;0;0;0;0;0;0;0;0;0;0;131073;
100008;[Stormveil Castle] Stormveil Main Gate;0;71008;10001958;30;2;0;0;10000;0;1;1;0;10;0;0;-96.08;21.41;20.28;100008;0;0;-1;0;0;130200;10009549;3263;-1;0;0;-1;0;0;-1;0;0;-1;0;0;-1;0;0;0;0;1;0;0;0;0;0;100;6411;-1;-1;0;0;0;0;0;0;0;0;0;0;400051;0;0;0;0;0;6684773;
110000;[Leyndell, Royal Capital] Elden Throne;1;71100;11001950;999;2;0;0;11000;0;1;1;0;11;0;0;37.25;65.11;-416.03;110000;0;0;-1;0;0;-1;0;0;-1;0;0;-1;0;0;-1;0;0;-1;0;0;-1;0;0;0;0;0;0;0;0;0;0;100;6410;-1;-1;0;0;0;0;0;0;0;0;0;0;0;0;0;0;0;0;131073;
110001;[Leyndell, Royal Capital] Erdtree Sanctuary;1;71101;11001951;10;2;0;0;11000;0;1;1;0;11;0;0;-132;31.01;-386.5;110001;0;0;-1;0;0;-1;0;0;-1;0;0;-1;0;0;-1;0;0;-1;0;0;-1;0;0;0;0;0;0;0;0;0;0;100;6410;-1;-1;0;0;0;0;0;0;0;0;0;0;0;0;0;0;0;0;131073;
110002;[Leyndell, Royal Capital] East Capital Rampart;1;71102;11001952;20;2;0;0;11000;0;1;1;0;11;0;0;-33.04;7.93;-80.52;110002;0;0;-1;0;0;122310;3947;3943;-1;0;0;-1;0;0;-1;0;0;-1;0;0;-1;0;0;0;0;1;0;0;0;0;0;100;6411;-1;-1;0;0;11109802;0;0;0;0;0;0;0;0;0;0;0;0;0;6684773;
110003;[Leyndell, Royal Capital] Lower Capital Church;1;71103;11001953;30;2;0;0;11000;0;1;1;0;11;0;0;-215.8;-64.72;-223.22;110003;0;0;-1;0;0;-1;0;0;-1;0;0;-1;0;0;-1;0;0;-1;0;0;-1;0;0;0;0;0;0;0;0;0;0;100;6411;-1;-1;0;0;0;0;0;0;0;0;0;0;0;0;0;0;0;0;131073;
110004;[Leyndell, Royal Capital] Avenue Balcony;1;71104;11001954;40;2;0;0;11000;0;1;1;0;11;0;0;-180.35;-49.9;-185.54;110004;0;0;-1;0;0;-1;0;0;-1;0;0;-1;0;0;-1;0;0;-1;0;0;-1;0;0;0;0;0;0;0;0;0;0;100;6410;-1;-1;0;0;0;0;0;0;0;0;0;0;0;0;0;0;0;0;131073;
110005;[Leyndell, Royal Capital] West Capital Rampart;1;71105;11001955;50;2;0;0;11000;0;1;1;0;11;0;0;-217.61;-12;-260.53;110005;0;0;-1;0;0;-1;0;0;-1;0;0;-1;0;0;-1;0;0;-1;0;0;-1;0;0;0;0;0;0;0;0;0;0;100;6411;-1;-1;0;0;0;0;0;0;0;0;0;0;0;0;0;0;0;0;131073;
110007;[Leyndell, Royal Capital] Queen's Bedchamber;1;71107;11001957;70;2;0;0;11000;0;1;1;0;11;0;0;-55.11;47.51;-307.16;110007;0;0;-1;0;0;-1;0;0;-1;0;0;-1;0;0;-1;0;0;-1;0;0;-1;0;0;0;0;0;0;0;0;0;0;100;6410;-1;-1;0;0;0;0;0;0;0;0;0;0;0;0;0;0;0;0;131073;
110008;[Leyndell, Royal Capital] Fortified Manor, First Floor;1;71108;11001958;80;2;0;0;11000;0;1;1;0;11;0;0;-319.98;-32.63;-270.49;110008;0;0;-1;0;0;-1;0;0;-1;0;0;-1;0;0;-1;0;0;-1;0;0;-1;0;0;0;0;0;0;0;0;0;0;100;6411;-1;-1;0;0;0;0;0;0;0;0;0;0;0;0;0;0;0;0;131073;
110009;[Leyndell, Royal Capital] Divine Bridge;1;71109;11001959;90;2;0;0;11000;0;1;1;0;11;0;0;-426.01;29.12;-294.32;110009;0;0;-1;0;0;-1;0;0;-1;0;0;-1;0;0;-1;0;0;-1;0;0;-1;0;0;0;0;0;0;0;0;0;0;100;6410;-1;-1;0;0;0;0;0;0;0;0;0;0;0;0;0;0;0;0;131073;
110500;[Leyndell, Ashen Capital] Elden Throne;1;71120;11051950;999;2;0;0;11050;0;1;1;0;11;5;0;37.18;64.98;-415.93;110500;0;0;-1;0;0;-1;0;0;-1;0;0;-1;0;0;-1;0;0;-1;0;0;-1;0;0;0;0;0;0;0;0;0;0;100;6411;-1;-1;0;0;0;0;0;0;0;0;0;0;0;0;0;0;0;0;131073;
110501;[Leyndell, Ashen Capital] Erdtree Sanctuary;1;71121;11051951;30;2;0;0;11050;0;1;1;0;11;5;0;-132;31.01;-386.5;110501;0;0;-1;0;0;-1;0;0;-1;0;0;-1;0;0;-1;0;0;-1;0;0;-1;0;0;0;0;0;0;0;0;0;0;100;6411;-1;-1;0;0;0;0;0;0;0;0;0;0;0;0;0;0;0;0;131073;
110502;[Leyndell, Ashen Capital] East Capital Rampart;1;71122;11051952;10;2;0;0;11050;0;1;1;0;11;5;0;-33.01;8;-80.47;110502;0;0;-1;0;0;122310;3947;3943;-1;0;0;-1;0;0;-1;0;0;-1;0;0;-1;0;0;0;0;1;0;0;0;0;0;100;6411;-1;-1;0;0;11109802;0;0;0;0;0;0;0;0;0;0;0;0;0;6684773;
110503;[Leyndell, Ashen Capital] Leyndell, Capital of Ash;1;71123;11051953;20;2;0;0;11050;0;1;1;0;11;5;0;-129.94;-31.54;-126.04;110503;0;0;-1;0;0;-1;0;0;-1;0;0;-1;0;0;-1;0;0;-1;0;0;-1;0;0;0;0;0;0;0;0;0;0;100;6411;-1;-1;0;0;0;0;0;0;0;0;0;0;0;0;0;0;0;0;131073;
110504;[Leyndell, Ashen Capital] Queen's Bedchamber;1;71124;11051954;40;2;0;0;11050;0;1;1;0;11;5;0;-54.63;47.56;-306.38;110504;0;0;-1;0;0;-1;0;0;-1;0;0;-1;0;0;-1;0;0;-1;0;0;-1;0;0;0;0;0;0;0;0;0;0;100;6411;-1;-1;0;0;0;0;0;0;0;0;0;0;0;0;0;0;0;0;131073;
110505;[Leyndell, Ashen Capital] Divine Bridge;1;71125;11051955;50;2;0;0;11050;0;1;1;0;11;5;0;-426.01;29.12;-294.32;110505;0;0;-1;0;0;-1;0;0;-1;0;0;-1;0;0;-1;0;0;-1;0;0;-1;0;0;0;0;0;0;0;0;0;0;100;6411;-1;-1;0;0;0;0;0;0;0;0;0;0;0;0;0;0;0;0;131073;
111000;[Roundtable Hold] Table of Lost Grace;1;71190;11101950;10;49;0;0;11100;0;48;1;0;11;10;0;-305.7;-20;-298.1;111000;0;0;-1;0;0;-1;0;0;-1;0;0;-1;0;0;-1;0;0;-1;0;0;-1;0;0;0;0;0;0;0;0;0;0;-1;-1;-1;-1;0;0;0;0;0;0;0;0;0;0;0;0;0;0;0;0;3211312;
120100;[Ainsel River] Dragonkin Soldier of Nokstella;1;71210;12011950;999;2;0;0;12012;0;1;0;1;12;1;0;-113.845;-223.497;118.07;120100;0;0;-1;0;0;-1;0;0;-1;0;0;-1;0;0;-1;0;0;-1;0;0;-1;0;0;0;0;0;0;0;0;0;0;-1;-1;-1;-1;0;0;0;0;0;0;0;0;0;0;0;0;0;0;0;0;131073;
120101;[Ainsel River] Ainsel River Well Depths;1;71211;12011951;10;2;0;0;12012;0;1;0;1;12;1;0;400.687;-145.01;-103.113;120101;0;0;-1;0;0;-1;0;0;-1;0;0;-1;0;0;-1;0;0;-1;0;0;-1;0;0;0;0;0;0;0;0;0;0;-1;-1;-1;-1;0;0;0;0;0;0;0;0;0;0;0;0;0;0;0;0;131073;
120102;[Ainsel River] Ainsel River Sluice Gate;1;71212;12011952;20;2;0;0;12012;0;1;0;1;12;1;0;207.063;-170.645;-204.237;120102;0;0;-1;0;0;-1;0;0;-1;0;0;-1;0;0;-1;0;0;-1;0;0;-1;0;0;0;0;0;0;0;0;0;0;-1;-1;-1;-1;0;0;0;0;0;0;0;0;0;0;0;0;0;0;0;0;131073;
120103;[Ainsel River] Ainsel River Downstream;1;71213;12011953;30;2;0;0;12012;0;1;0;1;12;1;0;-17.335;-210.064;-107.813;120103;0;0;-1;0;0;-1;0;0;-1;0;0;-1;0;0;-1;0;0;-1;0;0;-1;0;0;0;0;0;0;0;0;0;0;-1;-1;-1;-1;0;0;0;0;0;0;0;0;0;0;0;0;0;0;0;0;131073;
120104;[Ainsel River Main] Ainsel River Main;1;71214;12011954;10;2;0;0;12010;0;1;0;1;12;1;0;333.502;-79.105;269.242;120104;0;0;-1;0;0;-1;0;0;-1;0;0;-1;0;0;-1;0;0;-1;0;0;-1;0;0;0;0;0;0;0;0;0;0;-1;-1;-1;-1;0;0;0;0;0;0;0;0;0;0;0;0;0;0;0;0;131073;
120105;[Ainsel River Main] Nokstella, Eternal City;1;71215;12011955;20;2;0;0;12010;0;1;0;1;12;1;0;29.589;-160.789;76.524;120105;0;0;-1;0;0;-1;0;0;-1;0;0;-1;0;0;-1;0;0;-1;0;0;-1;0;0;0;0;0;0;0;0;0;0;-1;-1;-1;-1;0;0;0;0;0;0;0;0;0;0;0;0;0;0;0;0;131073;
120106;[Lake of Rot] Lake of Rot Shoreside;1;71216;12011956;10;2;0;0;12011;0;1;0;1;12;1;0;-308.352;-308.018;-66.554;120106;0;0;-1;0;0;-1;0;0;-1;0;0;-1;0;0;-1;0;0;-1;0;0;-1;0;0;0;0;0;0;0;0;0;0;-1;-1;-1;-1;0;0;0;0;0;0;0;0;0;0;0;0;0;0;0;0;131073;
120108;[Lake of Rot] Grand Cloister;1;71218;12011958;30;2;0;0;12011;0;1;0;1;12;1;0;-411.549;-328.753;-525.689;120108;0;0;-1;0;0;-1;0;0;-1;0;0;-1;0;0;-1;0;0;-1;0;0;-1;0;0;0;0;0;0;0;0;0;0;-1;-1;-1;-1;0;0;0;0;0;0;0;0;0;0;0;0;0;0;0;0;131073;
120109;[Ainsel River Main] Nokstella Waterfall Basin;1;71219;12011959;30;2;0;0;12010;0;1;0;1;12;1;0;-243.44;-280.284;152.997;120109;0;0;-1;0;0;-1;0;0;-1;0;0;-1;0;0;-1;0;0;-1;0;0;-1;0;0;0;0;0;0;0;0;0;0;-1;-1;-1;-1;0;0;0;0;0;0;0;0;0;0;0;0;0;0;0;0;131073;
120200;[Nokron, Eternal City] Great Waterfall Basin;1;71220;12021950;999;2;0;0;12020;0;1;0;1;12;2;0;1184.54;-619.219;1909.859;120200;0;0;-1;0;0;-1;0;0;-1;0;0;-1;0;0;-1;0;0;-1;0;0;-1;0;0;0;0;0;0;0;0;0;0;-1;-1;-1;-1;0;0;0;0;0;0;0;0;0;0;0;0;0;0;0;0;131073;
120201;[Nokron, Eternal City] Mimic Tear;1;71221;12021951;20;2;0;0;12020;0;1;0;1;12;2;0;1016.052;-616.458;1153.374;120201;0;0;-1;0;0;-1;0;0;-1;0;0;-1;0;0;-1;0;0;-1;0;0;-1;0;0;0;0;0;0;0;0;0;0;-1;-1;-1;-1;0;0;0;0;0;0;0;0;0;0;0;0;0;0;0;0;131073;
120203;[Siofra River] Siofra River Bank;1;71222;12021953;20;2;0;0;12070;0;1;0;1;12;2;0;1098.26;-823.457;1266.802;120203;0;0;-1;0;0;-1;0;0;-1;0;0;-1;0;0;-1;0;0;-1;0;0;-1;0;0;0;0;0;0;0;0;0;0;-1;-1;-1;-1;0;0;0;0;0;0;0;0;0;0;0;0;0;0;0;0;131073;
120204;[Siofra River] Worshippers' Woods;1;71223;12021954;30;2;0;0;12070;0;1;0;1;12;2;0;1438.45;-816.47;1519.47;120204;0;0;-1;0;0;-1;0;0;-1;0;0;-1;0;0;-1;0;0;-1;0;0;-1;0;0;0;0;0;0;0;0;0;0;-1;-1;-1;-1;0;0;0;0;0;0;0;0;0;0;0;0;0;0;0;0;131073;
120206;[Nokron, Eternal City] Ancestral Woods;1;71224;12021956;30;2;0;0;12020;0;1;0;1;12;2;0;1016.445;-605.417;1462.896;120206;0;0;-1;0;0;-1;0;0;-1;0;0;-1;0;0;-1;0;0;-1;0;0;-1;0;0;0;0;0;0;0;0;0;0;-1;-1;-1;-1;0;0;0;0;0;0;0;0;0;0;0;0;0;0;0;0;131073;
120207;[Nokron, Eternal City] Aqueduct-Facing Cliffs;1;71225;12021957;50;2;0;0;12020;0;1;0;1;12;2;0;1176.12;-611.76;1754.38;120207;0;0;-1;0;0;-1;0;0;-1;0;0;-1;0;0;-1;0;0;-1;0;0;-1;0;0;0;0;0;0;0;0;0;0;-1;-1;-1;-1;0;0;0;0;0;0;0;0;0;0;0;0;0;0;0;0;131073;
120208;[Nokron, Eternal City] Night's Sacred Ground;1;71226;12021958;40;2;0;0;12020;0;1;0;1;12;2;0;951.61;-671.3;1293.86;120208;0;0;-1;0;0;-1;0;0;-1;0;0;-1;0;0;-1;0;0;-1;0;0;-1;0;0;0;0;0;0;0;0;0;0;-1;-1;-1;-1;0;0;0;0;0;0;0;0;0;0;0;0;0;0;0;0;131073;
120209;[Siofra River] Below the Well;1;71227;12021959;40;2;0;0;12070;0;1;0;1;12;2;0;1518.224;-770.543;1867.396;120209;0;0;-1;0;0;-1;0;0;-1;0;0;-1;0;0;-1;0;0;-1;0;0;-1;0;0;0;0;0;0;0;0;0;0;-1;-1;-1;-1;0;0;0;0;0;0;0;0;0;0;0;0;0;0;0;0;131073;
120300;[Deeproot Depths] Prince of Death's Throne;1;71230;12031950;999;2;0;0;12030;0;1;0;1;12;3;0;-379.5;149.74;-202.16;120300;0;0;131910;4066;4063;131910;4067;400348;132200;4128;4123;132200;4129;4123;132200;4130;0;132200;4131;400339;132200;4132;400339;0;1;1;1;1;1;1;1;-1;-1;-1;-1;0;12039011;12039011;12039150;12039150;12039150;12039150;12039150;0;400348;0;400339;400339;0;0;0;6684773;
120301;[Deeproot Depths] Root-Facing Cliffs;1;71231;12031951;10;2;0;0;12030;0;1;0;1;12;3;0;-184.95;272.9;-517.58;120301;0;0;-1;0;0;-1;0;0;-1;0;0;-1;0;0;-1;0;0;-1;0;0;-1;0;0;0;0;0;0;0;0;0;0;-1;-1;-1;-1;0;0;0;0;0;0;0;0;0;0;0;0;0;0;0;0;131073;
120302;[Deeproot Depths] Great Waterfall Crest;1;71232;12031952;20;2;0;0;12030;0;1;0;1;12;3;0;-163.86;91.92;-624.79;120302;0;0;-1;0;0;-1;0;0;-1;0;0;-1;0;0;-1;0;0;-1;0;0;-1;0;0;0;0;0;0;0;0;0;0;-1;-1;-1;-1;0;0;0;0;0;0;0;0;0;0;0;0;0;0;0;0;131073;
120303;[Deeproot Depths] Deeproot Depths;1;71233;12031953;30;2;0;0;12030;0;1;0;1;12;3;0;-598.37;98.15;-609.92;120303;0;0;-1;0;0;175000;62064;0;-1;0;0;-1;0;0;-1;0;0;-1;0;0;-1;0;0;0;0;1;0;0;0;0;0;-1;-1;-1;-1;0;0;200;0;0;0;0;0;0;0;0;0;0;0;0;0;6684773;
120304;[Deeproot Depths] The Nameless Eternal City;1;71234;12031954;40;2;0;0;12030;0;1;0;1;12;3;0;-689.665;92.284;-409.819;120304;0;0;-1;0;0;-1;0;0;-1;0;0;-1;0;0;-1;0;0;-1;0;0;-1;0;0;0;0;0;0;0;0;0;0;-1;-1;-1;-1;0;0;0;0;0;0;0;0;0;0;0;0;0;0;0;0;131073;
120305;[Deeproot Depths] Across the Roots;1;71235;12031955;50;2;0;0;12030;0;1;0;1;12;3;0;-469.23;149.62;-351.1;120305;0;0;-1;0;0;-1;0;0;-1;0;0;-1;0;0;-1;0;0;-1;0;0;-1;0;0;0;0;0;0;0;0;0;0;-1;-1;-1;-1;0;0;0;0;0;0;0;0;0;0;0;0;0;0;0;0;131073;
120400;[Ainsel River] Astel, Naturalborn of the Void;1;71240;12041950;999;2;0;0;12012;0;1;0;1;12;4;0;-64.49;-106.13;-77.82;120400;0;0;-1;0;0;-1;0;0;-1;0;0;-1;0;0;-1;0;0;-1;0;0;-1;0;0;0;0;0;0;0;0;0;0;-1;-1;-1;-1;0;0;0;0;0;0;0;0;0;0;0;0;0;0;0;0;131073;
120500;[Mohgwyn Palace] Cocoon of the Empyrean;1;71250;12051950;999;2;0;0;12050;0;1;0;1;12;5;0;1533.44;-501;1243.16;120500;0;0;-1;0;0;-1;0;0;-1;0;0;-1;0;0;-1;0;0;-1;0;0;-1;0;0;0;0;0;0;0;0;0;0;-1;-1;-1;-1;0;0;0;0;0;0;0;0;0;0;0;0;0;0;0;0;131073;
120501;[Mohgwyn Palace] Palace Approach Ledge-Road;1;71251;12051951;10;2;0;0;12050;0;1;0;1;12;5;0;1902.74;-600.38;1116.63;120501;0;0;-1;0;0;-1;0;0;-1;0;0;-1;0;0;-1;0;0;-1;0;0;-1;0;0;0;0;0;0;0;0;0;0;-1;-1;-1;-1;0;0;0;0;0;0;0;0;0;0;0;0;0;0;0;0;131073;
120502;[Mohgwyn Palace] Dynasty Mausoleum Entrance;1;71252;12051952;20;2;0;0;12050;0;1;0;1;12;5;0;1703;-611.84;1288.74;120502;0;0;-1;0;0;-1;0;0;-1;0;0;-1;0;0;-1;0;0;-1;0;0;-1;0;0;0;0;0;0;0;0;0;0;-1;-1;-1;-1;0;0;0;0;0;0;0;0;0;0;0;0;0;0;0;0;131073;
120503;[Mohgwyn Palace] Dynasty Mausoleum Midpoint;1;71253;12051953;30;2;0;0;12050;0;1;0;1;12;5;0;1637.66;-562.65;1248;120503;0;0;-1;0;0;-1;0;0;-1;0;0;-1;0;0;-1;0;0;-1;0;0;-1;0;0;0;0;0;0;0;0;0;0;-1;-1;-1;-1;0;0;0;0;0;0;0;0;0;0;0;0;0;0;0;0;131073;
120600;;1;71260;12061950;0;2;0;0;0;0;1;0;1;12;6;0;809.3;305.1;525.65;120600;0;0;-1;0;0;-1;0;0;-1;0;0;-1;0;0;-1;0;0;-1;0;0;-1;0;0;0;0;0;0;0;0;0;0;-1;-1;-1;-1;0;0;0;0;0;0;0;0;0;0;0;0;0;0;0;0;131073;
120601;;1;71261;12061951;0;2;0;0;0;0;1;0;1;12;6;0;1128.23;-12.71;556.73;120601;0;0;-1;0;0;-1;0;0;-1;0;0;-1;0;0;-1;0;0;-1;0;0;-1;0;0;0;0;0;0;0;0;0;0;-1;-1;-1;-1;0;0;0;0;0;0;0;0;0;0;0;0;0;0;0;0;131073;
120700;[Siofra River] Siofra River Well Depths;1;71270;12071950;10;2;0;0;12070;0;1;0;1;12;7;0;748.229;-911.677;1164.145;120700;0;0;-1;0;0;-1;0;0;-1;0;0;-1;0;0;-1;0;0;-1;0;0;-1;0;0;0;0;0;0;0;0;0;0;-1;-1;-1;-1;0;0;0;0;0;0;0;0;0;0;0;0;0;0;0;0;131073;
120701;[Nokron, Eternal City] Nokron, Eternal City;1;71271;12071951;10;2;0;0;12020;0;1;0;1;12;7;0;709.945;-579.639;1233.984;120701;0;0;-1;0;0;-1;0;0;-1;0;0;-1;0;0;-1;0;0;-1;0;0;-1;0;0;0;0;0;0;0;0;0;0;-1;-1;-1;-1;0;0;0;0;0;0;0;0;0;0;0;0;0;0;0;0;131073;
130000;[Crumbling Farum Azula] Maliketh, the Black Blade;1;71300;13001950;999;2;0;0;13000;0;1;1;0;13;0;0;224.9;-32.7;365.67;130000;0;0;-1;0;0;-1;0;0;-1;0;0;-1;0;0;-1;0;0;-1;0;0;-1;0;0;0;0;0;0;0;0;0;0;100;6410;-1;-1;0;0;0;0;0;0;0;0;0;0;0;0;0;0;0;0;131073;
130001;[Crumbling Farum Azula] Dragonlord Placidusax;1;71301;13001951;900;2;0;0;13000;0;1;1;0;13;0;0;14.94;1009.61;330.49;130001;0;0;-1;0;0;-1;0;0;-1;0;0;-1;0;0;-1;0;0;-1;0;0;-1;0;0;0;0;0;0;0;0;0;0;100;6410;-1;-1;0;0;0;0;0;0;0;0;0;0;0;0;0;0;0;0;131073;
130002;[Crumbling Farum Azula] Dragon Temple Altar;1;71302;13001952;60;2;0;0;13000;0;1;1;0;13;0;0;13.73;-39.29;411.53;130002;0;0;-1;0;0;-1;0;0;-1;0;0;-1;0;0;-1;0;0;-1;0;0;-1;0;0;0;0;0;0;0;0;0;0;100;6410;-1;-1;0;0;0;0;0;0;0;0;0;0;0;0;0;0;0;0;131073;
130003;[Crumbling Farum Azula] Crumbling Beast Grave;1;71303;13001953;10;2;0;0;13000;0;1;1;0;13;0;0;116.66;53.95;161.07;130003;0;0;-1;0;0;-1;0;0;-1;0;0;-1;0;0;-1;0;0;-1;0;0;-1;0;0;0;0;0;0;0;0;0;0;100;6411;-1;-1;0;0;0;0;0;0;0;0;0;0;0;0;0;0;0;0;131073;
130004;[Crumbling Farum Azula] Crumbling Beast Grave Depths;1;71304;13001954;20;2;0;0;13000;0;1;1;0;13;0;0;-92.94;47.42;210.9;130004;0;0;-1;0;0;-1;0;0;-1;0;0;-1;0;0;-1;0;0;-1;0;0;-1;0;0;0;0;0;0;0;0;0;0;100;6411;-1;-1;0;0;0;0;0;0;0;0;0;0;0;0;0;0;0;0;131073;
130005;[Crumbling Farum Azula] Tempest-Facing Balcony;1;71305;13001955;30;2;0;0;13000;0;1;1;0;13;0;0;-88.16;36.37;282.61;130005;0;0;-1;0;0;-1;0;0;-1;0;0;-1;0;0;-1;0;0;-1;0;0;-1;0;0;0;0;0;0;0;0;0;0;100;6410;-1;-1;0;0;0;0;0;0;0;0;0;0;0;0;0;0;0;0;131073;
130006;[Crumbling Farum Azula] Dragon Temple;1;71306;13001956;40;2;0;0;13000;0;1;1;0;13;0;0;-75.41;-19.96;404.67;130006;0;0;-1;0;0;-1;0;0;-1;0;0;-1;0;0;-1;0;0;-1;0;0;-1;0;0;0;0;0;0;0;0;0;0;100;6411;-1;-1;0;0;0;0;0;0;0;0;0;0;0;0;0;0;0;0;131073;
130007;[Crumbling Farum Azula] Dragon Temple Transept;1;71307;13001957;50;2;0;0;13000;0;1;1;0;13;0;0;30.4;-45.99;361.79;130007;0;0;-1;0;0;-1;0;0;-1;0;0;-1;0;0;-1;0;0;-1;0;0;-1;0;0;0;0;0;0;0;0;0;0;100;6411;-1;-1;0;0;0;0;0;0;0;0;0;0;0;0;0;0;0;0;131073;
130008;[Crumbling Farum Azula] Dragon Temple Lift;1;71308;13001958;70;2;0;0;13000;0;1;1;0;13;0;0;-73.6;-0.97;498.83;130008;0;0;-1;0;0;-1;0;0;-1;0;0;-1;0;0;-1;0;0;-1;0;0;-1;0;0;0;0;0;0;0;0;0;0;100;6411;-1;-1;0;0;0;0;0;0;0;0;0;0;0;0;0;0;0;0;131073;
130009;[Crumbling Farum Azula] Dragon Temple Rooftop;1;71309;13001959;80;2;0;0;13000;0;1;1;0;13;0;0;83.98;-86.05;608.5;130009;0;0;-1;0;0;-1;0;0;-1;0;0;-1;0;0;-1;0;0;-1;0;0;-1;0;0;0;0;0;0;0;0;0;0;100;6411;-1;-1;0;0;0;0;0;0;0;0;0;0;0;0;0;0;0;0;131073;
130010;[Crumbling Farum Azula] Beside the Great Bridge;1;71310;13001960;90;2;0;0;13000;0;1;1;0;13;0;0;64.07;-73.77;497.52;130010;0;0;-1;0;0;-1;0;0;-1;0;0;-1;0;0;-1;0;0;-1;0;0;-1;0;0;0;0;0;0;0;0;0;0;100;6411;-1;-1;0;0;0;0;0;0;0;0;0;0;0;0;0;0;0;0;131073;
140000;[Academy of Raya Lucaria] Raya Lucaria Grand Library;1;71400;14001950;999;2;0;0;14000;0;1;1;0;14;0;0;32.86;154.12;-20.34;140000;0;0;-1;0;0;120000;14009202;0;131600;3468;3461;131600;3469;3461;122310;3948;3943;-1;0;0;-1;0;0;0;0;1;1;1;1;0;0;100;6410;-1;-1;0;0;0;14009255;14009255;11109315;0;0;0;0;0;0;0;0;0;0;6684773;
140001;[Academy of Raya Lucaria] Debate Parlor;1;71401;14001951;30;2;0;0;14000;0;1;1;0;14;0;0;154.79;110.18;-222.38;140001;0;0;-1;0;0;-1;0;0;-1;0;0;-1;0;0;-1;0;0;-1;0;0;-1;0;0;0;0;0;0;0;0;0;0;100;6411;-1;-1;0;0;0;0;0;0;0;0;0;0;0;0;0;0;0;0;131073;
140002;[Academy of Raya Lucaria] Church of the Cuckoo;1;71402;14001952;10;2;0;0;14000;0;1;1;0;14;0;0;-13.92;62;-95.64;140002;0;0;-1;0;0;-1;0;0;-1;0;0;-1;0;0;-1;0;0;-1;0;0;-1;0;0;0;0;0;0;0;0;0;0;100;6411;-1;-1;0;0;0;0;0;0;0;0;0;0;0;0;0;0;0;0;131073;
140003;[Academy of Raya Lucaria] Schoolhouse Classroom;1;71403;14001953;20;2;0;0;14000;0;1;1;0;14;0;0;134.24;94.07;-184.98;140003;0;0;-1;0;0;-1;0;0;-1;0;0;-1;0;0;-1;0;0;-1;0;0;-1;0;0;0;0;0;0;0;0;0;0;100;6411;-1;-1;0;0;0;0;0;0;0;0;0;0;0;0;0;0;0;0;131073;
150000;[Elphael, Brace of the Haligtree] Malenia, Goddess of Rot;1;71500;15001950;999;2;0;0;15000;0;1;1;0;15;0;0;-21.34;51.57;487.89;150000;0;0;-1;0;0;-1;0;0;-1;0;0;-1;0;0;-1;0;0;-1;0;0;-1;0;0;0;0;0;0;0;0;0;0;100;6411;-1;-1;0;0;0;0;0;0;0;0;0;0;0;0;0;0;0;0;131073;
150001;[Elphael, Brace of the Haligtree] Prayer Room;1;71501;15001951;10;2;0;0;15000;0;1;1;0;15;0;0;77.19;247;432.05;150001;0;0;-1;0;0;134800;4190;4183;-1;0;0;-1;0;0;-1;0;0;-1;0;0;-1;0;0;0;0;1;0;0;0;0;0;100;6411;-1;-1;0;0;15009205;0;0;0;0;0;0;0;400323;0;0;0;0;0;6684773;
150002;[Elphael, Brace of the Haligtree] Elphael Inner Wall;1;71502;15001952;20;2;0;0;15000;0;1;1;0;15;0;0;-28.82;211.44;596.6;150002;0;0;-1;0;0;-1;0;0;-1;0;0;-1;0;0;-1;0;0;-1;0;0;-1;0;0;0;0;0;0;0;0;0;0;100;6411;-1;-1;0;0;0;0;0;0;0;0;0;0;0;0;0;0;0;0;131073;
150003;[Elphael, Brace of the Haligtree] Drainage Channel;1;71503;15001953;30;2;0;0;15000;0;1;1;0;15;0;0;121.88;170.4;483.54;150003;0;0;-1;0;0;-1;0;0;-1;0;0;-1;0;0;-1;0;0;-1;0;0;-1;0;0;0;0;0;0;0;0;0;0;100;6411;-1;-1;0;0;0;0;0;0;0;0;0;0;0;0;0;0;0;0;131073;
150004;[Elphael, Brace of the Haligtree] Haligtree Roots;1;71504;15001954;40;2;0;0;15000;0;1;1;0;15;0;0;88.93;60.8;549.13;150004;0;0;-1;0;0;-1;0;0;-1;0;0;-1;0;0;-1;0;0;-1;0;0;-1;0;0;0;0;0;0;0;0;0;0;100;6411;-1;-1;0;0;0;0;0;0;0;0;0;0;0;0;0;0;0;0;131073;
150005;[Miquella's Haligtree] Haligtree Promenade;1;71505;15001955;999;2;0;0;15001;0;1;1;0;15;0;0;175.95;431.75;297.9;150005;0;0;-1;0;0;-1;0;0;-1;0;0;-1;0;0;-1;0;0;-1;0;0;-1;0;0;0;0;0;0;0;0;0;0;100;6411;-1;-1;0;0;0;0;0;0;0;0;0;0;0;0;0;0;0;0;131073;
150006;[Miquella's Haligtree] Haligtree Canopy;1;71506;15001956;10;2;0;0;15001;0;1;1;0;15;0;0;-0.49;618.05;42.91;150006;0;0;-1;0;0;-1;0;0;-1;0;0;-1;0;0;-1;0;0;-1;0;0;-1;0;0;0;0;0;0;0;0;0;0;100;6411;-1;-1;0;0;0;0;0;0;0;0;0;0;0;0;0;0;0;0;131073;
150007;[Miquella's Haligtree] Haligtree Town;1;71507;15001957;20;2;0;0;15001;0;1;1;0;15;0;0;63.54;501.51;231.44;150007;0;0;-1;0;0;-1;0;0;-1;0;0;-1;0;0;-1;0;0;-1;0;0;-1;0;0;0;0;0;0;0;0;0;0;100;6411;-1;-1;0;0;0;0;0;0;0;0;0;0;0;0;0;0;0;0;131073;
150008;[Miquella's Haligtree] Haligtree Town Plaza;1;71508;15001958;30;2;0;0;15001;0;1;1;0;15;0;0;-1.34;475.87;294.97;150008;0;0;-1;0;0;-1;0;0;-1;0;0;-1;0;0;-1;0;0;-1;0;0;-1;0;0;0;0;0;0;0;0;0;0;100;6411;-1;-1;0;0;0;0;0;0;0;0;0;0;0;0;0;0;0;0;131073;
160000;[Volcano Manor] Rykard, Lord of Blasphemy;1;71600;16001950;999;2;0;0;16000;0;1;1;0;16;0;0;93.68;-439.54;-116.08;160000;0;0;-1;0;0;130000;16009252;400071;-1;0;0;-1;0;0;-1;0;0;-1;0;0;-1;0;0;0;0;1;0;0;0;0;0;100;6410;-1;-1;0;0;0;0;0;0;0;0;0;0;0;0;0;0;0;0;6684773;
160001;[Volcano Manor] Temple of Eiglay;1;71601;16001951;30;2;0;0;16000;0;1;1;0;16;0;0;54.92;6.84;-207.91;160001;0;0;-1;0;0;-1;0;0;-1;0;0;-1;0;0;-1;0;0;-1;0;0;-1;0;0;0;0;0;0;0;0;0;0;100;6411;-1;-1;0;0;0;0;0;0;0;0;0;0;0;0;0;0;0;0;131073;
160002;[Volcano Manor] Volcano Manor;1;71602;16001952;10;2;0;0;16000;0;1;1;0;16;0;0;40.88;4.95;-60.27;160002;0;0;130000;16009202;0;131300;16009302;3423;131310;16009312;16009313;132601;16009452;0;130900;3689;0;131400;16009412;3443;-1;0;0;0;1;1;1;1;1;1;0;100;6411;-1;-1;0;0;0;0;0;16009355;0;0;0;0;0;0;0;0;400451;0;6684773;
160003;[Volcano Manor] Prison Town Church;1;71603;16001953;20;2;0;0;16000;0;1;1;0;16;0;0;-62.98;-9.21;-113.62;160003;0;0;-1;0;0;-1;0;0;-1;0;0;-1;0;0;-1;0;0;-1;0;0;-1;0;0;0;0;0;0;0;0;0;0;100;6411;-1;-1;0;0;0;0;0;0;0;0;0;0;0;0;0;0;0;0;131073;
160004;[Volcano Manor] Guest Hall;1;71604;16001954;40;2;0;0;16000;0;1;1;0;16;0;0;-131.45;-43.6;-213.28;160004;0;0;-1;0;0;-1;0;0;-1;0;0;-1;0;0;-1;0;0;-1;0;0;-1;0;0;0;0;0;0;0;0;0;0;100;6411;-1;-1;0;0;0;0;0;0;0;0;0;0;0;0;0;0;0;0;131073;
160005;[Volcano Manor] Audience Pathway;1;71605;16001960;50;2;0;0;16000;0;1;1;0;16;0;0;98.2;-432.87;-11.75;160005;0;0;-1;0;0;-1;0;0;-1;0;0;-1;0;0;-1;0;0;-1;0;0;-1;0;0;0;0;0;0;0;0;0;0;100;6411;-1;-1;0;0;0;0;0;0;0;0;0;0;0;0;0;0;0;0;131073;
160006;[Volcano Manor] Abductor Virgin;1;71606;16001962;60;2;0;0;16000;0;1;1;0;16;0;0;273.651;-133.13;-258.567;160006;0;0;-1;0;0;-1;0;0;-1;0;0;-1;0;0;-1;0;0;-1;0;0;-1;0;0;0;0;0;0;0;0;0;0;100;6411;-1;-1;0;0;0;0;0;0;0;0;0;0;0;0;0;0;0;0;131073;
160007;[Volcano Manor] Subterranean Inquisition Chamber;1;71607;16001964;70;2;0;0;16000;0;1;1;0;16;0;0;163.033;-106.969;-149.041;160007;0;0;-1;0;0;-1;0;0;-1;0;0;-1;0;0;-1;0;0;-1;0;0;-1;0;0;0;0;0;0;0;0;0;0;100;6411;-1;-1;0;0;0;0;0;0;0;0;0;0;0;0;0;0;0;0;131073;
180000;[Stranded Graveyard] Cave of Knowledge;0;71800;18001950;800;2;0;0;18000;0;1;1;0;18;0;0;-88.4;-10.17;43.86;180000;0;0;-1;0;0;-1;0;0;-1;0;0;-1;0;0;-1;0;0;-1;0;0;-1;0;0;0;0;0;0;0;0;0;0;100;6411;-1;-1;0;0;0;0;0;0;0;0;0;0;0;0;0;0;0;0;131073;
180001;[Stranded Graveyard] Stranded Graveyard;0;71801;18001951;810;2;0;0;18000;0;1;1;0;18;0;0;-115.7;13.87;12.14;180001;0;0;-1;0;0;-1;0;0;-1;0;0;-1;0;0;-1;0;0;-1;0;0;-1;0;0;0;0;0;0;0;0;0;0;100;6411;-1;-1;0;0;0;0;0;0;0;0;0;0;0;0;0;0;0;0;131073;
190000;[Elden Throne] Fractured Marika;1;71900;19001950;10;2;0;0;19000;0;1;1;0;19;0;0;181.1;102.35;-607.06;190000;0;0;-1;0;0;-1;0;0;-1;0;0;-1;0;0;-1;0;0;-1;0;0;-1;0;0;0;0;0;0;0;0;0;0;-1;-1;-1;-1;0;0;0;0;0;0;0;0;0;0;0;0;0;0;0;0;131073;
300000;[Weeping Peninsula] Tombsward Catacombs;1;73000;30001950;520;2;0;0;61002;0;1;1;0;30;0;0;-95.662;66.13;107.314;300000;0;0;-1;0;0;-1;0;0;-1;0;0;-1;0;0;-1;0;0;-1;0;0;-1;0;0;0;0;0;0;0;0;0;0;100;6411;-1;-1;0;0;0;0;0;0;0;0;0;0;0;0;0;0;0;0;131073;
300100;[Weeping Peninsula] Impaler's Catacombs;1;73001;30011950;510;2;0;0;61002;0;1;1;0;30;1;0;-26.735;50.307;-50.343;300100;0;0;-1;0;0;-1;0;0;-1;0;0;-1;0;0;-1;0;0;-1;0;0;-1;0;0;0;0;0;0;0;0;0;0;100;6411;-1;-1;0;0;0;0;0;0;0;0;0;0;0;0;0;0;0;0;131073;
300200;[Limgrave] Stormfoot Catacombs;0;73002;30021950;510;2;0;0;61000;0;1;1;0;30;2;0;42.644;144.915;-11.158;300200;0;0;-1;0;0;-1;0;0;-1;0;0;-1;0;0;-1;0;0;-1;0;0;-1;0;0;0;0;0;0;0;0;0;0;100;6411;-1;-1;0;0;0;0;0;0;0;0;0;0;0;0;0;0;0;0;6684773;
300300;[Liurnia of the Lakes] Road's End Catacombs;1;73003;30031950;520;2;0;0;62000;0;1;1;0;30;3;0;-9.41;223.82;-24.05;300300;0;0;-1;0;0;-1;0;0;-1;0;0;-1;0;0;-1;0;0;-1;0;0;-1;0;0;0;0;0;0;0;0;0;0;100;6411;-1;-1;0;0;0;0;0;0;0;0;0;0;0;0;0;0;0;0;131073;
300400;[Limgrave] Murkwater Catacombs;0;73004;30041950;520;2;0;0;61000;0;1;1;0;30;4;0;89.228;66.35;64.978;300400;0;0;-1;0;0;-1;0;0;-1;0;0;-1;0;0;-1;0;0;-1;0;0;-1;0;0;0;0;0;0;0;0;0;0;100;6411;-1;-1;0;0;0;0;0;0;0;0;0;0;0;0;0;0;0;0;131073;
300500;[Liurnia of the Lakes] Black Knife Catacombs;1;73005;30051950;530;2;0;0;62000;0;1;1;0;30;5;0;-73.18;426.51;111.21;300500;0;0;-1;0;0;-1;0;0;-1;0;0;-1;0;0;-1;0;0;-1;0;0;-1;0;0;0;0;0;0;0;0;0;0;100;6411;-1;-1;0;0;0;0;0;0;0;0;0;0;0;0;0;0;0;0;131073;
300600;[Liurnia of the Lakes] Cliffbottom Catacombs;1;73006;30061950;510;2;0;0;62000;0;1;1;0;30;6;0;75.46;239.75;69.66;300600;0;0;-1;0;0;-1;0;0;-1;0;0;-1;0;0;-1;0;0;-1;0;0;-1;0;0;0;0;0;0;0;0;0;0;100;6411;-1;-1;0;0;0;0;0;0;0;0;0;0;0;0;0;0;0;0;131073;
300700;[Mt. Gelmir] Wyndham Catacombs;1;73007;30071950;510;2;0;0;63001;0;1;1;0;30;7;0;-127.08;835.81;121.83;300700;0;0;-1;0;0;-1;0;0;-1;0;0;-1;0;0;-1;0;0;-1;0;0;-1;0;0;0;0;0;0;0;0;0;0;100;6411;-1;-1;0;0;0;0;0;0;0;0;0;0;0;0;0;0;0;0;131073;
300800;[Altus Plateau] Sainted Hero's Grave;1;73008;30081950;520;2;0;0;63000;0;1;1;0;30;8;0;47.06;884.02;8.12;300800;0;0;-1;0;0;-1;0;0;-1;0;0;-1;0;0;-1;0;0;-1;0;0;-1;0;0;0;0;0;0;0;0;0;0;100;6411;-1;-1;0;0;0;0;0;0;0;0;0;0;0;0;0;0;0;0;131073;
300900;[Mt. Gelmir] Gelmir Hero's Grave;1;73009;30091950;520;2;0;0;63001;0;1;1;0;30;9;0;104.56;902.59;15.69;300900;0;0;-1;0;0;-1;0;0;-1;0;0;-1;0;0;-1;0;0;-1;0;0;-1;0;0;0;0;0;0;0;0;0;0;100;6411;-1;-1;0;0;0;0;0;0;0;0;0;0;0;0;0;0;0;0;131073;
301000;[Capital Outskirts] Auriza Hero's Grave;1;73010;30101950;520;2;0;0;63002;0;1;1;0;30;10;0;62.54;952.82;137.72;301000;0;0;-1;0;0;-1;0;0;-1;0;0;-1;0;0;-1;0;0;-1;0;0;-1;0;0;0;0;0;0;0;0;0;0;100;6411;-1;-1;0;0;0;0;0;0;0;0;0;0;0;0;0;0;0;0;131073;
301100;[Stormhill] Deathtouched Catacombs;1;73011;30111950;510;2;0;0;61001;0;1;1;0;30;11;0;-86.12;192.79;30.18;301100;0;0;-1;0;0;-1;0;0;-1;0;0;-1;0;0;-1;0;0;-1;0;0;-1;0;0;0;0;0;0;0;0;0;0;100;6411;-1;-1;0;0;0;0;0;0;0;0;0;0;0;0;0;0;0;0;6684773;
301200;[Altus Plateau] Unsightly Catacombs;1;73012;30121950;510;2;0;0;63000;0;1;1;0;30;12;0;-39.03;653.62;105.44;301200;0;0;-1;0;0;-1;0;0;-1;0;0;-1;0;0;-1;0;0;-1;0;0;-1;0;0;0;0;0;0;0;0;0;0;100;6411;-1;-1;0;0;0;0;0;0;0;0;0;0;0;0;0;0;0;0;131073;
301300;[Capital Outskirts] Auriza Side Tomb;1;73013;30131950;510;2;0;0;63002;0;1;1;0;30;13;0;102.75;969.71;25.77;301300;0;0;-1;0;0;-1;0;0;-1;0;0;-1;0;0;-1;0;0;-1;0;0;-1;0;0;0;0;0;0;0;0;0;0;100;6411;-1;-1;0;0;0;0;0;0;0;0;0;0;0;0;0;0;0;0;131073;
301400;[Caelid] Minor Erdtree Catacombs;1;73014;30141950;510;2;0;0;64000;0;1;1;0;30;14;0;-54.48;123.36;67.589;301400;0;0;-1;0;0;-1;0;0;-1;0;0;-1;0;0;-1;0;0;-1;0;0;-1;0;0;0;0;0;0;0;0;0;0;100;6411;-1;-1;0;0;0;0;0;0;0;0;0;0;0;0;0;0;0;0;131073;
301500;[Caelid] Caelid Catacombs;1;73015;30151950;520;2;0;0;64000;0;1;1;0;30;15;0;90.19;54.51;69.13;301500;0;0;-1;0;0;-1;0;0;-1;0;0;-1;0;0;-1;0;0;-1;0;0;-1;0;0;0;0;0;0;0;0;0;0;100;6411;-1;-1;0;0;0;0;0;0;0;0;0;0;0;0;0;0;0;0;131073;
301600;[Caelid] War-Dead Catacombs;1;73016;30161950;530;2;0;0;64000;0;1;1;0;30;16;0;37.72;5.19;-134.68;301600;0;0;-1;0;0;-1;0;0;-1;0;0;-1;0;0;-1;0;0;-1;0;0;-1;0;0;0;0;0;0;0;0;0;0;100;6411;-1;-1;0;0;0;0;0;0;0;0;0;0;0;0;0;0;0;0;131073;
301700;[Flame Peak] Giant-Conquering Hero's Grave;1;73017;30171950;520;2;0;0;65001;0;1;1;0;60;50;53;-118.56;1511.76;120.04;301700;0;0;-1;0;0;-1;0;0;-1;0;0;-1;0;0;-1;0;0;-1;0;0;-1;0;0;0;0;0;0;0;0;0;0;100;6411;-1;-1;0;0;0;0;0;0;0;0;0;0;0;0;0;0;0;0;131073;
301800;[Flame Peak] Giants' Mountaintop Catacombs;1;73018;30181950;510;2;0;0;65001;0;1;1;0;60;50;53;26.16;1577.71;109.34;301800;0;0;-1;0;0;-1;0;0;-1;0;0;-1;0;0;-1;0;0;-1;0;0;-1;0;0;0;0;0;0;0;0;0;0;100;6411;-1;-1;0;0;0;0;0;0;0;0;0;0;0;0;0;0;0;0;131073;
301900;[Consecrated Snowfield] Consecrated Snowfield Catacombs;1;73019;30191950;510;2;0;0;65002;0;1;1;0;60;50;55;-69.57;1360.01;-86.39;301900;0;0;-1;0;0;-1;0;0;-1;0;0;-1;0;0;-1;0;0;-1;0;0;-1;0;0;0;0;0;0;0;0;0;0;100;6411;-1;-1;0;0;0;0;0;0;0;0;0;0;0;0;0;0;0;0;131073;
302000;[Forbidden Lands] Hidden Path to the Haligtree;1;73020;30201950;510;2;0;0;63003;0;1;1;0;30;20;0;-105.12;1338.62;-122.7;302000;0;0;-1;0;0;-1;0;0;-1;0;0;-1;0;0;-1;0;0;-1;0;0;-1;0;0;0;0;0;0;0;0;0;0;100;6411;-1;-1;0;0;0;0;0;0;0;0;0;0;0;0;0;0;0;0;131073;
310000;[Limgrave] Murkwater Cave;1;73100;31001950;630;2;0;0;61000;0;1;1;0;60;43;37;75.24;62.93;61.08;310000;0;0;-1;0;0;130900;3685;3683;130900;3686;3683;130900;3691;3683;130900;3692;3683;130900;3694;3683;-1;0;0;0;0;1;1;1;1;1;0;100;6411;-1;-1;0;0;31009215;0;31009267;0;0;0;0;0;400189;400189;400189;400189;400189;0;6684773;
310100;[Weeping Peninsula] Earthbore Cave;1;73101;31011950;610;2;0;0;61002;0;1;1;0;31;1;0;-103.2;-1.15;-40.21;310100;0;0;-1;0;0;-1;0;0;-1;0;0;-1;0;0;-1;0;0;-1;0;0;-1;0;0;0;0;0;0;0;0;0;0;100;6411;-1;-1;0;0;0;0;0;0;0;0;0;0;0;0;0;0;0;0;131073;
310200;[Weeping Peninsula] Tombsward Cave;1;73102;31021950;620;2;0;0;61002;0;1;1;0;60;42;33;-114.11;6.66;31.25;310200;0;0;-1;0;0;-1;0;0;-1;0;0;-1;0;0;-1;0;0;-1;0;0;-1;0;0;0;0;0;0;0;0;0;0;100;6411;-1;-1;0;0;0;0;0;0;0;0;0;0;0;0;0;0;0;0;131073;
310300;[Limgrave] Groveside Cave;0;73103;31031950;610;2;0;0;61000;0;1;1;0;31;3;0;-59.563;110.818;-11.039;310300;0;0;-1;0;0;-1;0;0;-1;0;0;-1;0;0;-1;0;0;-1;0;0;-1;0;0;0;0;0;0;0;0;0;0;100;6411;-1;-1;0;0;0;0;0;0;0;0;0;0;0;0;0;0;0;0;131073;
310400;[Liurnia of the Lakes] Stillwater Cave;1;73104;31041950;610;2;0;0;62000;0;1;1;0;31;4;0;14.54;237.31;-38.15;310400;0;0;-1;0;0;-1;0;0;-1;0;0;-1;0;0;-1;0;0;-1;0;0;-1;0;0;0;0;0;0;0;0;0;0;100;6411;-1;-1;0;0;0;0;0;0;0;0;0;0;0;0;0;0;0;0;131073;
310500;[Liurnia of the Lakes] Lakeside Crystal Cave;1;73105;31051950;620;2;0;0;62000;0;1;1;0;31;5;0;-116.13;225.58;-4.21;310500;0;0;-1;0;0;-1;0;0;-1;0;0;-1;0;0;-1;0;0;-1;0;0;-1;0;0;0;0;0;0;0;0;0;0;100;6411;-1;-1;0;0;0;0;0;0;0;0;0;0;0;0;0;0;0;0;131073;
310600;[Liurnia of the Lakes] Academy Crystal Cave;1;73106;31061950;630;2;0;0;62000;0;1;1;0;31;6;0;72.96;236.39;120.51;310600;0;0;-1;0;0;-1;0;0;-1;0;0;-1;0;0;-1;0;0;-1;0;0;-1;0;0;0;0;0;0;0;0;0;0;100;6411;-1;-1;0;0;0;0;0;0;0;0;0;0;0;0;0;0;0;0;131073;
310700;[Mt. Gelmir] Seethewater Cave;1;73107;31071950;610;2;0;0;63001;0;1;1;0;31;7;0;-9.09;799.94;141.35;310700;0;0;-1;0;0;-1;0;0;-1;0;0;-1;0;0;-1;0;0;-1;0;0;-1;0;0;0;0;0;0;0;0;0;0;100;6411;-1;-1;0;0;0;0;0;0;0;0;0;0;0;0;0;0;0;0;131073;
310900;[Mt. Gelmir] Volcano Cave;1;73109;31091950;620;2;0;0;63001;0;1;1;0;31;9;0;-67.26;1033.42;-60.25;310900;0;0;-1;0;0;-1;0;0;-1;0;0;-1;0;0;-1;0;0;-1;0;0;-1;0;0;0;0;0;0;0;0;0;0;100;6411;-1;-1;0;0;0;0;0;0;0;0;0;0;0;0;0;0;0;0;131073;
311000;[Greyoll's Dragonbarrow] Dragonbarrow Cave;1;73110;31101950;620;2;0;0;64001;0;1;1;0;31;10;0;2.75;160.52;84.72;311000;0;0;-1;0;0;-1;0;0;-1;0;0;-1;0;0;-1;0;0;-1;0;0;-1;0;0;0;0;0;0;0;0;0;0;100;6411;-1;-1;0;0;0;0;0;0;0;0;0;0;0;0;0;0;0;0;131073;
311100;[Greyoll's Dragonbarrow] Sellia Hideaway;1;73111;31111950;610;2;0;0;64001;0;1;1;0;31;11;0;127.07;207.59;63.94;311100;0;0;-1;0;0;-1;0;0;-1;0;0;-1;0;0;-1;0;0;-1;0;0;-1;0;0;0;0;0;0;0;0;0;0;100;6411;-1;-1;0;0;0;0;0;0;0;0;0;0;0;0;0;0;0;0;131073;
311200;[Consecrated Snowfield] Cave of the Forlorn;1;73112;31121950;620;2;0;0;65002;0;1;1;0;31;12;0;-54.88;1254.82;43.99;311200;0;0;-1;0;0;-1;0;0;-1;0;0;-1;0;0;-1;0;0;-1;0;0;-1;0;0;0;0;0;0;0;0;0;0;100;6411;-1;-1;0;0;0;0;0;0;0;0;0;0;0;0;0;0;0;0;131073;
311500;[Limgrave] Coastal Cave;0;73115;31151950;620;2;0;0;61000;0;1;1;0;31;15;0;48.107;-0.332;-41.907;311500;0;0;-1;0;0;122300;3946;3943;-1;0;0;-1;0;0;-1;0;0;-1;0;0;-1;0;0;0;0;1;0;0;0;0;0;100;6411;-1;-1;0;0;31159205;0;0;0;0;0;0;0;0;0;0;0;0;0;6684773;
311700;[Limgrave] Highroad Cave;1;73117;31171950;640;2;0;0;61000;0;1;1;0;31;17;0;60.07;96.45;96.4;311700;0;0;-1;0;0;-1;0;0;-1;0;0;-1;0;0;-1;0;0;-1;0;0;-1;0;0;0;0;0;0;0;0;0;0;100;6411;-1;-1;0;0;0;0;0;0;0;0;0;0;0;0;0;0;0;0;131073;
311800;[Altus Plateau] Perfumer's Grotto;1;73118;31181950;620;2;0;0;63000;0;1;1;0;31;18;0;49.48;838.13;23.11;311800;0;0;-1;0;0;-1;0;0;-1;0;0;-1;0;0;-1;0;0;-1;0;0;-1;0;0;0;0;0;0;0;0;0;0;100;6411;-1;-1;0;0;0;0;0;0;0;0;0;0;0;0;0;0;0;0;131073;
311900;[Altus Plateau] Sage's Cave;1;73119;31191950;610;2;0;0;63000;0;1;1;0;31;19;0;101.29;654.73;-55.79;311900;0;0;-1;0;0;-1;0;0;-1;0;0;-1;0;0;-1;0;0;-1;0;0;-1;0;0;0;0;0;0;0;0;0;0;100;6411;-1;-1;0;0;0;0;0;0;0;0;0;0;0;0;0;0;0;0;131073;
312000;[Caelid] Abandoned Cave;1;73120;31201950;610;2;0;0;64000;0;1;1;0;31;20;0;137.79;127.62;42.44;312000;0;0;-1;0;0;-1;0;0;-1;0;0;-1;0;0;-1;0;0;-1;0;0;-1;0;0;0;0;0;0;0;0;0;0;100;6411;-1;-1;0;0;0;0;0;0;0;0;0;0;0;0;0;0;0;0;131073;
312100;[Caelid] Gaol Cave;1;73121;31211950;610;2;0;0;64000;0;1;1;0;31;21;0;-64.32;87.81;33.87;312100;0;0;-1;0;0;-1;0;0;-1;0;0;-1;0;0;-1;0;0;-1;0;0;-1;0;0;0;0;0;0;0;0;0;0;100;6411;-1;-1;0;0;0;0;0;0;0;0;0;0;0;0;0;0;0;0;131073;
312200;[Mountaintops of the Giants] Spiritcaller's Cave;1;73122;31221950;610;2;0;0;65000;0;1;1;0;60;53;56;-38.33;1626.26;114.54;312200;0;0;-1;0;0;-1;0;0;-1;0;0;-1;0;0;-1;0;0;-1;0;0;-1;0;0;0;0;0;0;0;0;0;0;100;6411;-1;-1;0;0;0;0;0;0;0;0;0;0;0;0;0;0;0;0;131073;
320000;[Weeping Peninsula] Morne Tunnel;1;73200;32001950;710;2;0;0;61002;0;1;1;0;32;0;0;36.14;27.87;-69.91;320000;0;0;-1;0;0;-1;0;0;-1;0;0;-1;0;0;-1;0;0;-1;0;0;-1;0;0;0;0;0;0;0;0;0;0;100;6411;-1;-1;0;0;0;0;0;0;0;0;0;0;0;0;0;0;0;0;131073;
320100;[Limgrave] Limgrave Tunnels;0;73201;32011950;710;2;0;0;61000;0;1;1;0;60;43;37;-121.7;66.61;-34.93;320100;0;0;-1;0;0;-1;0;0;-1;0;0;-1;0;0;-1;0;0;-1;0;0;-1;0;0;0;0;0;0;0;0;0;0;100;6411;-1;-1;0;0;0;0;0;0;0;0;0;0;0;0;0;0;0;0;131073;
320200;[Liurnia of the Lakes] Raya Lucaria Crystal Tunnel;1;73202;32021950;710;2;0;0;62000;0;1;1;0;60;37;47;-111.98;242.98;16.29;320200;0;0;-1;0;0;-1;0;0;-1;0;0;-1;0;0;-1;0;0;-1;0;0;-1;0;0;0;0;0;0;0;0;0;0;100;6411;-1;-1;0;0;0;0;0;0;0;0;0;0;0;0;0;0;0;0;131073;
320400;[Altus Plateau] Old Altus Tunnel;1;73204;32041950;710;2;0;0;63000;0;1;1;0;60;38;53;87.74;732.33;-114.49;320400;0;0;-1;0;0;-1;0;0;-1;0;0;-1;0;0;-1;0;0;-1;0;0;-1;0;0;0;0;0;0;0;0;0;0;100;6411;-1;-1;0;0;0;0;0;0;0;0;0;0;0;0;0;0;0;0;131073;
320500;[Altus Plateau] Altus Tunnel;1;73205;32051950;720;2;0;0;63000;0;1;1;0;32;5;0;-52.26;814;40.72;320500;0;0;-1;0;0;-1;0;0;-1;0;0;-1;0;0;-1;0;0;-1;0;0;-1;0;0;0;0;0;0;0;0;0;0;100;6411;-1;-1;0;0;0;0;0;0;0;0;0;0;0;0;0;0;0;0;131073;
320700;[Caelid] Gael Tunnel;1;73207;32071950;710;2;0;0;64000;0;1;1;0;60;46;39;61.21;150.66;40.33;320700;0;0;-1;0;0;-1;0;0;-1;0;0;-1;0;0;-1;0;0;-1;0;0;-1;0;0;0;0;0;0;0;0;0;0;100;6411;-1;-1;0;0;0;0;0;0;0;0;0;0;0;0;0;0;0;0;131073;
320701;[Caelid] Rear Gael Tunnel Entrance;1;73207;32071951;710;2;0;0;64000;0;1;1;0;32;7;0;-34.2;90.64;113.05;320701;0;0;-1;0;0;122000;3666;3663;-1;0;0;-1;0;0;-1;0;0;-1;0;0;-1;0;0;0;0;1;0;0;0;0;0;100;6410;-1;-1;0;0;32009205;0;0;0;0;0;0;0;400175;0;0;0;0;0;6684773;
320800;[Caelid] Sellia Crystal Tunnel;1;73208;32081950;720;2;0;0;64000;0;1;1;0;32;8;0;18.43;86.42;110.58;320800;0;0;-1;0;0;-1;0;0;-1;0;0;-1;0;0;-1;0;0;-1;0;0;-1;0;0;0;0;0;0;0;0;0;0;100;6411;-1;-1;0;0;0;0;0;0;0;0;0;0;0;0;0;0;0;0;131073;
321100;[Consecrated Snowfield] Yelough Anix Tunnel;1;73211;32111950;710;2;0;0;65002;0;1;1;0;60;47;55;45.93;1258.75;-61.04;321100;0;0;-1;0;0;-1;0;0;-1;0;0;-1;0;0;-1;0;0;-1;0;0;-1;0;0;0;0;0;0;0;0;0;0;100;6411;-1;-1;0;0;0;0;0;0;0;0;0;0;0;0;0;0;0;0;131073;
341000;[Stormhill] Limgrave Tower Bridge;1;73410;34101950;800;2;0;0;61001;0;1;1;0;34;10;0;-62.05;38.41;131.87;341000;0;0;-1;0;0;-1;0;0;-1;0;0;-1;0;0;-1;0;0;-1;0;0;-1;0;0;0;0;0;0;0;0;0;0;-1;-1;-1;-1;0;0;0;0;0;0;0;0;0;0;0;0;0;0;0;0;131073;
341002;[Stormhill] Divine Tower of Limgrave;1;73412;34101952;820;2;0;0;61001;0;1;1;0;34;10;0;932.09;340.91;604.25;341002;0;0;-1;0;0;-1;0;0;-1;0;0;-1;0;0;-1;0;0;-1;0;0;-1;0;0;0;0;0;0;0;0;0;0;-1;-1;-1;-1;0;0;0;0;0;0;0;0;0;0;0;0;0;0;0;0;131073;
341100;[Liurnia of the Lakes] Study Hall Entrance;1;73420;34111950;800;2;0;0;62000;0;1;1;0;34;11;0;-12.2;-157.94;69.27;341100;0;0;-1;0;0;-1;0;0;-1;0;0;-1;0;0;-1;0;0;-1;0;0;-1;0;0;0;0;0;0;0;0;0;0;100;6411;-1;-1;0;0;0;0;0;0;0;0;0;0;0;0;0;0;0;0;6684773;
341101;[Liurnia of the Lakes] Liurnia Tower Bridge;1;73421;34111951;810;2;0;0;62000;0;1;1;0;34;11;0;53.29;-5;14.91;341101;0;0;-1;0;0;-1;0;0;-1;0;0;-1;0;0;-1;0;0;-1;0;0;-1;0;0;0;0;0;0;0;0;0;0;100;6411;-1;-1;0;0;0;0;0;0;0;0;0;0;0;0;0;0;0;0;131073;
341102;[Liurnia of the Lakes] Divine Tower of Liurnia;1;73422;34111952;820;2;0;0;62000;0;1;1;0;34;11;0;453.77;288.4;79.97;341102;0;0;-1;0;0;-1;0;0;-1;0;0;-1;0;0;-1;0;0;-1;0;0;-1;0;0;0;0;0;0;0;0;0;0;100;6411;-1;-1;0;0;0;0;0;0;0;0;0;0;0;0;0;0;0;0;131073;
341200;[Capital Outskirts] Divine Tower of West Altus;1;73430;34121950;830;2;0;0;63002;0;1;1;0;34;12;0;-47.81;991.39;-350.04;341200;0;0;-1;0;0;-1;0;0;-1;0;0;-1;0;0;-1;0;0;-1;0;0;-1;0;0;0;0;0;0;0;0;0;0;100;6411;-1;-1;0;0;0;0;0;0;0;0;0;0;0;0;0;0;0;0;131073;
341201;[Capital Outskirts] Sealed Tunnel;1;73431;34121951;810;2;0;0;63002;0;1;1;0;60;43;50;-66.6;809.01;35.73;341201;0;0;-1;0;0;-1;0;0;-1;0;0;-1;0;0;-1;0;0;-1;0;0;-1;0;0;0;0;0;0;0;0;0;0;100;6411;-1;-1;0;0;0;0;0;0;0;0;0;0;0;0;0;0;0;0;131073;
341202;[Capital Outskirts] Divine Tower of West Altus: Gate;1;73432;34121952;820;2;0;0;63002;0;1;1;0;34;12;0;-43.57;704.64;-237.58;341202;0;0;-1;0;0;-1;0;0;-1;0;0;-1;0;0;-1;0;0;-1;0;0;-1;0;0;0;0;0;0;0;0;0;0;100;6411;-1;-1;0;0;0;0;0;0;0;0;0;0;0;0;0;0;0;0;131073;
341301;[Greyoll's Dragonbarrow] Divine Tower of Caelid;1;73440;34131951;810;2;0;0;64001;0;1;1;0;34;13;0;87.68;47.31;-24.19;341301;0;0;-1;0;0;-1;0;0;-1;0;0;-1;0;0;-1;0;0;-1;0;0;-1;0;0;0;0;0;0;0;0;0;0;100;6411;-1;-1;0;0;0;0;0;0;0;0;0;0;0;0;0;0;0;0;131073;
341302;[Greyoll's Dragonbarrow] Divine Tower of Caelid: Center;1;73441;34131952;800;2;0;0;64001;0;1;1;0;34;13;0;75.945;259.315;-7.197;341302;0;0;-1;0;0;-1;0;0;-1;0;0;-1;0;0;-1;0;0;-1;0;0;-1;0;0;0;0;0;0;0;0;0;0;100;6411;-1;-1;0;0;0;0;0;0;0;0;0;0;0;0;0;0;0;0;131073;
341400;[Forbidden Lands] Divine Tower of East Altus: Gate;1;73450;34141950;800;2;0;0;63003;0;1;1;0;34;14;0;602.67;26.51;-489.58;341400;0;0;-1;0;0;-1;0;0;-1;0;0;-1;0;0;-1;0;0;-1;0;0;-1;0;0;0;0;0;0;0;0;0;0;100;6411;-1;-1;0;0;0;0;0;0;0;0;0;0;0;0;0;0;0;0;131073;
341401;[Forbidden Lands] Divine Tower of East Altus;1;73451;34141951;800;2;0;0;63003;0;1;1;0;34;14;0;625.03;330.74;-549.95;341401;0;0;-1;0;0;-1;0;0;-1;0;0;-1;0;0;-1;0;0;-1;0;0;-1;0;0;0;0;0;0;0;0;0;0;100;6411;-1;-1;0;0;0;0;0;0;0;0;0;0;0;0;0;0;0;0;131073;
341500;[Greyoll's Dragonbarrow] Isolated Divine Tower;1;73460;34151950;850;2;0;0;64001;0;1;1;0;34;15;0;-5.07;291.82;-26.56;341500;0;0;-1;0;0;-1;0;0;-1;0;0;-1;0;0;-1;0;0;-1;0;0;-1;0;0;0;0;0;0;0;0;0;0;100;6411;-1;-1;0;0;0;0;0;0;0;0;0;0;0;0;0;0;0;0;131073;
350000;[Subterranean Shunning-Grounds] Cathedral of the Forsaken;1;73500;35001950;999;2;0;0;35000;0;1;1;0;35;0;0;74.374;-298.535;-80.598;350000;0;0;-1;0;0;-1;0;0;-1;0;0;-1;0;0;-1;0;0;-1;0;0;-1;0;0;0;0;0;0;0;0;0;0;100;6411;-1;-1;0;0;0;0;0;0;0;0;0;0;0;0;0;0;0;0;131073;
350001;[Subterranean Shunning-Grounds] Underground Roadside;1;73501;35001951;10;2;0;0;35000;0;1;1;0;35;0;0;-147.44;-98.54;-165.97;350001;0;0;-1;0;0;-1;0;0;-1;0;0;-1;0;0;-1;0;0;-1;0;0;-1;0;0;0;0;0;0;0;0;0;0;100;6411;-1;-1;0;0;0;0;0;0;0;0;0;0;0;0;0;0;0;0;131073;
350002;[Subterranean Shunning-Grounds] Forsaken Depths;1;73502;35001952;20;2;0;0;35000;0;1;1;0;35;0;0;-49.381;-279.05;-152.096;350002;0;0;-1;0;0;-1;0;0;-1;0;0;-1;0;0;-1;0;0;-1;0;0;-1;0;0;0;0;0;0;0;0;0;0;100;6411;-1;-1;0;0;0;0;0;0;0;0;0;0;0;0;0;0;0;0;131073;
350003;[Subterranean Shunning-Grounds] Leyndell Catacombs;1;73503;35001953;30;2;0;0;35000;0;1;1;0;35;0;0;-138.835;-143.74;-242.308;350003;0;0;-1;0;0;-1;0;0;-1;0;0;-1;0;0;-1;0;0;-1;0;0;-1;0;0;0;0;0;0;0;0;0;0;100;6411;-1;-1;0;0;0;0;0;0;0;0;0;0;0;0;0;0;0;0;131073;
350004;[Subterranean Shunning-Grounds] Frenzied Flame Proscription;1;73504;35001954;40;2;0;0;35000;0;1;1;0;35;0;0;126.051;-408.535;-63.331;350004;0;0;-1;0;0;131011;3392;3383;131011;3393;400089;-1;0;0;-1;0;0;-1;0;0;-1;0;0;0;0;1;1;0;0;0;0;100;6411;-1;-1;0;0;35009200;35009200;0;0;0;0;0;0;400089;0;0;0;0;0;6684773;
390000;[Ruin-Strewn Precipice] Magma Wyrm;1;73900;39201950;999;2;0;0;39200;0;1;1;0;39;20;0;-124.22;353.51;-1298.06;390000;0;0;-1;0;0;-1;0;0;-1;0;0;-1;0;0;-1;0;0;-1;0;0;-1;0;0;0;0;0;0;0;0;0;0;100;6411;-1;-1;0;0;0;0;0;0;0;0;0;0;0;0;0;0;0;0;131073;
390001;[Ruin-Strewn Precipice] Ruin-Strewn Precipice;1;73901;39201951;20;2;0;0;39200;0;1;1;0;39;20;0;91.34;239.17;-1312.03;390001;0;0;-1;0;0;-1;0;0;-1;0;0;-1;0;0;-1;0;0;-1;0;0;-1;0;0;0;0;0;0;0;0;0;0;100;6411;-1;-1;0;0;0;0;0;0;0;0;0;0;0;0;0;0;0;0;131073;
390002;[Ruin-Strewn Precipice] Ruin-Strewn Precipice Overlook;1;73902;39201952;30;2;0;0;39200;0;1;1;0;39;20;0;-13.26;350.44;-1345.3;390002;0;0;-1;0;0;-1;0;0;-1;0;0;-1;0;0;-1;0;0;-1;0;0;-1;0;0;0;0;0;0;0;0;0;0;100;6411;-1;-1;0;0;0;0;0;0;0;0;0;0;0;0;0;0;0;0;131073;
61423600;[Limgrave] Church of Elleh;0;76100;1042361950;20;2;0;0;61000;0;1;1;0;60;42;36;-40.734;90.971;79.338;610000;0;0;-1;0;0;110610;3746;0;180000;4705;4703;-1;0;0;-1;0;0;-1;0;0;-1;0;0;0;0;1;1;0;0;0;0;100;6410;-1;-1;0;0;200;1042369308;0;0;0;0;0;0;0;400049;0;0;0;0;6684773;
61423601;[Limgrave] The First Step;0;76101;1042361951;10;2;0;0;61000;0;1;1;0;60;42;36;-12.83;90.7;-54.5;610019;0;0;-1;0;0;130100;1042369202;3183;-1;0;0;-1;0;0;-1;0;0;-1;0;0;-1;0;0;0;0;1;0;0;0;0;0;100;6410;-1;-1;0;0;0;0;0;0;0;0;0;0;400036;0;0;0;0;0;6684773;
61413800;[Stormhill] Stormhill Shack;0;76102;1041381950;10;2;0;0;61001;0;1;1;0;60;41;38;16.85;204.57;16.98;610001;0;0;-1;0;0;-1;0;0;-1;0;0;-1;0;0;-1;0;0;-1;0;0;-1;0;0;0;0;0;0;0;0;0;0;100;6410;-1;-1;0;0;0;0;0;0;0;0;0;0;0;0;0;0;0;0;131073;
61443800;[Limgrave] Artist's Shack;1;76103;1044381950;40;2;0;0;61000;0;1;1;0;60;44;38;-10.862;92.813;-20.382;610002;0;0;-1;0;0;-1;0;0;-1;0;0;-1;0;0;-1;0;0;-1;0;0;-1;0;0;0;0;0;0;0;0;0;0;100;6410;-1;-1;0;0;0;0;0;0;0;0;0;0;0;0;0;0;0;0;131073;
61463800;[Limgrave] Third Church of Marika;1;76104;1046381950;50;2;0;0;61000;0;1;1;0;60;46;38;-101.583;3.483;71.813;610003;0;0;-1;0;0;-1;0;0;-1;0;0;-1;0;0;-1;0;0;-1;0;0;-1;0;0;0;0;0;0;0;0;0;0;100;6410;-1;-1;0;0;0;0;0;0;0;0;0;0;0;0;0;0;0;0;131073;
61453600;[Limgrave] Fort Haight West;1;76105;1045361950;60;2;0;0;61000;0;1;1;0;60;45;36;119.59;20.84;-43.99;610004;0;0;-1;0;0;-1;0;0;-1;0;0;-1;0;0;-1;0;0;-1;0;0;-1;0;0;0;0;0;0;0;0;0;0;100;6410;-1;-1;0;0;0;0;0;0;0;0;0;0;0;0;0;0;0;0;131073;
61443500;[Limgrave] Agheel Lake South;0;76106;1044351950;70;2;0;0;61000;0;1;1;0;60;44;35;-38.24;74.57;47.26;610005;0;0;-1;0;0;-1;0;0;-1;0;0;-1;0;0;-1;0;0;-1;0;0;-1;0;0;0;0;0;0;0;0;0;0;100;6410;-1;-1;0;0;0;0;0;0;0;0;0;0;0;0;0;0;0;0;131073;
61433700;[Limgrave] Agheel Lake North;0;76108;1043371950;90;2;0;0;61000;0;1;1;0;60;43;37;-80.05;88.81;56.1;610007;0;0;-1;0;0;-1;0;0;-1;0;0;-1;0;0;-1;0;0;-1;0;0;-1;0;0;0;0;0;0;0;0;0;0;100;6410;-1;-1;0;0;0;0;0;0;0;0;0;0;0;0;0;0;0;0;131073;
61413500;[Limgrave] Church of Dragon Communion;0;76110;1041351950;100;2;0;0;61000;0;1;1;0;60;41;35;-54.55;26.77;-22.72;610008;0;0;-1;0;0;-1;0;0;-1;0;0;-1;0;0;-1;0;0;-1;0;0;-1;0;0;0;0;0;0;0;0;0;0;100;6410;-1;-1;0;0;0;0;0;0;0;0;0;0;0;0;0;0;0;0;131073;
61423700;[Limgrave] Gatefront;0;76111;1042371950;30;2;0;0;61000;0;1;1;0;60;42;37;13.61;110.65;110.21;610009;0;0;-1;0;0;-1;0;0;-1;0;0;-1;0;0;-1;0;0;-1;0;0;-1;0;0;0;0;0;0;0;0;0;0;100;6410;-1;-1;0;0;0;0;0;0;0;0;0;0;0;0;0;0;0;0;131073;
61433500;[Limgrave] Seaside Ruins;0;76113;1043351950;130;2;0;0;61000;0;1;1;0;60;43;35;-16.72;67.75;50.08;610011;0;0;-1;0;0;-1;0;0;-1;0;0;-1;0;0;-1;0;0;-1;0;0;-1;0;0;0;0;0;0;0;0;0;0;100;6410;-1;-1;0;0;0;0;0;0;0;0;0;0;0;0;0;0;0;0;131073;
61443700;[Limgrave] Mistwood Outskirts;1;76114;1044371950;140;2;0;0;61000;0;1;1;0;60;44;37;122.2;26.18;108.18;610012;0;0;-1;0;0;-1;0;0;-1;0;0;-1;0;0;-1;0;0;-1;0;0;-1;0;0;0;0;0;0;0;0;0;0;100;6410;-1;-1;0;0;0;0;0;0;0;0;0;0;0;0;0;0;0;0;131073;
61433800;[Limgrave] Murkwater Coast;0;76116;1043381950;160;2;0;0;61000;0;1;1;0;60;43;38;110.53;86.99;-43.13;610014;0;0;-1;0;0;-1;0;0;-1;0;0;-1;0;0;-1;0;0;-1;0;0;-1;0;0;0;0;0;0;0;0;0;0;100;6410;-1;-1;0;0;0;0;0;0;0;0;0;0;0;0;0;0;0;0;131073;
61433900;[Stormhill] Saintsbridge;1;76117;1043391950;50;2;0;0;61001;0;1;1;0;60;43;39;20.2;157.11;0.87;610015;0;0;-1;0;0;-1;0;0;-1;0;0;-1;0;0;-1;0;0;-1;0;0;-1;0;0;0;0;0;0;0;0;0;0;100;6410;-1;-1;0;0;0;0;0;0;0;0;0;0;0;0;0;0;0;0;131073;
61423800;[Stormhill] Warmaster's Shack;1;76118;1042381950;40;2;0;0;61001;0;1;1;0;60;42;38;8.94;187.95;99.03;610017;0;0;-1;0;0;132600;1042389252;1042389263;-1;0;0;-1;0;0;-1;0;0;-1;0;0;-1;0;0;0;0;1;0;0;0;0;0;100;6410;-1;-1;0;0;0;0;0;0;0;0;0;0;0;0;0;0;0;0;6684773;
61443900;[Limgrave] Summonwater Village Outskirts;1;76119;1044391950;200;2;0;0;61000;0;1;1;0;60;44;39;122.75;101.38;-40.09;610016;0;0;-1;0;0;-1;0;0;-1;0;0;-1;0;0;-1;0;0;-1;0;0;-1;0;0;0;0;0;0;0;0;0;0;100;6410;-1;-1;0;0;0;0;0;0;0;0;0;0;0;0;0;0;0;0;131073;
61443600;[Limgrave] Waypoint Ruins Cellar;1;76120;1044361950;35;2;0;0;61000;0;1;1;0;60;44;36;15.3;80.9;32.01;610018;0;0;-1;0;0;131600;3465;3461;-1;0;0;-1;0;0;-1;0;0;-1;0;0;-1;0;0;0;0;1;0;0;0;0;0;100;6410;-1;-1;0;0;1044369206;0;0;0;0;0;0;0;0;0;0;0;0;0;6684773;
61433400;[Weeping Peninsula] Church of Pilgrimage;1;76150;1043341950;20;2;0;0;61002;0;1;1;0;60;43;34;-110.68;88.8;112.11;611012;0;0;-1;0;0;-1;0;0;-1;0;0;-1;0;0;-1;0;0;-1;0;0;-1;0;0;0;0;0;0;0;0;0;0;100;6410;-1;-1;0;0;0;0;0;0;0;0;0;0;0;0;0;0;0;0;6684773;
61443300;[Weeping Peninsula] Castle Morne Rampart;1;76151;1044331950;30;2;0;0;61002;0;1;1;0;60;44;33;81.25;43.31;-94.8;611001;0;0;-1;0;0;180104;1044339200;4738;-1;0;0;-1;0;0;-1;0;0;-1;0;0;-1;0;0;0;0;1;0;0;0;0;0;100;6410;-1;-1;0;0;0;0;0;0;0;0;0;0;400904;0;0;0;0;0;6684773;
61423300;[Weeping Peninsula] Tombsward;1;76152;1042331950;40;2;0;0;61002;0;1;1;0;60;42;33;77.19;31.55;-35.46;611002;0;0;-1;0;0;-1;0;0;-1;0;0;-1;0;0;-1;0;0;-1;0;0;-1;0;0;0;0;0;0;0;0;0;0;100;6410;-1;-1;0;0;0;0;0;0;0;0;0;0;0;0;0;0;0;0;131073;
61443301;[Weeping Peninsula] South of the Lookout Tower;1;76153;1044331951;50;2;0;0;61002;0;1;1;0;60;44;33;-21.75;44.52;83.04;611003;0;0;-1;0;0;-1;0;0;-1;0;0;-1;0;0;-1;0;0;-1;0;0;-1;0;0;0;0;0;0;0;0;0;0;100;6410;-1;-1;0;0;0;0;0;0;0;0;0;0;0;0;0;0;0;0;131073;
61443302;[Weeping Peninsula] Ailing Village Outskirts;1;76154;1044331952;60;2;0;0;61002;0;1;1;0;60;44;33;-67.41;84.3;74.5;611004;0;0;-1;0;0;-1;0;0;-1;0;0;-1;0;0;-1;0;0;-1;0;0;-1;0;0;0;0;0;0;0;0;0;0;100;6410;-1;-1;0;0;0;0;0;0;0;0;0;0;0;0;0;0;0;0;131073;
61453300;[Weeping Peninsula] Beside the Crater-Pocked Glade;1;76155;1045331950;70;2;0;0;61002;0;1;1;0;60;45;33;-66.14;72.35;59.46;611005;0;0;-1;0;0;-1;0;0;-1;0;0;-1;0;0;-1;0;0;-1;0;0;-1;0;0;0;0;0;0;0;0;0;0;100;6410;-1;-1;0;0;0;0;0;0;0;0;0;0;0;0;0;0;0;0;131073;
61413200;[Weeping Peninsula] Isolated Merchant's Shack;1;76156;1041321950;80;2;0;0;61002;0;1;1;0;60;41;32;2.64;0.74;109.86;611006;0;0;-1;0;0;180106;1041329200;4748;-1;0;0;-1;0;0;-1;0;0;-1;0;0;-1;0;0;0;0;1;0;0;0;0;0;100;6410;-1;-1;0;0;0;0;0;0;0;0;0;0;400906;0;0;0;0;0;6684773;
61443400;[Weeping Peninsula] Bridge of Sacrifice;1;76157;1044341950;90;2;0;0;61002;0;1;1;0;60;44;34;103.03;42.57;0.57;611007;0;0;-1;0;0;-1;0;0;-1;0;0;-1;0;0;-1;0;0;-1;0;0;-1;0;0;0;0;0;0;0;0;0;0;100;6410;-1;-1;0;0;0;0;0;0;0;0;0;0;0;0;0;0;0;0;131073;
61433100;[Weeping Peninsula] Castle Morne Lift;1;76158;1043311950;100;2;0;0;61002;0;1;1;0;60;43;31;104.4;14.26;-2.87;611008;0;0;-1;0;0;-1;0;0;-1;0;0;-1;0;0;-1;0;0;-1;0;0;-1;0;0;0;0;0;0;0;0;0;0;100;6411;-1;-1;0;0;0;0;0;0;0;0;0;0;0;0;0;0;0;0;131073;
61433101;[Weeping Peninsula] Behind the Castle;1;76159;1043311951;110;2;0;0;61002;0;1;1;0;60;43;31;38.31;108.55;-115.67;611009;0;0;-1;0;0;-1;0;0;-1;0;0;-1;0;0;-1;0;0;-1;0;0;-1;0;0;0;0;0;0;0;0;0;0;100;6411;-1;-1;0;0;0;0;0;0;0;0;0;0;0;0;0;0;0;0;131073;
61433102;[Weeping Peninsula] Beside the Rampart Gaol;1;76160;1043311952;120;2;0;0;61002;0;1;1;0;60;43;31;16.89;11.75;-143.52;611010;0;0;-1;0;0;-1;0;0;-1;0;0;-1;0;0;-1;0;0;-1;0;0;-1;0;0;0;0;0;0;0;0;0;0;100;6411;-1;-1;0;0;0;0;0;0;0;0;0;0;0;0;0;0;0;0;131073;
61433000;[Weeping Peninsula] Morne Moangrave;1;76161;1043301950;130;2;0;0;61002;0;1;1;0;60;43;30;-31.1;0.51;-12.64;611011;0;0;-1;0;0;-1;0;0;-1;0;0;-1;0;0;-1;0;0;-1;0;0;-1;0;0;0;0;0;0;0;0;0;0;100;6410;-1;-1;0;0;0;0;0;0;0;0;0;0;0;0;0;0;0;0;131073;
61413300;[Weeping Peninsula] Fourth Church of Marika;1;76162;1041331950;80;2;0;0;61002;0;1;1;0;60;41;33;53.79;32.64;65.57;611000;0;0;-1;0;0;-1;0;0;-1;0;0;-1;0;0;-1;0;0;-1;0;0;-1;0;0;0;0;0;0;0;0;0;0;100;6410;-1;-1;0;0;0;0;0;0;0;0;0;0;0;0;0;0;0;0;131073;
62394000;[Liurnia of the Lakes] Uld Palace Ruins;1;76200;1039401950;10;2;0;0;62000;0;1;1;0;60;39;40;16.21;337.66;-71.12;620000;0;0;-1;0;0;131010;3387;3383;122310;3947;3943;-1;0;0;-1;0;0;-1;0;0;-1;0;0;0;0;1;1;0;0;0;0;100;6410;-1;-1;0;0;1039409205;1039409252;0;0;0;0;0;0;400089;0;0;0;0;0;6684773;
62384000;[Liurnia of the Lakes] Liurnia Lake Shore;1;76201;1038401950;20;2;0;0;62000;0;1;1;0;60;38;40;44.1;238.15;115.16;620001;0;0;-1;0;0;180105;1043339200;4743;-1;0;0;-1;0;0;-1;0;0;-1;0;0;-1;0;0;0;0;1;0;0;0;0;0;100;6410;-1;-1;0;0;0;0;0;0;0;0;0;0;400905;0;0;0;0;0;6684773;
62384100;[Liurnia of the Lakes] Laskyar Ruins;1;76202;1038411950;30;2;0;0;62000;0;1;1;0;60;38;41;-79.03;237.38;76.52;620002;0;0;-1;0;0;-1;0;0;-1;0;0;-1;0;0;-1;0;0;-1;0;0;-1;0;0;0;0;0;0;0;0;0;0;100;6410;-1;-1;0;0;0;0;0;0;0;0;0;0;0;0;0;0;0;0;131073;
62374200;[Liurnia of the Lakes] Scenic Isle;1;76203;1037421950;40;2;0;0;62000;0;1;1;0;60;37;42;-98.21;249.63;24.97;620003;0;0;-1;0;0;130900;3687;3683;-1;0;0;-1;0;0;-1;0;0;-1;0;0;-1;0;0;0;0;1;0;0;0;0;0;100;6410;-1;-1;0;0;1038419255;0;0;0;0;0;0;0;400189;0;0;0;0;0;6684773;
62374400;[Liurnia of the Lakes] Academy Gate Town;1;76204;1037441950;50;2;0;0;62000;0;1;1;0;60;37;44;-30.06;237.57;-97.82;620004;0;0;-1;0;0;-1;0;0;-1;0;0;-1;0;0;-1;0;0;-1;0;0;-1;0;0;0;0;0;0;0;0;0;0;100;6410;-1;-1;0;0;0;0;0;0;0;0;0;0;0;0;0;0;0;0;131073;
62354500;[Liurnia of the Lakes] South Raya Lucaria Gate;1;76205;1035451950;60;2;0;0;62000;0;1;1;0;60;35;45;106.46;268.08;-62.87;620061;0;0;-1;0;0;-1;0;0;-1;0;0;-1;0;0;-1;0;0;-1;0;0;-1;0;0;0;0;0;0;0;0;0;0;100;6410;-1;-1;0;0;0;0;0;0;0;0;0;0;0;0;0;0;0;0;131073;
62354600;[Liurnia of the Lakes] Main Academy Gate;1;76206;1035461950;70;2;0;0;62000;0;1;1;0;60;35;46;-91.78;321.74;-31.43;620005;0;0;-1;0;0;-1;0;0;-1;0;0;-1;0;0;-1;0;0;-1;0;0;-1;0;0;0;0;0;0;0;0;0;0;100;6410;-1;-1;0;0;0;0;0;0;0;0;0;0;0;0;0;0;0;0;131073;
62364800;[Bellum Highway] East Raya Lucaria Gate;1;76207;1036481950;10;2;0;0;62001;0;1;1;0;60;36;48;-87.24;320.99;-98.51;620010;0;0;-1;0;0;122310;3947;3943;-1;0;0;-1;0;0;-1;0;0;-1;0;0;-1;0;0;0;0;1;0;0;0;0;0;100;6410;-1;-1;0;0;1036489202;0;0;0;0;0;0;0;0;0;0;0;0;0;6684773;
62364900;[Bellum Highway] Bellum Church;1;76208;1036491950;20;2;0;0;62001;0;1;1;0;60;36;49;8.32;322;-92.02;620011;0;0;-1;0;0;-1;0;0;-1;0;0;-1;0;0;-1;0;0;-1;0;0;-1;0;0;0;0;0;0;0;0;0;0;100;6410;-1;-1;0;0;0;0;0;0;0;0;0;0;0;0;0;0;0;0;131073;
62385000;[Liurnia of the Lakes] Grand Lift of Dectus;1;76209;1038501950;30;2;0;0;62001;0;1;1;0;60;38;50;-17.34;367.07;-63.15;620012;0;0;-1;0;0;-1;0;0;-1;0;0;-1;0;0;-1;0;0;-1;0;0;-1;0;0;0;0;0;0;0;0;0;0;100;6410;-1;-1;0;0;0;0;0;0;0;0;0;0;0;0;0;0;0;0;6684773;
62334600;[Liurnia of the Lakes] Foot of the Four Belfries;1;76210;1033461950;260;2;0;0;62000;0;1;1;0;60;33;46;-59.88;261.12;-64.6;620020;0;0;-1;0;0;-1;0;0;-1;0;0;-1;0;0;-1;0;0;-1;0;0;-1;0;0;0;0;0;0;0;0;0;0;100;6410;-1;-1;0;0;0;0;0;0;0;0;0;0;0;0;0;0;0;0;131073;
62344701;[Liurnia of the Lakes] Sorcerer's Isle;1;76211;1034471951;280;2;0;0;62000;0;1;1;0;60;34;47;76.72;240.07;45.37;620021;0;0;-1;0;0;-1;0;0;-1;0;0;-1;0;0;-1;0;0;-1;0;0;-1;0;0;0;0;0;0;0;0;0;0;100;6410;-1;-1;0;0;0;0;0;0;0;0;0;0;0;0;0;0;0;0;131073;
62344800;[Liurnia of the Lakes] Northern Liurnia Lake Shore;1;76212;1034481950;310;2;0;0;62000;0;1;1;0;60;34;48;-52.58;256.58;13.38;620022;0;0;-1;0;0;-1;0;0;-1;0;0;-1;0;0;-1;0;0;-1;0;0;-1;0;0;0;0;0;0;0;0;0;0;100;6410;-1;-1;0;0;0;0;0;0;0;0;0;0;0;0;0;0;0;0;131073;
62344900;[Liurnia of the Lakes] Road to the Manor;1;76213;1034491950;320;2;0;0;62000;0;1;1;0;60;34;49;52.06;272.87;-68.56;620023;0;0;-1;0;0;122400;3765;3761;122401;3767;3761;122401;3768;400241;-1;0;0;-1;0;0;-1;0;0;0;0;1;1;1;0;0;0;100;6410;-1;-1;0;0;1034499200;1034499200;1034499200;0;0;0;0;0;0;0;0;0;0;0;6684773;
62355003;[Liurnia of the Lakes] Main Caria Manor Gate;1;76214;1035501953;330;2;0;0;62000;0;1;1;0;60;35;50;-17.49;316.03;-134.37;620024;0;0;-1;0;0;-1;0;0;-1;0;0;-1;0;0;-1;0;0;-1;0;0;-1;0;0;0;0;0;0;0;0;0;0;100;6410;-1;-1;0;0;0;0;0;0;0;0;0;0;0;0;0;0;0;0;131073;
62364100;[Liurnia of the Lakes] Slumbering Wolf's Shack;1;76215;1036411950;170;2;0;0;62000;0;1;1;0;60;36;41;138.33;151.14;-62.47;620030;0;0;-1;0;0;122800;1036419202;1036419213;-1;0;0;-1;0;0;-1;0;0;-1;0;0;-1;0;0;0;0;1;0;0;0;0;0;100;6410;-1;-1;0;0;0;0;0;0;0;0;0;0;0;0;0;0;0;0;6684773;
62364300;[Liurnia of the Lakes] Boilprawn Shack;1;76216;1036431950;180;2;0;0;62000;0;1;1;0;60;36;43;81.71;237.69;-60.06;620031;0;0;-1;0;0;133100;1036439202;1036439218;-1;0;0;-1;0;0;-1;0;0;-1;0;0;-1;0;0;0;0;1;0;0;0;0;0;100;6410;-1;-1;0;0;0;0;0;0;0;0;0;0;0;0;0;0;0;0;6684773;
62384500;[Liurnia of the Lakes] Artist's Shack;1;76217;1038451950;100;2;0;0;62000;0;1;1;0;60;38;45;95.38;318.4;-115.33;620032;0;0;-1;0;0;-1;0;0;-1;0;0;-1;0;0;-1;0;0;-1;0;0;-1;0;0;0;0;0;0;0;0;0;0;100;6410;-1;-1;0;0;0;0;0;0;0;0;0;0;0;0;0;0;0;0;131073;
62334400;[Liurnia of the Lakes] Revenger's Shack;1;76218;1033441950;230;2;0;0;62000;0;1;1;0;60;33;44;17.43;256.91;20.05;620033;0;0;-1;0;0;-1;0;0;-1;0;0;-1;0;0;-1;0;0;-1;0;0;-1;0;0;0;0;0;0;0;0;0;0;100;6410;-1;-1;0;0;0;0;0;0;0;0;0;0;0;0;0;0;0;0;131073;
62354300;[Liurnia of the Lakes] Folly on the Lake;1;76219;1035431950;200;2;0;0;62000;0;1;1;0;60;35;43;26.44;239.82;-116.25;620034;0;0;-1;0;0;-1;0;0;-1;0;0;-1;0;0;-1;0;0;-1;0;0;-1;0;0;0;0;0;0;0;0;0;0;100;6410;-1;-1;0;0;0;0;0;0;0;0;0;0;0;0;0;0;0;0;131073;
62344200;[Liurnia of the Lakes] Village of the Albinaurics;1;76220;1034421950;210;2;0;0;62000;0;1;1;0;60;34;42;49.58;269.58;-100.06;620035;0;0;-1;0;0;-1;0;0;-1;0;0;-1;0;0;-1;0;0;-1;0;0;-1;0;0;0;0;0;0;0;0;0;0;100;6410;-1;-1;0;0;0;0;0;0;0;0;0;0;0;0;0;0;0;0;131073;
62394200;[Liurnia of the Lakes] Liurnia Highway North;1;76221;1039421950;80;2;0;0;62000;0;1;1;0;60;39;42;-7.63;273.51;-40.21;620036;0;0;-1;0;0;-1;0;0;-1;0;0;-1;0;0;-1;0;0;-1;0;0;-1;0;0;0;0;0;0;0;0;0;0;100;6410;-1;-1;0;0;0;0;0;0;0;0;0;0;0;0;0;0;0;0;6684773;
62384300;[Liurnia of the Lakes] Gate Town Bridge;1;76222;1038431950;90;2;0;0;62000;0;1;1;0;60;38;43;51.6;257.79;27.8;620037;0;0;-1;0;0;-1;0;0;-1;0;0;-1;0;0;-1;0;0;-1;0;0;-1;0;0;0;0;0;0;0;0;0;0;100;6410;-1;-1;0;0;0;0;0;0;0;0;0;0;0;0;0;0;0;0;131073;
62384501;[Liurnia of the Lakes] Eastern Liurnia Lake Shore;1;76223;1038451951;110;2;0;0;62000;0;1;1;0;60;38;45;-32.49;237.86;-20.37;620038;0;0;-1;0;0;-1;0;0;-1;0;0;-1;0;0;-1;0;0;-1;0;0;-1;0;0;0;0;0;0;0;0;0;0;100;6410;-1;-1;0;0;0;0;0;0;0;0;0;0;0;0;0;0;0;0;131073;
62374600;[Liurnia of the Lakes] Church of Vows;1;76224;1037461950;140;2;0;0;62000;0;1;1;0;60;37;46;-9.84;396.79;22.98;620039;0;0;-1;0;0;-1;0;0;-1;0;0;-1;0;0;-1;0;0;-1;0;0;-1;0;0;0;0;0;0;0;0;0;0;100;6410;-1;-1;0;0;0;0;0;0;0;0;0;0;0;0;0;0;0;0;131073;
62384700;[Liurnia of the Lakes] Ruined Labyrinth;1;76225;1038471950;150;2;0;0;62000;0;1;1;0;60;38;47;-103.05;372.84;-7.04;620040;0;0;-1;0;0;-1;0;0;-1;0;0;-1;0;0;-1;0;0;-1;0;0;-1;0;0;0;0;0;0;0;0;0;0;100;6410;-1;-1;0;0;0;0;0;0;0;0;0;0;0;0;0;0;0;0;131073;
62374800;[Liurnia of the Lakes] Mausoleum Compound;1;76226;1037481950;160;2;0;0;62000;0;1;1;0;60;37;48;49.11;393.81;-123.5;620041;0;0;-1;0;0;-1;0;0;-1;0;0;-1;0;0;-1;0;0;-1;0;0;-1;0;0;0;0;0;0;0;0;0;0;100;6410;-1;-1;0;0;0;0;0;0;0;0;0;0;0;0;0;0;0;0;131073;
62334700;[Liurnia of the Lakes] The Four Belfries;1;76227;1033471950;270;2;0;0;62000;0;1;1;0;60;33;47;63.31;378.49;-102.03;620042;0;0;-1;0;0;-1;0;0;-1;0;0;-1;0;0;-1;0;0;-1;0;0;-1;0;0;0;0;0;0;0;0;0;0;100;6410;-1;-1;0;0;0;0;0;0;0;0;0;0;0;0;0;0;0;0;131073;
62345000;[Liurnia of the Lakes] Ranni's Chamber;1;76228;1034501950;370;2;0;0;62000;0;1;1;0;60;34;50;-85.66;476.08;13.37;620043;0;0;-1;0;0;-1;0;0;-1;0;0;-1;0;0;-1;0;0;-1;0;0;-1;0;0;0;0;0;0;0;0;0;0;100;6410;-1;-1;0;0;0;0;0;0;0;0;0;0;0;0;0;0;0;0;131073;
62385001;[Liurnia of the Lakes] Ravine-Veiled Village;1;76229;1038501951;400;2;0;0;62000;0;1;1;0;60;38;50;-123.6;240.71;95.07;620044;0;0;-1;0;0;-1;0;0;-1;0;0;-1;0;0;-1;0;0;-1;0;0;-1;0;0;0;0;0;0;0;0;0;0;100;6410;-1;-1;0;0;0;0;0;0;0;0;0;0;0;0;0;0;0;0;131073;
62355000;[Liurnia of the Lakes] Manor Upper Level;1;76230;1035501950;340;2;0;0;62000;0;1;1;0;60;35;50;102.2;406.41;-43.32;620045;0;0;-1;0;0;-1;0;0;-1;0;0;-1;0;0;-1;0;0;-1;0;0;-1;0;0;0;0;0;0;0;0;0;0;100;6411;-1;-1;0;0;0;0;0;0;0;0;0;0;0;0;0;0;0;0;131073;
62355001;[Liurnia of the Lakes] Manor Lower Level;1;76231;1035501951;350;2;0;0;62000;0;1;1;0;60;35;50;-76.3;350.52;-36.48;620046;0;0;-1;0;0;-1;0;0;-1;0;0;-1;0;0;-1;0;0;-1;0;0;-1;0;0;0;0;0;0;0;0;0;0;100;6411;-1;-1;0;0;0;0;0;0;0;0;0;0;0;0;0;0;0;0;131073;
62355002;[Liurnia of the Lakes] Royal Moongazing Grounds;1;76232;1035501952;360;2;0;0;62000;0;1;1;0;60;35;50;-31.9;430.946;100.499;620047;0;0;-1;0;0;-1;0;0;-1;0;0;-1;0;0;-1;0;0;-1;0;0;-1;0;0;0;0;0;0;0;0;0;0;100;6410;-1;-1;0;0;0;0;0;0;0;0;0;0;0;0;0;0;0;0;131073;
62364500;[Liurnia of the Lakes] Gate Town North;1;76233;1036451950;300;2;0;0;62000;0;1;1;0;60;36;45;-62.85;239.86;109.64;620048;0;0;-1;0;0;-1;0;0;-1;0;0;-1;0;0;-1;0;0;-1;0;0;-1;0;0;0;0;0;0;0;0;0;0;100;6410;-1;-1;0;0;0;0;0;0;0;0;0;0;0;0;0;0;0;0;131073;
62384600;[Liurnia of the Lakes] Eastern Tableland;1;76234;1038461950;130;2;0;0;62000;0;1;1;0;60;38;46;53.62;290.48;-50.22;620049;0;0;-1;0;0;-1;0;0;-1;0;0;-1;0;0;-1;0;0;-1;0;0;-1;0;0;0;0;0;0;0;0;0;0;100;6410;-1;-1;0;0;0;0;0;0;0;0;0;0;0;0;0;0;0;0;131073;
62364901;[Liurnia of the Lakes] The Ravine;1;76235;1036491951;390;2;0;0;62000;0;1;1;0;60;36;49;-62.22;237.77;-12.86;620050;0;0;-1;0;0;-1;0;0;-1;0;0;-1;0;0;-1;0;0;-1;0;0;-1;0;0;0;0;0;0;0;0;0;0;100;6410;-1;-1;0;0;0;0;0;0;0;0;0;0;0;0;0;0;0;0;131073;
62364301;[Liurnia of the Lakes] Fallen Ruins of the Lake;1;76236;1036431951;190;2;0;0;62000;0;1;1;0;60;36;43;-118.9;242.78;137.47;620051;0;0;-1;0;0;-1;0;0;-1;0;0;-1;0;0;-1;0;0;-1;0;0;-1;0;0;0;0;0;0;0;0;0;0;100;6410;-1;-1;0;0;0;0;0;0;0;0;0;0;0;0;0;0;0;0;131073;
62344300;[Liurnia of the Lakes] Converted Tower;1;76237;1034431950;220;2;0;0;62000;0;1;1;0;60;34;43;-91.48;263.52;-98.71;620052;0;0;-1;0;0;-1;0;0;-1;0;0;-1;0;0;-1;0;0;-1;0;0;-1;0;0;0;0;0;0;0;0;0;0;100;6410;-1;-1;0;0;0;0;0;0;0;0;0;0;0;0;0;0;0;0;131073;
62365000;[Liurnia of the Lakes] Behind Caria Manor;1;76238;1036501950;380;2;0;0;62000;0;1;1;0;60;36;50;-84.56;396.73;74.55;620053;0;0;-1;0;0;-1;0;0;-1;0;0;-1;0;0;-1;0;0;-1;0;0;-1;0;0;0;0;0;0;0;0;0;0;100;6410;-1;-1;0;0;0;0;0;0;0;0;0;0;0;0;0;0;0;0;131073;
62384800;[Bellum Highway] Frenzied Flame Village Outskirts;1;76239;1038481950;40;2;0;0;62001;0;1;1;0;60;38;48;50.22;449.73;70.93;620054;0;0;-1;0;0;-1;0;0;-1;0;0;-1;0;0;-1;0;0;-1;0;0;-1;0;0;0;0;0;0;0;0;0;0;100;6410;-1;-1;0;0;0;0;0;0;0;0;0;0;0;0;0;0;0;0;131073;
62374900;[Bellum Highway] Church of Inhibition;1;76240;1037491950;50;2;0;0;62001;0;1;1;0;60;37;49;75.66;494.09;-28.49;620055;0;0;-1;0;0;-1;0;0;-1;0;0;-1;0;0;-1;0;0;-1;0;0;-1;0;0;0;0;0;0;0;0;0;0;100;6410;-1;-1;0;0;0;0;0;0;0;0;0;0;0;0;0;0;0;0;131073;
62344400;[Liurnia of the Lakes] Temple Quarter;1;76241;1034441950;240;2;0;0;62000;0;1;1;0;60;34;44;-41.73;237.59;122.91;620056;0;0;-1;0;0;-1;0;0;-1;0;0;-1;0;0;-1;0;0;-1;0;0;-1;0;0;0;0;0;0;0;0;0;0;100;6410;-1;-1;0;0;0;0;0;0;0;0;0;0;0;0;0;0;0;0;131073;
62354700;[Liurnia of the Lakes] East Gate Bridge Trestle;1;76242;1035471950;290;2;0;0;62000;0;1;1;0;60;35;47;32.99;238.03;-96.92;620057;0;0;-1;0;0;-1;0;0;-1;0;0;-1;0;0;-1;0;0;-1;0;0;-1;0;0;0;0;0;0;0;0;0;0;100;6410;-1;-1;0;0;0;0;0;0;0;0;0;0;0;0;0;0;0;0;131073;
62344600;[Liurnia of the Lakes] Crystalline Woods;1;76243;1034461950;250;2;0;0;62000;0;1;1;0;60;34;46;6.38;237.38;-69.7;620058;0;0;-1;0;0;-1;0;0;-1;0;0;-1;0;0;-1;0;0;-1;0;0;-1;0;0;0;0;0;0;0;0;0;0;100;6410;-1;-1;0;0;0;0;0;0;0;0;0;0;0;0;0;0;0;0;131073;
62394100;[Liurnia of the Lakes] Liurnia Highway South;1;76244;1039411950;70;2;0;0;62000;0;1;1;0;60;39;41;37.16;300.04;-122.96;620059;0;0;-1;0;0;-1;0;0;-1;0;0;-1;0;0;-1;0;0;-1;0;0;-1;0;0;0;0;0;0;0;0;0;0;100;6410;-1;-1;0;0;0;0;0;0;0;0;0;0;0;0;0;0;0;0;131073;
62394400;[Liurnia of the Lakes] Jarburg;1;76245;1039441950;120;2;0;0;62000;0;1;1;0;60;39;44;47.52;221.25;-59.6;620060;0;0;-1;0;0;-1;0;0;-1;0;0;-1;0;0;-1;0;0;-1;0;0;-1;0;0;0;0;0;0;0;0;0;0;100;6410;-1;-1;0;0;0;0;0;0;0;0;0;0;0;0;0;0;0;0;131073;
62345000;[Liurnia of the Lakes] Ranni's Chamber;1;76247;1034501951;120;2;0;0;62000;0;1;1;0;60;34;50;-56.9;511.64;24.1;620062;0;0;-1;0;0;-1;0;0;-1;0;0;-1;0;0;-1;0;0;-1;0;0;-1;0;0;0;0;0;0;0;0;0;0;100;6410;-1;-1;0;0;0;0;0;0;0;0;0;0;0;0;0;0;0;0;131073;
62344100;[Moonlight Altar] Moonlight Altar;1;76250;1034411950;10;2;0;0;62002;0;1;1;0;60;34;41;6.69;366.04;79.83;621000;0;0;-1;0;0;-1;0;0;-1;0;0;-1;0;0;-1;0;0;-1;0;0;-1;0;0;0;0;0;0;0;0;0;0;100;6410;-1;-1;0;0;0;0;0;0;0;0;0;0;0;0;0;0;0;0;131073;
62354200;[Moonlight Altar] Cathedral of Manus Celes;1;76251;1035421950;20;2;0;0;62002;0;1;1;0;60;35;42;-14.04;408.05;-23.84;621001;0;0;-1;0;0;-1;0;0;-1;0;0;-1;0;0;-1;0;0;-1;0;0;-1;0;0;0;0;0;0;0;0;0;0;100;6410;-1;-1;0;0;0;0;0;0;0;0;0;0;0;0;0;0;0;0;131073;
62334000;[Moonlight Altar] Altar South;1;76252;1033401950;30;2;0;0;62002;0;1;1;0;60;33;40;29;235.97;50.31;621002;0;0;-1;0;0;-1;0;0;-1;0;0;-1;0;0;-1;0;0;-1;0;0;-1;0;0;0;0;0;0;0;0;0;0;100;6410;-1;-1;0;0;0;0;0;0;0;0;0;0;0;0;0;0;0;0;131073;
63375100;[Altus Plateau] Abandoned Coffin;1;76300;1037511950;10;2;0;0;63000;0;1;1;0;60;37;51;-46.07;656.41;-62.55;630008;0;0;-1;0;0;-1;0;0;-1;0;0;-1;0;0;-1;0;0;-1;0;0;-1;0;0;0;0;0;0;0;0;0;0;100;6410;-1;-1;0;0;0;0;0;0;0;0;0;0;0;0;0;0;0;0;131073;
63385002;[Altus Plateau] Altus Plateau;1;76301;1038501952;30;2;0;0;63000;0;1;1;0;60;38;50;55.76;764.4;82.93;630009;0;0;-1;0;0;-1;0;0;-1;0;0;-1;0;0;-1;0;0;-1;0;0;-1;0;0;0;0;0;0;0;0;0;0;100;6410;-1;-1;0;0;0;0;0;0;0;0;0;0;0;0;0;0;0;0;131073;
63385100;[Altus Plateau] Erdtree-Gazing Hill;1;76302;1038511950;20;2;0;0;63000;0;1;1;0;60;38;51;-21.82;766.14;50.09;630000;0;0;-1;0;0;-1;0;0;-1;0;0;-1;0;0;-1;0;0;-1;0;0;-1;0;0;0;0;0;0;0;0;0;0;100;6410;-1;-1;0;0;0;0;0;0;0;0;0;0;0;0;0;0;0;0;131073;
63395100;[Altus Plateau] Altus Highway Junction;1;76303;1039511950;40;2;0;0;63000;0;1;1;0;60;39;51;92.8;760.57;0.1;630003;0;0;-1;0;0;122310;3947;3943;-1;0;0;-1;0;0;-1;0;0;-1;0;0;-1;0;0;0;0;1;0;0;0;0;0;100;6410;-1;-1;0;0;1039519202;0;0;0;0;0;0;0;0;0;0;0;0;0;6684773;
63405200;[Altus Plateau] Forest-Spanning Greatbridge;1;76304;1040521950;50;2;0;0;63000;0;1;1;0;60;40;52;109.35;828.3;138.86;630007;0;0;-1;0;0;180110;1040529300;4768;-1;0;0;-1;0;0;-1;0;0;-1;0;0;-1;0;0;0;0;1;0;0;0;0;0;100;6410;-1;-1;0;0;0;0;0;0;0;0;0;0;400910;0;0;0;0;0;6684773;
63415201;[Altus Plateau] Rampartside Path;1;76305;1041521951;100;2;0;0;63000;0;1;1;0;60;41;52;91.8;904.31;19.61;630004;0;0;-1;0;0;-1;0;0;-1;0;0;-1;0;0;-1;0;0;-1;0;0;-1;0;0;0;0;0;0;0;0;0;0;100;6410;-1;-1;0;0;0;0;0;0;0;0;0;0;0;0;0;0;0;0;131073;
63405300;[Altus Plateau] Bower of Bounty;1;76306;1040531950;60;2;0;0;63000;0;1;1;0;60;40;53;12.33;749.28;-80.48;630010;0;0;-1;0;0;-1;0;0;-1;0;0;-1;0;0;-1;0;0;-1;0;0;-1;0;0;0;0;0;0;0;0;0;0;100;6410;-1;-1;0;0;0;0;0;0;0;0;0;0;0;0;0;0;0;0;131073;
63405400;[Altus Plateau] Road of Iniquity Side Path;1;76307;1040541950;90;2;0;0;63000;0;1;1;0;60;40;54;66.43;820.57;113.11;630006;0;0;-1;0;0;-1;0;0;-1;0;0;-1;0;0;-1;0;0;-1;0;0;-1;0;0;0;0;0;0;0;0;0;0;100;6411;-1;-1;0;0;0;0;0;0;0;0;0;0;0;0;0;0;0;0;131073;
63415400;[Altus Plateau] Windmill Village;1;76308;1041541950;70;2;0;0;63000;0;1;1;0;60;41;54;78.38;887.58;57.84;630001;0;0;-1;0;0;-1;0;0;-1;0;0;-1;0;0;-1;0;0;-1;0;0;-1;0;0;0;0;0;0;0;0;0;0;100;6410;-1;-1;0;0;0;0;0;0;0;0;0;0;0;0;0;0;0;0;6684773;
63425100;[Capital Outskirts] Outer Wall Phantom Tree;1;76309;1042511950;110;2;0;0;63002;0;1;1;0;60;42;51;-51.35;850.44;-44.33;630011;0;0;-1;0;0;-1;0;0;-1;0;0;-1;0;0;-1;0;0;-1;0;0;-1;0;0;0;0;0;0;0;0;0;0;100;6410;-1;-1;0;0;0;0;0;0;0;0;0;0;0;0;0;0;0;0;131073;
63435000;[Capital Outskirts] Minor Erdtree Church;1;76310;1043501950;120;2;0;0;63002;0;1;1;0;60;43;50;-116.5;910.02;-54.99;630002;0;0;-1;0;0;-1;0;0;-1;0;0;-1;0;0;-1;0;0;-1;0;0;-1;0;0;0;0;0;0;0;0;0;0;100;6410;-1;-1;0;0;0;0;0;0;0;0;0;0;0;0;0;0;0;0;131073;
63435300;[Capital Outskirts] Hermit Merchant's Shack;1;76311;1043531950;140;2;0;0;63002;0;1;1;0;60;43;53;-3.15;992.98;10.57;630005;0;0;-1;0;0;180109;1043530701;4763;-1;0;0;-1;0;0;-1;0;0;-1;0;0;-1;0;0;0;0;1;0;0;0;0;0;100;6410;-1;-1;0;0;200;0;0;0;0;0;0;0;400909;0;0;0;0;0;6684773;
63435301;[Capital Outskirts] Outer Wall Battleground;1;76312;1043531951;130;2;0;0;63002;0;1;1;0;60;43;53;-53.66;949.59;-78.08;630012;0;0;-1;0;0;-1;0;0;-1;0;0;-1;0;0;-1;0;0;-1;0;0;-1;0;0;0;0;0;0;0;0;0;0;100;6410;-1;-1;0;0;0;0;0;0;0;0;0;0;0;0;0;0;0;0;131073;
63425500;[Altus Plateau] Windmill Heights;1;76313;1042551950;80;2;0;0;63000;0;1;1;0;60;42;55;-38.23;968.42;-36.02;630013;0;0;-1;0;0;134800;4188;4183;-1;0;0;-1;0;0;-1;0;0;-1;0;0;-1;0;0;0;0;1;0;0;0;0;0;100;6410;-1;-1;0;0;1042559205;0;0;0;0;0;0;0;400323;0;0;0;0;0;6684773;
63455200;[Capital Outskirts] Capital Rampart;1;76314;1045521950;150;2;0;0;63002;0;1;1;0;60;45;52;-37.98;1028.37;-55.3;630014;0;0;-1;0;0;-1;0;0;-1;0;0;-1;0;0;-1;0;0;-1;0;0;-1;0;0;0;0;0;0;0;0;0;0;100;6410;-1;-1;0;0;0;0;0;0;0;0;0;0;0;0;0;0;0;0;131073;
63395300;[Mt. Gelmir] Bridge of Iniquity;1;76350;1039531950;200;2;0;0;63001;0;1;1;0;60;39;53;-98.556;812.818;37.453;631000;0;0;-1;0;0;-1;0;0;-1;0;0;-1;0;0;-1;0;0;-1;0;0;-1;0;0;0;0;0;0;0;0;0;0;100;6410;-1;-1;0;0;0;0;0;0;0;0;0;0;0;0;0;0;0;0;131073;
63385400;[Mt. Gelmir] First Mt. Gelmir Campsite;1;76351;1038541950;210;2;0;0;63001;0;1;1;0;60;38;54;28.188;861.175;-123.251;631002;0;0;-1;0;0;-1;0;0;-1;0;0;-1;0;0;-1;0;0;-1;0;0;-1;0;0;0;0;0;0;0;0;0;0;100;6410;-1;-1;0;0;0;0;0;0;0;0;0;0;0;0;0;0;0;0;131073;
63365401;[Mt. Gelmir] Ninth Mt. Gelmir Campsite;1;76352;1036541951;220;2;0;0;63001;0;1;1;0;60;36;54;117.708;1010.797;25.469;631001;0;0;-1;0;0;-1;0;0;-1;0;0;-1;0;0;-1;0;0;-1;0;0;-1;0;0;0;0;0;0;0;0;0;0;100;6410;-1;-1;0;0;0;0;0;0;0;0;0;0;0;0;0;0;0;0;131073;
63365402;[Mt. Gelmir] Road of Iniquity;1;76353;1036541952;230;2;0;0;63001;0;1;1;0;60;36;54;-18.436;930.956;-89.877;631003;0;0;-1;0;0;-1;0;0;-1;0;0;-1;0;0;-1;0;0;-1;0;0;-1;0;0;0;0;0;0;0;0;0;0;100;6410;-1;-1;0;0;0;0;0;0;0;0;0;0;0;0;0;0;0;0;131073;
63375200;[Mt. Gelmir] Seethewater River;1;76354;1037521951;240;2;0;0;63001;0;1;1;0;60;37;52;64.429;792.704;55.267;631004;0;0;-1;0;0;-1;0;0;-1;0;0;-1;0;0;-1;0;0;-1;0;0;-1;0;0;0;0;0;0;0;0;0;0;100;6410;-1;-1;0;0;0;0;0;0;0;0;0;0;0;0;0;0;0;0;131073;
63355300;[Mt. Gelmir] Seethewater Terminus;1;76355;1035531950;250;2;0;0;63001;0;1;1;0;60;35;53;126.246;794.736;80.353;631005;0;0;-1;0;0;-1;0;0;-1;0;0;-1;0;0;-1;0;0;-1;0;0;-1;0;0;0;0;0;0;0;0;0;0;100;6410;-1;-1;0;0;0;0;0;0;0;0;0;0;0;0;0;0;0;0;131073;
63365200;[Mt. Gelmir] Craftsman's Shack;1;76356;1036521950;260;2;0;0;63001;0;1;1;0;60;36;52;101.6;879.68;-24.59;631006;0;0;-1;0;0;-1;0;0;-1;0;0;-1;0;0;-1;0;0;-1;0;0;-1;0;0;0;0;0;0;0;0;0;0;100;6410;-1;-1;0;0;0;0;0;0;0;0;0;0;0;0;0;0;0;0;131073;
63375300;[Mt. Gelmir] Primeval Sorcerer Azur;1;76357;1037531950;270;2;0;0;63001;0;1;1;0;60;37;53;5.19;904.734;-54.768;631007;0;0;-1;0;0;-1;0;0;-1;0;0;-1;0;0;-1;0;0;-1;0;0;-1;0;0;0;0;0;0;0;0;0;0;100;6410;-1;-1;0;0;0;0;0;0;0;0;0;0;0;0;0;0;0;0;131073;
63395400;[Altus Plateau] Shaded Castle Ramparts;1;76320;1039541950;400;2;0;0;63000;0;1;1;0;60;39;54;21.95;725.01;-48.26;630051;0;0;-1;0;0;-1;0;0;-1;0;0;-1;0;0;-1;0;0;-1;0;0;-1;0;0;0;0;0;0;0;0;0;0;100;6410;-1;-1;0;0;0;0;0;0;0;0;0;0;0;0;0;0;0;0;131073;
63395401;[Altus Plateau] Shaded Castle Inner Gate;1;76321;1039541951;410;2;0;0;63000;0;1;1;0;60;39;54;-50.87;734.78;48.29;630052;0;0;-1;0;0;-1;0;0;-1;0;0;-1;0;0;-1;0;0;-1;0;0;-1;0;0;0;0;0;0;0;0;0;0;100;6411;-1;-1;0;0;0;0;0;0;0;0;0;0;0;0;0;0;0;0;131073;
63395402;[Altus Plateau] Castellan's Hall;1;76322;1039541952;420;2;0;0;63000;0;1;1;0;60;39;54;-46.95;768.39;56.37;630050;0;0;-1;0;0;-1;0;0;-1;0;0;-1;0;0;-1;0;0;-1;0;0;-1;0;0;0;0;0;0;0;0;0;0;100;6411;-1;-1;0;0;0;0;0;0;0;0;0;0;0;0;0;0;0;0;131073;
64464000;[Caelid] Smoldering Church;1;76400;1046401950;10;2;0;0;64000;0;1;1;0;60;46;40;-76.93;151.65;27.59;640000;0;0;-1;0;0;-1;0;0;-1;0;0;-1;0;0;-1;0;0;-1;0;0;-1;0;0;0;0;0;0;0;0;0;0;100;6410;-1;-1;0;0;0;0;0;0;0;0;0;0;0;0;0;0;0;0;131073;
64464001;[Caelid] Rotview Balcony;1;76401;1046401951;10;2;0;0;64000;0;1;1;0;60;46;40;105.37;171.01;-65.19;640001;0;0;-1;0;0;-1;0;0;-1;0;0;-1;0;0;-1;0;0;-1;0;0;-1;0;0;0;0;0;0;0;0;0;0;100;6410;-1;-1;0;0;0;0;0;0;0;0;0;0;0;0;0;0;0;0;6684773;
64473900;[Caelid] Fort Gael North;1;76402;1047391950;30;2;0;0;64000;0;1;1;0;60;47;39;-127.31;122.08;-82.08;640013;0;0;-1;0;0;-1;0;0;-1;0;0;-1;0;0;-1;0;0;-1;0;0;-1;0;0;0;0;0;0;0;0;0;0;100;6410;-1;-1;0;0;0;0;0;0;0;0;0;0;0;0;0;0;0;0;131073;
64474000;[Caelid] Caelem Ruins;1;76403;1047401950;20;2;0;0;64000;0;1;1;0;60;47;40;105.3;164.36;-19.64;640005;0;0;-1;0;0;-1;0;0;-1;0;0;-1;0;0;-1;0;0;-1;0;0;-1;0;0;0;0;0;0;0;0;0;0;100;6410;-1;-1;0;0;0;0;0;0;0;0;0;0;0;0;0;0;0;0;131073;
64483600;[Caelid] Cathedral of Dragon Communion;1;76404;1048361950;60;2;0;0;64000;0;1;1;0;60;48;36;38.53;126.59;99.69;640002;0;0;-1;0;0;-1;0;0;-1;0;0;-1;0;0;-1;0;0;-1;0;0;-1;0;0;0;0;0;0;0;0;0;0;100;6410;-1;-1;0;0;0;0;0;0;0;0;0;0;0;0;0;0;0;0;131073;
64483700;[Caelid] Caelid Highway South;1;76405;1048371950;50;2;0;0;64000;0;1;1;0;60;48;37;-118.84;114.36;39.76;640019;0;0;-1;0;0;-1;0;0;-1;0;0;-1;0;0;-1;0;0;-1;0;0;-1;0;0;0;0;0;0;0;0;0;0;100;6410;-1;-1;0;0;0;0;0;0;0;0;0;0;0;0;0;0;0;0;131073;
64483800;[Swamp of Aeonia] Aeonia Swamp Shore;1;76406;1048381950;10;2;0;0;64002;0;1;1;0;60;48;38;-2.02;71.81;-32.27;640015;0;0;-1;0;0;-1;0;0;-1;0;0;-1;0;0;-1;0;0;-1;0;0;-1;0;0;0;0;0;0;0;0;0;0;100;6410;-1;-1;0;0;0;0;0;0;0;0;0;0;0;0;0;0;0;0;131073;
64483801;[Swamp of Aeonia] Astray from Caelid Highway North;1;76407;1048381951;10;2;0;0;64002;0;1;1;0;60;48;38;-104.24;98.17;22.25;640026;0;0;-1;0;0;-1;0;0;-1;0;0;-1;0;0;-1;0;0;-1;0;0;-1;0;0;0;0;0;0;0;0;0;0;100;6410;-1;-1;0;0;0;0;0;0;0;0;0;0;0;0;0;0;0;0;131073;
64483900;[Caelid] Smoldering Wall;1;76409;1048391950;40;2;0;0;64000;0;1;1;0;60;48;39;-87.89;130.94;0.89;640003;0;0;-1;0;0;-1;0;0;-1;0;0;-1;0;0;-1;0;0;-1;0;0;-1;0;0;0;0;0;0;0;0;0;0;100;6410;-1;-1;0;0;0;0;0;0;0;0;0;0;0;0;0;0;0;0;131073;
64484000;[Caelid] Deep Siofra Well;1;76410;1048401950;300;2;0;0;64000;0;1;1;0;60;48;40;110.11;113.92;1.96;640004;0;0;-1;0;0;-1;0;0;-1;0;0;-1;0;0;-1;0;0;-1;0;0;-1;0;0;0;0;0;0;0;0;0;0;100;6410;-1;-1;0;0;0;0;0;0;0;0;0;0;0;0;0;0;0;0;131073;
64493700;[Caelid] Southern Aeonia Swamp Bank;1;76411;1049371950;70;2;0;0;64000;0;1;1;0;60;49;37;2.5;88.32;62.24;640016;0;0;-1;0;0;-1;0;0;-1;0;0;-1;0;0;-1;0;0;-1;0;0;-1;0;0;0;0;0;0;0;0;0;0;100;6410;-1;-1;0;0;0;0;0;0;0;0;0;0;0;0;0;0;0;0;131073;
64493800;[Swamp of Aeonia] Heart of Aeonia;1;76412;1049381950;20;2;0;0;64002;0;1;1;0;60;49;38;-25.194;65.845;46.763;640007;0;0;-1;0;0;-1;0;0;-1;0;0;-1;0;0;-1;0;0;-1;0;0;-1;0;0;0;0;0;0;0;0;0;0;100;6410;-1;-1;0;0;0;0;0;0;0;0;0;0;0;0;0;0;0;0;131073;
64493801;[Swamp of Aeonia] Inner Aeonia;1;76413;1049381951;20;2;0;0;64002;0;1;1;0;60;49;38;-58.46;64.29;115.31;640028;0;0;-1;0;0;-1;0;0;-1;0;0;-1;0;0;-1;0;0;-1;0;0;-1;0;0;0;0;0;0;0;0;0;0;100;6410;-1;-1;0;0;0;0;0;0;0;0;0;0;0;0;0;0;0;0;131073;
64493900;[Caelid] Sellia Backstreets;1;76414;1049391950;80;2;0;0;64000;0;1;1;0;60;49;39;128.5;99.36;54.99;640029;0;0;-1;0;0;-1;0;0;-1;0;0;-1;0;0;-1;0;0;-1;0;0;-1;0;0;0;0;0;0;0;0;0;0;100;6410;-1;-1;0;0;0;0;0;0;0;0;0;0;0;0;0;0;0;0;131073;
64493901;[Caelid] Chair-Crypt of Sellia;1;76415;1049391951;90;2;0;0;64000;0;1;1;0;60;49;39;96.982;83.36;77.586;640008;0;0;-1;0;0;-1;0;0;-1;0;0;-1;0;0;-1;0;0;-1;0;0;-1;0;0;0;0;0;0;0;0;0;0;100;6410;-1;-1;0;0;0;0;0;0;0;0;0;0;0;0;0;0;0;0;131073;
64493902;[Caelid] Sellia Under-Stair;1;76416;1049391952;80;2;0;0;64000;0;1;1;0;60;49;39;99.48;65.49;-31.72;640017;0;0;-1;0;0;-1;0;0;-1;0;0;-1;0;0;-1;0;0;-1;0;0;-1;0;0;0;0;0;0;0;0;0;0;100;6410;-1;-1;0;0;0;0;0;0;0;0;0;0;0;0;0;0;0;0;131073;
64503600;[Caelid] Impassable Greatbridge;1;76417;1050361950;390;2;0;0;64000;0;1;1;0;60;50;36;-68.31;38.73;-82.76;640009;0;0;-1;0;0;-1;0;0;-1;0;0;-1;0;0;-1;0;0;-1;0;0;-1;0;0;0;0;0;0;0;0;0;0;100;6410;-1;-1;0;0;0;0;0;0;0;0;0;0;0;0;0;0;0;0;131073;
64503800;[Caelid] Church of the Plague;1;76418;1050381950;100;2;0;0;64000;0;1;1;0;60;50;38;19.86;160.85;126.98;640018;0;0;-1;0;0;134800;4185;4183;134800;4186;4183;-1;0;0;-1;0;0;-1;0;0;-1;0;0;0;0;1;1;0;0;0;0;100;6410;-1;-1;0;0;1050389252;1050389252;0;0;0;0;0;0;0;0;0;0;0;0;6684773;
64513600;[Caelid] Redmane Castle Plaza;1;76419;1051361950;410;2;0;0;64000;0;1;1;0;60;51;36;81.61;91.82;18.93;640010;0;0;-1;0;0;131200;3366;3363;121600;3611;3601;121600;3612;3601;122000;3667;3663;-1;0;0;-1;0;0;0;0;1;1;1;1;0;0;100;6410;-1;-1;0;0;1051369222;1051369355;1051369355;1051369255;0;0;0;0;0;0;0;400175;0;0;6684773;
64513601;[Caelid] Chamber Outside the Plaza;1;76420;1051361951;400;2;0;0;64000;0;1;1;0;60;51;36;93.126;90.76;-40.192;640011;0;0;-1;0;0;-1;0;0;-1;0;0;-1;0;0;-1;0;0;-1;0;0;-1;0;0;0;0;0;0;0;0;0;0;100;6410;-1;-1;0;0;0;0;0;0;0;0;0;0;0;0;0;0;0;0;131073;
64523800;[Caelid] Starscourge Radahn;1;76422;1052381950;420;2;0;0;64000;0;1;1;0;60;52;38;-43.54;34.29;-41.89;640014;0;0;-1;0;0;121600;3613;0;122000;3668;3663;-1;0;0;-1;0;0;-1;0;0;-1;0;0;0;0;1;1;0;0;0;0;100;6410;-1;-1;0;0;1052389305;1051369265;0;0;0;0;0;0;0;400175;0;0;0;0;6684773;
64484001;[Greyoll's Dragonbarrow] Dragonbarrow West;1;76450;1048401951;10;2;0;0;64001;0;1;1;0;60;48;40;109.25;186.56;62.84;640020;0;0;-1;0;0;-1;0;0;-1;0;0;-1;0;0;-1;0;0;-1;0;0;-1;0;0;0;0;0;0;0;0;0;0;100;6410;-1;-1;0;0;0;0;0;0;0;0;0;0;0;0;0;0;0;0;131073;
64484100;[Greyoll's Dragonbarrow] Isolated Merchant's Shack;1;76451;1048411950;20;2;0;0;64001;0;1;1;0;60;48;41;-85.99;226.31;-87.14;640006;0;0;-1;0;0;180115;1048410701;4793;-1;0;0;-1;0;0;-1;0;0;-1;0;0;-1;0;0;0;0;1;0;0;0;0;0;100;6410;-1;-1;0;0;200;0;0;0;0;0;0;0;400915;0;0;0;0;0;6684773;
64504000;[Greyoll's Dragonbarrow] Dragonbarrow Fork;1;76452;1050401950;40;2;0;0;64001;0;1;1;0;60;50;40;76.04;155.39;124.15;640022;0;0;-1;0;0;-1;0;0;-1;0;0;-1;0;0;-1;0;0;-1;0;0;-1;0;0;0;0;0;0;0;0;0;0;100;6410;-1;-1;0;0;0;0;0;0;0;0;0;0;0;0;0;0;0;0;131073;
64513900;[Greyoll's Dragonbarrow] Fort Faroth;1;76453;1051391950;30;2;0;0;64001;0;1;1;0;60;51;39;-79.37;257.02;123.39;640021;0;0;-1;0;0;-1;0;0;-1;0;0;-1;0;0;-1;0;0;-1;0;0;-1;0;0;0;0;0;0;0;0;0;0;100;6410;-1;-1;0;0;0;0;0;0;0;0;0;0;0;0;0;0;0;0;131073;
64514300;[Greyoll's Dragonbarrow] Bestial Sanctum;1;76454;1051431950;70;2;0;0;64001;0;1;1;0;60;51;43;-47.14;345.36;15.59;640025;0;0;-1;0;0;120200;3645;400230;120200;3646;400230;120200;3647;400230;-1;0;0;-1;0;0;-1;0;0;0;0;1;1;1;0;0;0;100;6410;-1;-1;0;0;1051439205;1051439205;1051439205;0;0;0;0;0;0;0;0;0;0;0;6684773;
64524100;[Greyoll's Dragonbarrow] Lenne's Rise;1;76455;1052411950;50;2;0;0;64001;0;1;1;0;60;52;41;23.46;219.01;6.63;640023;0;0;-1;0;0;-1;0;0;-1;0;0;-1;0;0;-1;0;0;-1;0;0;-1;0;0;0;0;0;0;0;0;0;0;100;6410;-1;-1;0;0;0;0;0;0;0;0;0;0;0;0;0;0;0;0;131073;
64524200;[Greyoll's Dragonbarrow] Farum Greatbridge;1;76456;1052421950;60;2;0;0;64001;0;1;1;0;60;52;42;-108.62;252.31;26.08;640024;0;0;-1;0;0;-1;0;0;-1;0;0;-1;0;0;-1;0;0;-1;0;0;-1;0;0;0;0;0;0;0;0;0;0;100;6410;-1;-1;0;0;0;0;0;0;0;0;0;0;0;0;0;0;0;0;131073;
65475100;[Forbidden Lands] Forbidden Lands;1;76500;1047511950;10;2;0;0;63003;0;1;1;0;60;47;51;-4.64;999.19;-24.16;650000;0;0;-1;0;0;-1;0;0;-1;0;0;-1;0;0;-1;0;0;-1;0;0;-1;0;0;0;0;0;0;0;0;0;0;100;6410;-1;-1;0;0;0;0;0;0;0;0;0;0;0;0;0;0;0;0;131073;
65495300;[Mountaintops of the Giants] Zamor Ruins;1;76501;1049531950;10;2;0;0;65000;0;1;1;0;60;49;53;78.93;1559.27;100.96;650001;0;0;-1;0;0;131801;3631;3623;-1;0;0;-1;0;0;-1;0;0;-1;0;0;-1;0;0;0;0;1;0;0;0;0;0;100;6410;-1;-1;0;0;1049539205;0;0;0;0;0;0;0;400164;0;0;0;0;0;6684773;
65495301;[Forbidden Lands] Grand Lift of Rold;1;76502;1049531951;20;2;0;0;63003;0;1;1;0;60;49;53;-8.04;1063.01;-100.13;650010;0;0;-1;0;0;175000;62050;0;-1;0;0;-1;0;0;-1;0;0;-1;0;0;-1;0;0;0;0;1;0;0;0;0;0;100;6410;-1;-1;0;0;200;0;0;0;0;0;0;0;0;0;0;0;0;0;6684773;
65515600;[Mountaintops of the Giants] Ancient Snow Valley Ruins;1;76503;1051561950;20;2;0;0;65000;0;1;1;0;60;51;56;-2.86;1611.14;-43.15;650002;0;0;-1;0;0;134800;4189;4183;-1;0;0;-1;0;0;-1;0;0;-1;0;0;-1;0;0;0;0;1;0;0;0;0;0;100;6410;-1;-1;0;0;1051569255;0;0;0;0;0;0;0;400323;0;0;0;0;0;6684773;
65525700;[Mountaintops of the Giants] Freezing Lake;1;76504;1052571950;30;2;0;0;65000;0;1;1;0;60;52;57;82.48;1625.79;77.83;650003;0;0;-1;0;0;-1;0;0;-1;0;0;-1;0;0;-1;0;0;-1;0;0;-1;0;0;0;0;0;0;0;0;0;0;100;6410;-1;-1;0;0;0;0;0;0;0;0;0;0;0;0;0;0;0;0;131073;
65545500;[Mountaintops of the Giants] First Church of Marika;1;76505;1054551950;40;2;0;0;65000;0;1;1;0;60;54;55;-30.39;1625.56;62.3;650004;0;0;-1;0;0;-1;0;0;-1;0;0;-1;0;0;-1;0;0;-1;0;0;-1;0;0;0;0;0;0;0;0;0;0;100;6410;-1;-1;0;0;0;0;0;0;0;0;0;0;0;0;0;0;0;0;131073;
65525400;[Flame Peak] Giants' Gravepost;1;76506;1052541950;10;2;0;0;65001;0;1;1;0;60;52;54;-53.68;1706.52;66.82;650005;0;0;-1;0;0;-1;0;0;-1;0;0;-1;0;0;-1;0;0;-1;0;0;-1;0;0;0;0;0;0;0;0;0;0;100;6410;-1;-1;0;0;0;0;0;0;0;0;0;0;0;0;0;0;0;0;131073;
65515300;[Flame Peak] Church of Repose;1;76507;1051531950;20;2;0;0;65001;0;1;1;0;60;51;53;-58.98;1802.52;-69.47;650006;0;0;-1;0;0;-1;0;0;-1;0;0;-1;0;0;-1;0;0;-1;0;0;-1;0;0;0;0;0;0;0;0;0;0;100;6410;-1;-1;0;0;0;0;0;0;0;0;0;0;0;0;0;0;0;0;131073;
65525300;[Flame Peak] Foot of the Forge;1;76508;1052531950;30;2;0;0;65001;0;1;1;0;60;52;53;-79.18;1802.8;-46.09;650007;0;0;-1;0;0;-1;0;0;-1;0;0;-1;0;0;-1;0;0;-1;0;0;-1;0;0;0;0;0;0;0;0;0;0;100;6410;-1;-1;0;0;0;0;0;0;0;0;0;0;0;0;0;0;0;0;131073;
65535200;[Flame Peak] Fire Giant;1;76509;1053521950;40;2;0;0;65001;0;1;1;0;60;53;52;-84.4;1878.88;26.1;650008;0;0;-1;0;0;-1;0;0;-1;0;0;-1;0;0;-1;0;0;-1;0;0;-1;0;0;0;0;0;0;0;0;0;0;100;6410;-1;-1;0;0;0;0;0;0;0;0;0;0;0;0;0;0;0;0;131073;
65545300;[Flame Peak] Forge of the Giants;1;76510;1054531950;50;2;0;0;65001;0;1;1;0;60;54;53;-21.77;1969.47;-21.11;650009;0;0;-1;0;0;-1;0;0;-1;0;0;-1;0;0;-1;0;0;-1;0;0;-1;0;0;0;0;0;0;0;0;0;0;100;6410;-1;-1;0;0;0;0;0;0;0;0;0;0;0;0;0;0;0;0;131073;
65525600;[Mountaintops of the Giants] Whiteridge Road;1;76520;1052561950;50;2;0;0;65000;0;1;1;0;60;52;56;42.35;1667.12;-126.11;650050;0;0;-1;0;0;-1;0;0;-1;0;0;-1;0;0;-1;0;0;-1;0;0;-1;0;0;0;0;0;0;0;0;0;0;100;6410;-1;-1;0;0;0;0;0;0;0;0;0;0;0;0;0;0;0;0;131073;
65515700;[Mountaintops of the Giants] Snow Valley Ruins Overlook;1;76521;1051571950;60;2;0;0;65000;0;1;1;0;60;51;57;121.4;1670.8;-39.36;650051;0;0;-1;0;0;-1;0;0;-1;0;0;-1;0;0;-1;0;0;-1;0;0;-1;0;0;0;0;0;0;0;0;0;0;100;6410;-1;-1;0;0;0;0;0;0;0;0;0;0;0;0;0;0;0;0;131073;
65515701;[Mountaintops of the Giants] Castle Sol Main Gate;1;76522;1051571951;70;2;0;0;65000;0;1;1;0;60;51;57;-15.99;1596.46;59.94;650052;0;0;-1;0;0;-1;0;0;-1;0;0;-1;0;0;-1;0;0;-1;0;0;-1;0;0;0;0;0;0;0;0;0;0;100;6410;-1;-1;0;0;0;0;0;0;0;0;0;0;0;0;0;0;0;0;131073;
65515702;[Mountaintops of the Giants] Church of the Eclipse;1;76523;1051571952;80;2;0;0;65000;0;1;1;0;60;51;57;73.15;1616.28;114.25;650053;0;0;-1;0;0;-1;0;0;-1;0;0;-1;0;0;-1;0;0;-1;0;0;-1;0;0;0;0;0;0;0;0;0;0;100;6410;-1;-1;0;0;0;0;0;0;0;0;0;0;0;0;0;0;0;0;131073;
65515703;[Mountaintops of the Giants] Castle Sol Rooftop;1;76524;1051571953;90;2;0;0;65000;0;1;1;0;60;51;57;82.5;1632.19;197.39;650054;0;0;-1;0;0;-1;0;0;-1;0;0;-1;0;0;-1;0;0;-1;0;0;-1;0;0;0;0;0;0;0;0;0;0;100;6410;-1;-1;0;0;0;0;0;0;0;0;0;0;0;0;0;0;0;0;131073;
65495400;[Consecrated Snowfield] Consecrated Snowfield;1;76550;1049541950;10;2;0;0;65002;0;1;1;0;60;49;54;-97.72;1321.06;-3.74;651000;0;0;-1;0;0;-1;0;0;-1;0;0;-1;0;0;-1;0;0;-1;0;0;-1;0;0;0;0;0;0;0;0;0;0;100;6410;-1;-1;0;0;0;0;0;0;0;0;0;0;0;0;0;0;0;0;131073;
65495500;[Consecrated Snowfield] Inner Consecrated Snowfield;1;76551;1049551950;20;2;0;0;65002;0;1;1;0;60;49;55;-104.47;1266.91;105.83;651001;0;0;-1;0;0;-1;0;0;-1;0;0;-1;0;0;-1;0;0;-1;0;0;-1;0;0;0;0;0;0;0;0;0;0;100;6410;-1;-1;0;0;0;0;0;0;0;0;0;0;0;0;0;0;0;0;131073;
65485700;[Consecrated Snowfield] Ordina, Liturgical Town;1;76652;1048571950;30;2;0;0;65002;0;1;1;0;60;48;57;30.61;1285.94;-35.67;651002;0;0;-1;0;0;-1;0;0;-1;0;0;-1;0;0;-1;0;0;-1;0;0;-1;0;0;0;0;0;0;0;0;0;0;100;6410;-1;-1;0;0;0;0;0;0;0;0;0;0;0;0;0;0;0;0;131073;
65475800;[Consecrated Snowfield] Apostate Derelict;1;76653;1047581950;40;2;0;0;65002;0;1;1;0;60;47;58;50.95;1290.69;-32.33;651003;0;0;-1;0;0;122800;1047589202;1047589205;-1;0;0;-1;0;0;-1;0;0;-1;0;0;-1;0;0;0;0;1;0;0;0;0;0;100;6410;-1;-1;0;0;0;0;0;0;0;0;0;0;0;0;0;0;0;0;6684773;
