﻿<?xml version="1.0" encoding="utf-8"?>
<PARAMDEF XmlVersion="1">
  <ParamType>HOLYGRAIL_EX_PARAM_ST</ParamType>
  <DataVersion>1</DataVersion>
  <BigEndian>False</BigEndian>
  <Unicode>True</Unicode>
  <FormatVersion>201</FormatVersion>
  <Fields>
    <Field Def="u8 ritualLv">
      <DisplayName>儀式レベル</DisplayName>
      <Description>儀式レベル</Description>
      <Maximum>9</Maximum>
      <SortID>1000</SortID>
    </Field>
    <Field Def="u8 attributeId">
      <DisplayName>属性ID</DisplayName>
      <Description>属性ID</Description>
      <Maximum>9</Maximum>
      <SortID>1010</SortID>
    </Field>
    <Field Def="u16 mapBaseId">
      <DisplayName>マップベースID</DisplayName>
      <Description>間接指定用マップベースID</Description>
      <Maximum>999</Maximum>
      <SortID>1020</SortID>
    </Field>
    <Field Def="u8 holygrailTypeId">
      <DisplayName>聖杯タイプID</DisplayName>
      <Description>聖杯タイプID</Description>
      <Maximum>99</Maximum>
      <SortID>1040</SortID>
    </Field>
    <Field Def="u8 variationNum = 1">
      <DisplayName>ランダム構造生成数</DisplayName>
      <Description>ランダム構造生成数(バリエーション数)</Description>
      <Minimum>1</Minimum>
      <SortID>1060</SortID>
    </Field>
    <Field Def="s8 mainFeature_1 = -1">
      <DisplayName>メイン特徴①ID</DisplayName>
      <Description>メイン特徴①ID</Description>
      <Minimum>-1</Minimum>
      <Maximum>9</Maximum>
      <SortID>11000</SortID>
    </Field>
    <Field Def="dummy8 pad_0[1]">
      <DisplayName>パディング</DisplayName>
      <DisplayFormat>%d</DisplayFormat>
      <EditFlags>Wrap</EditFlags>
      <Maximum>5</Maximum>
      <Increment>1</Increment>
      <SortID>300001</SortID>
    </Field>
    <Field Def="u32 dungeonNameBaseId">
      <DisplayName>ダンジョン名ベースID</DisplayName>
      <Description>ダンジョン名ベースID</Description>
      <Maximum>1E+09</Maximum>
      <SortID>500</SortID>
    </Field>
    <Field Def="u32 uniqueBaseFlagId">
      <DisplayName>ユニークベースフラグID</DisplayName>
      <Description>ユニークベースフラグID</Description>
      <Maximum>1E+09</Maximum>
      <SortID>100000</SortID>
    </Field>
    <Field Def="u8 uniqueItem00_head = -1">
      <DisplayName>ユニークアイテム00バリエーション番号先頭</DisplayName>
      <Description>ユニークアイテム00バリエーション番号先頭</Description>
      <Minimum>-1</Minimum>
      <Maximum>254</Maximum>
      <SortID>200000</SortID>
    </Field>
    <Field Def="u8 uniqueItem00_tail = -1">
      <DisplayName>ユニークアイテム00バリエーション番号末尾</DisplayName>
      <Description>ユニークアイテム00バリエーション番号末尾</Description>
      <Minimum>-1</Minimum>
      <Maximum>254</Maximum>
      <SortID>200000</SortID>
    </Field>
    <Field Def="u8 uniqueItem01_head = -1">
      <DisplayName>ユニークアイテム01バリエーション番号先頭</DisplayName>
      <Description>ユニークアイテム01バリエーション番号先頭</Description>
      <Minimum>-1</Minimum>
      <Maximum>254</Maximum>
      <SortID>200000</SortID>
    </Field>
    <Field Def="u8 uniqueItem01_tail = -1">
      <DisplayName>ユニークアイテム01バリエーション番号末尾</DisplayName>
      <Description>ユニークアイテム01バリエーション番号末尾</Description>
      <Minimum>-1</Minimum>
      <Maximum>254</Maximum>
      <SortID>200000</SortID>
    </Field>
    <Field Def="u8 uniqueItem02_head = -1">
      <DisplayName>ユニークアイテム02バリエーション番号先頭</DisplayName>
      <Description>ユニークアイテム02バリエーション番号先頭</Description>
      <Minimum>-1</Minimum>
      <Maximum>254</Maximum>
      <SortID>200000</SortID>
    </Field>
    <Field Def="u8 uniqueItem02_tail = -1">
      <DisplayName>ユニークアイテム02バリエーション番号末尾</DisplayName>
      <Description>ユニークアイテム02バリエーション番号末尾</Description>
      <Minimum>-1</Minimum>
      <Maximum>254</Maximum>
      <SortID>200000</SortID>
    </Field>
    <Field Def="u8 uniqueItem03_head = -1">
      <DisplayName>ユニークアイテム03バリエーション番号先頭</DisplayName>
      <Description>ユニークアイテム03バリエーション番号先頭</Description>
      <Minimum>-1</Minimum>
      <Maximum>254</Maximum>
      <SortID>200000</SortID>
    </Field>
    <Field Def="u8 uniqueItem03_tail = -1">
      <DisplayName>ユニークアイテム03バリエーション番号末尾</DisplayName>
      <Description>ユニークアイテム03バリエーション番号末尾</Description>
      <Minimum>-1</Minimum>
      <Maximum>254</Maximum>
      <SortID>200000</SortID>
    </Field>
    <Field Def="s32 directMapUid = -1">
      <DisplayName>直指定マップUID</DisplayName>
      <Description>マップUID直指定用(-1:間接指定)</Description>
      <Minimum>-1</Minimum>
      <Maximum>1E+08</Maximum>
      <SortID>1030</SortID>
    </Field>
    <Field Def="u32 requiredMaterialId">
      <DisplayName>必要素材ID</DisplayName>
      <Description>必要素材ID</Description>
      <Maximum>1E+09</Maximum>
      <SortID>1050</SortID>
    </Field>
    <Field Def="u32 groupFrameNameId">
      <DisplayName>グループ選択枠名ID</DisplayName>
      <Description>グループ選択枠名ID</Description>
      <Maximum>1E+09</Maximum>
      <SortID>20010</SortID>
    </Field>
    <Field Def="u8 uniqueItem04_head = -1">
      <DisplayName>ユニークアイテム04バリエーション番号先頭</DisplayName>
      <Description>ユニークアイテム04バリエーション番号先頭</Description>
      <Minimum>-1</Minimum>
      <Maximum>254</Maximum>
      <SortID>200000</SortID>
    </Field>
    <Field Def="u8 uniqueItem04_tail = -1">
      <DisplayName>ユニークアイテム04バリエーション番号末尾</DisplayName>
      <Description>ユニークアイテム04バリエーション番号末尾</Description>
      <Minimum>-1</Minimum>
      <Maximum>254</Maximum>
      <SortID>200000</SortID>
    </Field>
    <Field Def="u8 uniqueItem05_head = -1">
      <DisplayName>ユニークアイテム05バリエーション番号先頭</DisplayName>
      <Description>ユニークアイテム05バリエーション番号先頭</Description>
      <Minimum>-1</Minimum>
      <Maximum>254</Maximum>
      <SortID>200000</SortID>
    </Field>
    <Field Def="u8 uniqueItem05_tail = -1">
      <DisplayName>ユニークアイテム05バリエーション番号末尾</DisplayName>
      <Description>ユニークアイテム05バリエーション番号末尾</Description>
      <Minimum>-1</Minimum>
      <Maximum>254</Maximum>
      <SortID>200000</SortID>
    </Field>
    <Field Def="u8 uniqueItem06_head = -1">
      <DisplayName>ユニークアイテム06バリエーション番号先頭</DisplayName>
      <Description>ユニークアイテム06バリエーション番号先頭</Description>
      <Minimum>-1</Minimum>
      <Maximum>254</Maximum>
      <SortID>200000</SortID>
    </Field>
    <Field Def="u8 uniqueItem06_tail = -1">
      <DisplayName>ユニークアイテム06バリエーション番号末尾</DisplayName>
      <Description>ユニークアイテム06バリエーション番号末尾</Description>
      <Minimum>-1</Minimum>
      <Maximum>254</Maximum>
      <SortID>200000</SortID>
    </Field>
    <Field Def="u8 uniqueItem07_head = -1">
      <DisplayName>ユニークアイテム07バリエーション番号先頭</DisplayName>
      <Description>ユニークアイテム07バリエーション番号先頭</Description>
      <Minimum>-1</Minimum>
      <Maximum>254</Maximum>
      <SortID>200000</SortID>
    </Field>
    <Field Def="u8 uniqueItem07_tail = -1">
      <DisplayName>ユニークアイテム07バリエーション番号末尾</DisplayName>
      <Description>ユニークアイテム07バリエーション番号末尾</Description>
      <Minimum>-1</Minimum>
      <Maximum>254</Maximum>
      <SortID>200000</SortID>
    </Field>
    <Field Def="u8 uniqueItem08_head = -1">
      <DisplayName>ユニークアイテム08バリエーション番号先頭</DisplayName>
      <Description>ユニークアイテム08バリエーション番号先頭</Description>
      <Minimum>-1</Minimum>
      <Maximum>254</Maximum>
      <SortID>200000</SortID>
    </Field>
    <Field Def="u8 uniqueItem08_tail = -1">
      <DisplayName>ユニークアイテム08バリエーション番号末尾</DisplayName>
      <Description>ユニークアイテム08バリエーション番号末尾</Description>
      <Minimum>-1</Minimum>
      <Maximum>254</Maximum>
      <SortID>200000</SortID>
    </Field>
    <Field Def="u8 uniqueItem09_head = -1">
      <DisplayName>ユニークアイテム09バリエーション番号先頭</DisplayName>
      <Description>ユニークアイテム09バリエーション番号先頭</Description>
      <Minimum>-1</Minimum>
      <Maximum>254</Maximum>
      <SortID>200000</SortID>
    </Field>
    <Field Def="u8 uniqueItem09_tail = -1">
      <DisplayName>ユニークアイテム09バリエーション番号末尾</DisplayName>
      <Description>ユニークアイテム09バリエーション番号末尾</Description>
      <Minimum>-1</Minimum>
      <Maximum>254</Maximum>
      <SortID>200000</SortID>
    </Field>
    <Field Def="u8 uniqueItem10_head = -1">
      <DisplayName>ユニークアイテム10バリエーション番号先頭</DisplayName>
      <Description>ユニークアイテム10バリエーション番号先頭</Description>
      <Minimum>-1</Minimum>
      <Maximum>254</Maximum>
      <SortID>200000</SortID>
    </Field>
    <Field Def="u8 uniqueItem10_tail = -1">
      <DisplayName>ユニークアイテム10バリエーション番号末尾</DisplayName>
      <Description>ユニークアイテム10バリエーション番号末尾</Description>
      <Minimum>-1</Minimum>
      <Maximum>254</Maximum>
      <SortID>200000</SortID>
    </Field>
    <Field Def="u8 uniqueItem11_head = -1">
      <DisplayName>ユニークアイテム11バリエーション番号先頭</DisplayName>
      <Description>ユニークアイテム11バリエーション番号先頭</Description>
      <Minimum>-1</Minimum>
      <Maximum>254</Maximum>
      <SortID>200000</SortID>
    </Field>
    <Field Def="u8 uniqueItem11_tail = -1">
      <DisplayName>ユニークアイテム11バリエーション番号末尾</DisplayName>
      <Description>ユニークアイテム11バリエーション番号末尾</Description>
      <Minimum>-1</Minimum>
      <Maximum>254</Maximum>
      <SortID>200000</SortID>
    </Field>
    <Field Def="u8 uniqueItem12_head = -1">
      <DisplayName>ユニークアイテム12バリエーション番号先頭</DisplayName>
      <Description>ユニークアイテム12バリエーション番号先頭</Description>
      <Minimum>-1</Minimum>
      <Maximum>254</Maximum>
      <SortID>200000</SortID>
    </Field>
    <Field Def="u8 uniqueItem12_tail = -1">
      <DisplayName>ユニークアイテム12バリエーション番号末尾</DisplayName>
      <Description>ユニークアイテム12バリエーション番号末尾</Description>
      <Minimum>-1</Minimum>
      <Maximum>254</Maximum>
      <SortID>200000</SortID>
    </Field>
    <Field Def="u8 uniqueItem13_head = -1">
      <DisplayName>ユニークアイテム13バリエーション番号先頭</DisplayName>
      <Description>ユニークアイテム13バリエーション番号先頭</Description>
      <Minimum>-1</Minimum>
      <Maximum>254</Maximum>
      <SortID>200000</SortID>
    </Field>
    <Field Def="u8 uniqueItem13_tail = -1">
      <DisplayName>ユニークアイテム13バリエーション番号末尾</DisplayName>
      <Description>ユニークアイテム13バリエーション番号末尾</Description>
      <Minimum>-1</Minimum>
      <Maximum>254</Maximum>
      <SortID>200000</SortID>
    </Field>
    <Field Def="s32 fixedSf_1_subFeatureLotId = -1">
      <DisplayName>確定枠①サブ特徴抽選ID</DisplayName>
      <Description>確定枠①サブ特徴抽選ID</Description>
      <Minimum>-1</Minimum>
      <Maximum>1E+09</Maximum>
      <SortID>21000</SortID>
    </Field>
    <Field Def="s32 fixedSf_2_subFeatureLotId = -1">
      <DisplayName>確定枠②サブ特徴抽選ID</DisplayName>
      <Description>確定枠②サブ特徴抽選ID</Description>
      <Minimum>-1</Minimum>
      <Maximum>1E+09</Maximum>
      <SortID>22000</SortID>
    </Field>
    <Field Def="s32 fixedSf_3_subFeatureLotId = -1">
      <DisplayName>確定枠③サブ特徴抽選ID</DisplayName>
      <Description>確定枠③サブ特徴抽選ID</Description>
      <Minimum>-1</Minimum>
      <Maximum>1E+09</Maximum>
      <SortID>23000</SortID>
    </Field>
    <Field Def="s32 fixedSf_4_subFeatureLotId = -1">
      <DisplayName>確定枠④サブ特徴抽選ID</DisplayName>
      <Description>確定枠④サブ特徴抽選ID</Description>
      <Minimum>-1</Minimum>
      <Maximum>1E+09</Maximum>
      <SortID>24000</SortID>
    </Field>
    <Field Def="s32 fixedSf_5_subFeatureLotId = -1">
      <DisplayName>確定枠⑤サブ特徴抽選ID</DisplayName>
      <Description>確定枠⑤サブ特徴抽選ID</Description>
      <Minimum>-1</Minimum>
      <Maximum>1E+09</Maximum>
      <SortID>25000</SortID>
    </Field>
    <Field Def="s32 freeSf_1_subFeatureLotId = -1">
      <DisplayName>フリー枠①サブ特徴抽選ID</DisplayName>
      <Description>フリー枠①サブ特徴抽選ID</Description>
      <Minimum>-1</Minimum>
      <Maximum>1E+09</Maximum>
      <SortID>31000</SortID>
    </Field>
    <Field Def="s32 freeSf_2_subFeatureLotId = -1">
      <DisplayName>フリー枠②サブ特徴抽選ID</DisplayName>
      <Description>フリー枠②サブ特徴抽選ID</Description>
      <Minimum>-1</Minimum>
      <Maximum>1E+09</Maximum>
      <SortID>32000</SortID>
    </Field>
    <Field Def="s32 freeSf_3_subFeatureLotId = -1">
      <DisplayName>フリー枠③サブ特徴抽選ID</DisplayName>
      <Description>フリー枠③サブ特徴抽選ID</Description>
      <Minimum>-1</Minimum>
      <Maximum>1E+09</Maximum>
      <SortID>33000</SortID>
    </Field>
    <Field Def="u8 uniqueItem14_head = -1">
      <DisplayName>ユニークアイテム14バリエーション番号先頭</DisplayName>
      <Description>ユニークアイテム14バリエーション番号先頭</Description>
      <Minimum>-1</Minimum>
      <Maximum>254</Maximum>
      <SortID>200000</SortID>
    </Field>
    <Field Def="u8 uniqueItem14_tail = -1">
      <DisplayName>ユニークアイテム14バリエーション番号末尾</DisplayName>
      <Description>ユニークアイテム14バリエーション番号末尾</Description>
      <Minimum>-1</Minimum>
      <Maximum>254</Maximum>
      <SortID>200000</SortID>
    </Field>
    <Field Def="u8 isGenericHolygrail">
      <DisplayName>汎聖杯か</DisplayName>
      <Description>汎聖杯か</Description>
      <Maximum>1</Maximum>
      <SortID>300000</SortID>
    </Field>
    <Field Def="u8 releaseFlagIdOffset = -1">
      <DisplayName>解禁イベントフラグオフセットID</DisplayName>
      <Description>解禁イベントフラグオフセットID</Description>
      <Minimum>-1</Minimum>
      <Maximum>191</Maximum>
      <SortID>300000</SortID>
    </Field>
    <Field Def="dummy8 pad_3[24]">
      <DisplayName>パディング</DisplayName>
      <DisplayFormat>%d</DisplayFormat>
      <EditFlags>Wrap</EditFlags>
      <Maximum>1E+09</Maximum>
      <Increment>1</Increment>
      <SortID>300002</SortID>
    </Field>
    <Field Def="s32 groupSf_1_subFeatureLotId = -1">
      <DisplayName>グループ枠①サブ特徴抽選ID</DisplayName>
      <Description>グループ枠①サブ特徴抽選ID</Description>
      <Minimum>-1</Minimum>
      <Maximum>1E+09</Maximum>
      <SortID>51000</SortID>
    </Field>
    <Field Def="s32 groupSf_2_subFeatureLotId = -1">
      <DisplayName>グループ枠②サブ特徴抽選ID</DisplayName>
      <Description>グループ枠②サブ特徴抽選ID</Description>
      <Minimum>-1</Minimum>
      <Maximum>1E+09</Maximum>
      <SortID>52000</SortID>
    </Field>
    <Field Def="s32 groupSf_3_subFeatureLotId = -1">
      <DisplayName>グループ枠③サブ特徴抽選ID</DisplayName>
      <Description>グループ枠③サブ特徴抽選ID</Description>
      <Minimum>-1</Minimum>
      <Maximum>1E+09</Maximum>
      <SortID>53000</SortID>
    </Field>
    <Field Def="s32 groupSf_4_subFeatureLotId = -1">
      <DisplayName>グループ枠④サブ特徴抽選ID</DisplayName>
      <Description>グループ枠④サブ特徴抽選ID</Description>
      <Minimum>-1</Minimum>
      <Maximum>1E+09</Maximum>
      <SortID>54000</SortID>
    </Field>
    <Field Def="s32 groupSf_5_subFeatureLotId = -1">
      <DisplayName>グループ枠⑤サブ特徴抽選ID</DisplayName>
      <Description>グループ枠⑤サブ特徴抽選ID</Description>
      <Minimum>-1</Minimum>
      <Maximum>1E+09</Maximum>
      <SortID>55000</SortID>
    </Field>
  </Fields>
</PARAMDEF>