﻿<?xml version="1.0" encoding="utf-8"?>
<PARAMDEF XmlVersion="1">
  <ParamType>BEHAVIOR_PARAM</ParamType>
  <DataVersion>13</DataVersion>
  <BigEndian>False</BigEndian>
  <Unicode>True</Unicode>
  <FormatVersion>201</FormatVersion>
  <Fields>
    <Field Def="s32 Group 1: Enemy Damage ID 0" />
    <Field Def="s32 Group 1: Enemy Damage ID 1" />
    <Field Def="s32 Group 1: Enemy Damage ID 2" />
    <Field Def="s32 Group 1: Enemy Damage ID 3" />
    <Field Def="s32 Group 1: Enemy Damage ID 4" />
    <Field Def="s32 Group 1: Enemy Damage ID 5" />
    <Field Def="s32 Group 1: Unk18" />
    <Field Def="u8 Group 1: Unk1C" />
    <Field Def="u8 Group 1: Unk1D" />
    <Field Def="u8 Group 1: Unk1E" />
    <Field Def="u8 Group 1: Unk1F" />
    <Field Def="s32 Group 1: Enemy Damage ID" />
    <Field Def="s32 Group 1: Unk24" />
    <Field Def="s32 Group 1: Unk28" />
    <Field Def="f32 Group 1: Unk2C" />
    <Field Def="f32 Group 1: Unk30" />
    <Field Def="f32 Group 1: Unk34" />
    <Field Def="f32 Group 1: Unk38" />
    <Field Def="f32 Group 1: Unk3C" />
    <Field Def="f32 Group 1: Unk40" />
    <Field Def="f32 Group 1: Unk44" />
    <Field Def="f32 Group 1: Unk48" />
    <Field Def="s32 Group 1: Unk4C" />
    <Field Def="f32 Group 1: Unk50" />
    <Field Def="f32 Group 1: Unk54" />
    <Field Def="s32 Group 2: Enemy Damage ID 0" />
    <Field Def="s32 Group 2: Enemy Damage ID 1" />
    <Field Def="s32 Group 2: Enemy Damage ID 2" />
    <Field Def="s32 Group 2: Enemy Damage ID 3" />
    <Field Def="s32 Group 2: Enemy Damage ID 4" />
    <Field Def="s32 Group 2: Enemy Damage ID 5" />
    <Field Def="s32 Group 2: Unk18" />
    <Field Def="u8 Group 2: Unk1C" />
    <Field Def="u8 Group 2: Unk1D" />
    <Field Def="u8 Group 2: Unk1E" />
    <Field Def="u8 Group 2: Unk1F" />
    <Field Def="s32 Group 2: Enemy Damage ID" />
    <Field Def="s32 Group 2: Unk24" />
    <Field Def="s32 Group 2: Unk28" />
    <Field Def="f32 Group 2: Unk2C" />
    <Field Def="f32 Group 2: Unk30" />
    <Field Def="f32 Group 2: Unk34" />
    <Field Def="f32 Group 2: Unk38" />
    <Field Def="f32 Group 2: Unk3C" />
    <Field Def="f32 Group 2: Unk40" />
    <Field Def="f32 Group 2: Unk44" />
    <Field Def="f32 Group 2: Unk48" />
    <Field Def="s32 Group 2: Unk4C" />
    <Field Def="f32 Group 2: Unk50" />
    <Field Def="f32 Group 2: Unk54" />
    <Field Def="s32 Group 3: Enemy Damage ID 0" />
    <Field Def="s32 Group 3: Enemy Damage ID 1" />
    <Field Def="s32 Group 3: Enemy Damage ID 2" />
    <Field Def="s32 Group 3: Enemy Damage ID 3" />
    <Field Def="s32 Group 3: Enemy Damage ID 4" />
    <Field Def="s32 Group 3: Enemy Damage ID 5" />
    <Field Def="s32 Group 3: Unk18" />
    <Field Def="u8 Group 3: Unk1C" />
    <Field Def="u8 Group 3: Unk1D" />
    <Field Def="u8 Group 3: Unk1E" />
    <Field Def="u8 Group 3: Unk1F" />
    <Field Def="s32 Group 3: Enemy Damage ID" />
    <Field Def="s32 Group 3: Unk24" />
    <Field Def="s32 Group 3: Unk28" />
    <Field Def="f32 Group 3: Unk2C" />
    <Field Def="f32 Group 3: Unk30" />
    <Field Def="f32 Group 3: Unk34" />
    <Field Def="f32 Group 3: Unk38" />
    <Field Def="f32 Group 3: Unk3C" />
    <Field Def="f32 Group 3: Unk40" />
    <Field Def="f32 Group 3: Unk44" />
    <Field Def="f32 Group 3: Unk48" />
    <Field Def="s32 Group 3: Unk4C" />
    <Field Def="f32 Group 3: Unk50" />
    <Field Def="f32 Group 3: Unk54" />
    <Field Def="s32 Group 4: Enemy Damage ID 0" />
    <Field Def="s32 Group 4: Enemy Damage ID 1" />
    <Field Def="s32 Group 4: Enemy Damage ID 2" />
    <Field Def="s32 Group 4: Enemy Damage ID 3" />
    <Field Def="s32 Group 4: Enemy Damage ID 4" />
    <Field Def="s32 Group 4: Enemy Damage ID 5" />
    <Field Def="s32 Group 4: Unk18" />
    <Field Def="u8 Group 4: Unk1C" />
    <Field Def="u8 Group 4: Unk1D" />
    <Field Def="u8 Group 4: Unk1E" />
    <Field Def="u8 Group 4: Unk1F" />
    <Field Def="s32 Group 4: Enemy Damage ID" />
    <Field Def="s32 Group 4: Unk24" />
    <Field Def="s32 Group 4: Unk28" />
    <Field Def="f32 Group 4: Unk2C" />
    <Field Def="f32 Group 4: Unk30" />
    <Field Def="f32 Group 4: Unk34" />
    <Field Def="f32 Group 4: Unk38" />
    <Field Def="f32 Group 4: Unk3C" />
    <Field Def="f32 Group 4: Unk40" />
    <Field Def="f32 Group 4: Unk44" />
    <Field Def="f32 Group 4: Unk48" />
    <Field Def="s32 Group 4: Unk4C" />
    <Field Def="f32 Group 4: Unk50" />
    <Field Def="f32 Group 4: Unk54" />
    <Field Def="s32 Group 5: Enemy Damage ID 0" />
    <Field Def="s32 Group 5: Enemy Damage ID 1" />
    <Field Def="s32 Group 5: Enemy Damage ID 2" />
    <Field Def="s32 Group 5: Enemy Damage ID 3" />
    <Field Def="s32 Group 5: Enemy Damage ID 4" />
    <Field Def="s32 Group 5: Enemy Damage ID 5" />
    <Field Def="s32 Group 5: Unk18" />
    <Field Def="u8 Group 5: Unk1C" />
    <Field Def="u8 Group 5: Unk1D" />
    <Field Def="u8 Group 5: Unk1E" />
    <Field Def="u8 Group 5: Unk1F" />
    <Field Def="s32 Group 5: Enemy Damage ID" />
    <Field Def="s32 Group 5: Unk24" />
    <Field Def="s32 Group 5: Unk28" />
    <Field Def="f32 Group 5: Unk2C" />
    <Field Def="f32 Group 5: Unk30" />
    <Field Def="f32 Group 5: Unk34" />
    <Field Def="f32 Group 5: Unk38" />
    <Field Def="f32 Group 5: Unk3C" />
    <Field Def="f32 Group 5: Unk40" />
    <Field Def="f32 Group 5: Unk44" />
    <Field Def="f32 Group 5: Unk48" />
    <Field Def="s32 Group 5: Unk4C" />
    <Field Def="f32 Group 5: Unk50" />
    <Field Def="f32 Group 5: Unk54" />
    <Field Def="s32 Group 6: Enemy Damage ID 0" />
    <Field Def="s32 Group 6: Enemy Damage ID 1" />
    <Field Def="s32 Group 6: Enemy Damage ID 2" />
    <Field Def="s32 Group 6: Enemy Damage ID 3" />
    <Field Def="s32 Group 6: Enemy Damage ID 4" />
    <Field Def="s32 Group 6: Enemy Damage ID 5" />
    <Field Def="s32 Group 6: Unk18" />
    <Field Def="u8 Group 6: Unk1C" />
    <Field Def="u8 Group 6: Unk1D" />
    <Field Def="u8 Group 6: Unk1E" />
    <Field Def="u8 Group 6: Unk1F" />
    <Field Def="s32 Group 6: Enemy Damage ID" />
    <Field Def="s32 Group 6: Unk24" />
    <Field Def="s32 Group 6: Unk28" />
    <Field Def="f32 Group 6: Unk2C" />
    <Field Def="f32 Group 6: Unk30" />
    <Field Def="f32 Group 6: Unk34" />
    <Field Def="f32 Group 6: Unk38" />
    <Field Def="f32 Group 6: Unk3C" />
    <Field Def="f32 Group 6: Unk40" />
    <Field Def="f32 Group 6: Unk44" />
    <Field Def="f32 Group 6: Unk48" />
    <Field Def="s32 Group 6: Unk4C" />
    <Field Def="f32 Group 6: Unk50" />
    <Field Def="f32 Group 6: Unk54" />
    <Field Def="s32 Group 7: Enemy Damage ID 0" />
    <Field Def="s32 Group 7: Enemy Damage ID 1" />
    <Field Def="s32 Group 7: Enemy Damage ID 2" />
    <Field Def="s32 Group 7: Enemy Damage ID 3" />
    <Field Def="s32 Group 7: Enemy Damage ID 4" />
    <Field Def="s32 Group 7: Enemy Damage ID 5" />
    <Field Def="s32 Group 7: Unk18" />
    <Field Def="u8 Group 7: Unk1C" />
    <Field Def="u8 Group 7: Unk1D" />
    <Field Def="u8 Group 7: Unk1E" />
    <Field Def="u8 Group 7: Unk1F" />
    <Field Def="s32 Group 7: Enemy Damage ID" />
    <Field Def="s32 Group 7: Unk24" />
    <Field Def="s32 Group 7: Unk28" />
    <Field Def="f32 Group 7: Unk2C" />
    <Field Def="f32 Group 7: Unk30" />
    <Field Def="f32 Group 7: Unk34" />
    <Field Def="f32 Group 7: Unk38" />
    <Field Def="f32 Group 7: Unk3C" />
    <Field Def="f32 Group 7: Unk40" />
    <Field Def="f32 Group 7: Unk44" />
    <Field Def="f32 Group 7: Unk48" />
    <Field Def="s32 Group 7: Unk4C" />
    <Field Def="f32 Group 7: Unk50" />
    <Field Def="f32 Group 7: Unk54" />
    <Field Def="s32 Group 8: Enemy Damage ID 0" />
    <Field Def="s32 Group 8: Enemy Damage ID 1" />
    <Field Def="s32 Group 8: Enemy Damage ID 2" />
    <Field Def="s32 Group 8: Enemy Damage ID 3" />
    <Field Def="s32 Group 8: Enemy Damage ID 4" />
    <Field Def="s32 Group 8: Enemy Damage ID 5" />
    <Field Def="s32 Group 8: Unk18" />
    <Field Def="u8 Group 8: Unk1C" />
    <Field Def="u8 Group 8: Unk1D" />
    <Field Def="u8 Group 8: Unk1E" />
    <Field Def="u8 Group 8: Unk1F" />
    <Field Def="s32 Group 8: Enemy Damage ID" />
    <Field Def="s32 Group 8: Unk24" />
    <Field Def="s32 Group 8: Unk28" />
    <Field Def="f32 Group 8: Unk2C" />
    <Field Def="f32 Group 8: Unk30" />
    <Field Def="f32 Group 8: Unk34" />
    <Field Def="f32 Group 8: Unk38" />
    <Field Def="f32 Group 8: Unk3C" />
    <Field Def="f32 Group 8: Unk40" />
    <Field Def="f32 Group 8: Unk44" />
    <Field Def="f32 Group 8: Unk48" />
    <Field Def="s32 Group 8: Unk4C" />
    <Field Def="f32 Group 8: Unk50" />
    <Field Def="f32 Group 8: Unk54" />
    <Field Def="s32 Group 9: Enemy Damage ID 0" />
    <Field Def="s32 Group 9: Enemy Damage ID 1" />
    <Field Def="s32 Group 9: Enemy Damage ID 2" />
    <Field Def="s32 Group 9: Enemy Damage ID 3" />
    <Field Def="s32 Group 9: Enemy Damage ID 4" />
    <Field Def="s32 Group 9: Enemy Damage ID 5" />
    <Field Def="s32 Group 9: Unk18" />
    <Field Def="u8 Group 9: Unk1C" />
    <Field Def="u8 Group 9: Unk1D" />
    <Field Def="u8 Group 9: Unk1E" />
    <Field Def="u8 Group 9: Unk1F" />
    <Field Def="s32 Group 9: Enemy Damage ID" />
    <Field Def="s32 Group 9: Unk24" />
    <Field Def="s32 Group 9: Unk28" />
    <Field Def="f32 Group 9: Unk2C" />
    <Field Def="f32 Group 9: Unk30" />
    <Field Def="f32 Group 9: Unk34" />
    <Field Def="f32 Group 9: Unk38" />
    <Field Def="f32 Group 9: Unk3C" />
    <Field Def="f32 Group 9: Unk40" />
    <Field Def="f32 Group 9: Unk44" />
    <Field Def="f32 Group 9: Unk48" />
    <Field Def="s32 Group 9: Unk4C" />
    <Field Def="f32 Group 9: Unk50" />
    <Field Def="f32 Group 9: Unk54" />
    <Field Def="s32 Group 10: Enemy Damage ID 0" />
    <Field Def="s32 Group 10: Enemy Damage ID 1" />
    <Field Def="s32 Group 10: Enemy Damage ID 2" />
    <Field Def="s32 Group 10: Enemy Damage ID 3" />
    <Field Def="s32 Group 10: Enemy Damage ID 4" />
    <Field Def="s32 Group 10: Enemy Damage ID 5" />
    <Field Def="s32 Group 10: Unk18" />
    <Field Def="u8 Group 10: Unk1C" />
    <Field Def="u8 Group 10: Unk1D" />
    <Field Def="u8 Group 10: Unk1E" />
    <Field Def="u8 Group 10: Unk1F" />
    <Field Def="s32 Group 10: Enemy Damage ID" />
    <Field Def="s32 Group 10: Unk24" />
    <Field Def="s32 Group 10: Unk28" />
    <Field Def="f32 Group 10: Unk2C" />
    <Field Def="f32 Group 10: Unk30" />
    <Field Def="f32 Group 10: Unk34" />
    <Field Def="f32 Group 10: Unk38" />
    <Field Def="f32 Group 10: Unk3C" />
    <Field Def="f32 Group 10: Unk40" />
    <Field Def="f32 Group 10: Unk44" />
    <Field Def="f32 Group 10: Unk48" />
    <Field Def="s32 Group 10: Unk4C" />
    <Field Def="f32 Group 10: Unk50" />
    <Field Def="f32 Group 10: Unk54" />
  </Fields>
</PARAMDEF>