﻿<?xml version="1.0" encoding="utf-8"?>
<PARAMDEF XmlVersion="1">
  <ParamType>CHR_ROUND_DAMAGE_PARAM</ParamType>
  <DataVersion>2</DataVersion>
  <BigEndian>False</BigEndian>
  <Unicode>True</Unicode>
  <FormatVersion>201</FormatVersion>
  <Fields>
    <Field Def="u16 Unk00" />
    <Field Def="u16 Unk02" />
    <Field Def="u16 Unk04" />
    <Field Def="u16 Unk06" />
    <Field Def="u16 Unk08" />
    <Field Def="u16 Unk0A" />
    <Field Def="u16 Unk0C" />
    <Field Def="u16 Unk0E" />
    <Field Def="u16 Unk10" />
    <Field Def="u16 Unk12" />
    <Field Def="u16 Unk14" />
    <Field Def="u16 Unk16" />
    <Field Def="u16 Unk18" />
    <Field Def="u16 Unk1A" />
    <Field Def="u16 Unk1C" />
    <Field Def="u16 Unk1E" />
    <Field Def="u16 Unk20" />
    <Field Def="u16 Unk22" />
    <Field Def="u16 Unk24" />
    <Field Def="u16 Unk26" />
    <Field Def="u16 Unk28" />
    <Field Def="u16 Unk2A" />
    <Field Def="u16 Unk2C" />
    <Field Def="u16 Unk2E" />
    <Field Def="u16 Unk30" />
    <Field Def="u16 Unk32" />
    <Field Def="u16 Unk34" />
    <Field Def="u16 Unk36" />
    <Field Def="u16 Unk38" />
    <Field Def="u16 Unk3A" />
    <Field Def="u16 Unk3C" />
    <Field Def="u16 Unk3E" />
    <Field Def="u16 Unk40" />
    <Field Def="u16 Unk42" />
    <Field Def="u16 Unk44" />
    <Field Def="u16 Unk46" />
    <Field Def="u16 Unk48" />
    <Field Def="u16 Unk4A" />
    <Field Def="u16 Unk4C" />
    <Field Def="u16 Unk4E" />
  </Fields>
</PARAMDEF>