﻿<?xml version="1.0" encoding="utf-8"?>
<PARAMDEF XmlVersion="1">
  <ParamType>CRIMINAL_AND_DECEASED_PARAM</ParamType>
  <DataVersion>2</DataVersion>
  <BigEndian>False</BigEndian>
  <Unicode>True</Unicode>
  <FormatVersion>201</FormatVersion>
  <Fields>
    <Field Def="u8 Unk00" />
    <Field Def="u8 Unk01" />
    <Field Def="u8 Unk02" />
    <Field Def="u8 Sin Points (Sinner)" />
    <Field Def="u8 Sin Points (Wretch)" />
    <Field Def="u8 Hollowing Increase on Death" />
    <Field Def="u8 Hollowing Level for Unknown" />
    <Field Def="u8 Hollowing Level for Appearance Degradation" />
    <Field Def="u8 HP Minimum Percentage" />
    <Field Def="u8 HP Minimum Percentage (Wretch)" />
    <Field Def="u8 Unknown Percentage" />
    <Field Def="u8 Unknown Percentage (Wretch)" />
  </Fields>
</PARAMDEF>