﻿<?xml version="1.0" encoding="utf-8"?>
<PARAMDEF XmlVersion="1">
  <ParamType>DAMAGE_ADJUST_PARAM</ParamType>
  <DataVersion>7</DataVersion>
  <BigEndian>False</BigEndian>
  <Unicode>True</Unicode>
  <FormatVersion>201</FormatVersion>
  <Fields>
    <Field Def="f32 Unk00" />
    <Field Def="f32 Unk04" />
    <Field Def="f32 Unk08" />
    <Field Def="f32 Unk0C" />
    <Field Def="f32 Unk10" />
    <Field Def="f32 Unk14" />
    <Field Def="f32 Unk18" />
    <Field Def="f32 Unk1C" />
    <Field Def="f32 Unk20" />
    <Field Def="f32 Unk24" />
    <Field Def="f32 Unk28" />
    <Field Def="f32 Unk2C" />
    <Field Def="f32 Unk30" />
    <Field Def="f32 Unk34" />
    <Field Def="f32 Unk38" />
    <Field Def="f32 Unk3C" />
    <Field Def="f32 Unk40" />
    <Field Def="f32 Unk44" />
    <Field Def="f32 Unk48" />
    <Field Def="f32 Unk4C" />
    <Field Def="f32 Unk50" />
    <Field Def="f32 Unk54" />
    <Field Def="f32 Unk58" />
    <Field Def="f32 Unk5C" />
    <Field Def="f32 Unk60" />
    <Field Def="f32 Unk64" />
    <Field Def="f32 Unk68" />
    <Field Def="f32 Unk6C" />
    <Field Def="f32 Unk70" />
    <Field Def="f32 Unk74" />
    <Field Def="f32 Unk78" />
    <Field Def="f32 Unk7C" />
    <Field Def="f32 Unk80" />
    <Field Def="f32 Unk84" />
    <Field Def="f32 Unk88" />
    <Field Def="f32 Unk8C" />
    <Field Def="f32 Unk90" />
    <Field Def="f32 Unk94" />
    <Field Def="f32 Unk98" />
    <Field Def="f32 Unk9C" />
    <Field Def="f32 UnkA0" />
    <Field Def="f32 UnkA4" />
    <Field Def="f32 UnkA8" />
    <Field Def="f32 UnkAC" />
    <Field Def="f32 UnkB0" />
    <Field Def="f32 UnkB4" />
    <Field Def="f32 UnkB8" />
    <Field Def="f32 UnkBC" />
    <Field Def="f32 UnkC0" />
    <Field Def="f32 UnkC4" />
    <Field Def="f32 UnkC8" />
    <Field Def="f32 UnkCC" />
    <Field Def="f32 UnkD0" />
    <Field Def="f32 UnkD4" />
    <Field Def="f32 UnkD8" />
    <Field Def="f32 UnkDC" />
    <Field Def="f32 UnkE0" />
    <Field Def="f32 UnkE4" />
    <Field Def="f32 UnkE8" />
    <Field Def="f32 UnkEC" />
    <Field Def="f32 UnkF0" />
    <Field Def="f32 UnkF4" />
    <Field Def="f32 UnkF8" />
    <Field Def="f32 UnkFC" />
    <Field Def="f32 Unk100" />
    <Field Def="f32 Unk104" />
    <Field Def="f32 Unk108" />
    <Field Def="f32 Unk10C" />
    <Field Def="f32 Unk110" />
    <Field Def="f32 Unk114" />
    <Field Def="f32 Unk118" />
    <Field Def="f32 Unk11C" />
    <Field Def="f32 Unk120" />
    <Field Def="f32 Unk124" />
    <Field Def="f32 Unk128" />
    <Field Def="f32 Unk12C" />
    <Field Def="f32 Unk130" />
    <Field Def="f32 Unk134" />
    <Field Def="f32 Unk138" />
    <Field Def="f32 Unk13C" />
    <Field Def="f32 Unk140" />
    <Field Def="f32 Unk144" />
    <Field Def="f32 Unk148" />
    <Field Def="f32 Unk14C" />
    <Field Def="f32 Unk150" />
    <Field Def="f32 Unk154" />
    <Field Def="f32 Unk158" />
    <Field Def="f32 Unk15C" />
    <Field Def="f32 Unk160" />
    <Field Def="f32 Unk164" />
    <Field Def="f32 Unk168" />
    <Field Def="f32 Unk16C" />
    <Field Def="f32 Unk170" />
    <Field Def="f32 Unk174" />
    <Field Def="f32 Unk178" />
    <Field Def="f32 Unk17C" />
    <Field Def="f32 Unk180" />
    <Field Def="f32 Unk184" />
    <Field Def="f32 Unk188" />
  </Fields>
</PARAMDEF>