﻿<?xml version="1.0" encoding="utf-8"?>
<PARAMDEF XmlVersion="1">
  <ParamType>DEMO_SPOT_LIGHT_PARAM</ParamType>
  <DataVersion>1</DataVersion>
  <BigEndian>False</BigEndian>
  <Unicode>True</Unicode>
  <FormatVersion>201</FormatVersion>
  <Fields>
    <Field Def="f32 Unk00" />
    <Field Def="f32 Unk04" />
    <Field Def="f32 Unk08" />
    <Field Def="u8 Diffuse R = 255" />
    <Field Def="u8 Diffuse G = 255" />
    <Field Def="u8 Diffuse B = 255" />
    <Field Def="u8 Diffuse A = 255" />
    <Field Def="u8 Specular R = 255" />
    <Field Def="u8 Specular G = 255" />
    <Field Def="u8 Specular B = 255" />
    <Field Def="u8 Specular A = 255" />
    <Field Def="f32 Unk00" />
    <Field Def="f32 Unk00" />
    <Field Def="f32 Unk00" />
    <Field Def="f32 Unk00" />
    <Field Def="f32 Unk00" />
    <Field Def="f32 Unk00" />
    <Field Def="f32 Unk00" />
    <Field Def="f32 Unk00" />
    <Field Def="s32 Unk00" />
  </Fields>
</PARAMDEF>