﻿<?xml version="1.0" encoding="utf-8"?>
<PARAMDEF XmlVersion="1">
  <ParamType>EVENT_PARAM</ParamType>
  <DataVersion>2</DataVersion>
  <BigEndian>False</BigEndian>
  <Unicode>True</Unicode>
  <FormatVersion>201</FormatVersion>
  <Fields>
    <Field Def="s32 Event ID" />
    <Field Def="s32 Event Flag ID" />
    <Field Def="u8 Unk08" />
    <Field Def="u8 Unk09" />
    <Field Def="u8 Unk0A" />
    <Field Def="u8 Unk0B" />
    <Field Def="u8 Unk0C" />
    <Field Def="u8 Unk0D" />
    <Field Def="u8 Unk0E" />
    <Field Def="u8 Unk0F" />
  </Fields>
</PARAMDEF>