﻿<?xml version="1.0" encoding="utf-8"?>
<PARAMDEF XmlVersion="1">
  <ParamType>MAP_OBJECT_TREASURE_BOX_PARAM</ParamType>
  <DataVersion>2</DataVersion>
  <BigEndian>False</BigEndian>
  <Unicode>True</Unicode>
  <FormatVersion>201</FormatVersion>
  <Fields>
    <Field Def="s32 Chest Type">
      <Description>0 for normal, 1 for trapped</Description>
    </Field>
    <Field Def="s32 Bullet ID 0">
      <Description>Bullet to fire at random.</Description>
    </Field>
    <Field Def="s32 Bullet ID 1">
      <Description>Bullet to fire at random.</Description>
    </Field>
    <Field Def="s32 Bullet ID 2">
      <Description>Bullet to fire at random.</Description>
    </Field>
    <Field Def="s32 Bullet ID 3">
      <Description>Bullet to fire at random.</Description>
    </Field>
    <Field Def="s32 Unk14" />
  </Fields>
</PARAMDEF>