﻿<?xml version="1.0" encoding="utf-8"?>
<PARAMDEF XmlVersion="1">
  <ParamType>NETWORK_MESSAGE_PARAM</ParamType>
  <DataVersion>1</DataVersion>
  <BigEndian>False</BigEndian>
  <Unicode>True</Unicode>
  <FormatVersion>201</FormatVersion>
  <Fields>
    <Field Def="s32 Message Type" />
    <Field Def="s32 Message ID 0" />
    <Field Def="s32 Message ID 1" />
    <Field Def="s32 Message ID 2" />
    <Field Def="s32 Message ID 3" />
    <Field Def="s32 Message ID 4" />
    <Field Def="s32 Message ID 5" />
    <Field Def="s32 Message ID 6" />
    <Field Def="s32 Message ID 7" />
    <Field Def="s32 Message ID 8" />
    <Field Def="s32 Message ID 9" />
    <Field Def="s32 Message ID 10" />
    <Field Def="s32 Message ID 11" />
    <Field Def="s32 Message ID 12" />
    <Field Def="s32 Message ID 13" />
    <Field Def="s32 Message ID 14" />
    <Field Def="s32 Message ID 15" />
    <Field Def="s32 Message ID 16" />
    <Field Def="s32 Message ID 17" />
    <Field Def="s32 Message ID 18" />
    <Field Def="s32 Message ID 19" />
    <Field Def="s32 Message ID 20" />
  </Fields>
</PARAMDEF>