﻿<?xml version="1.0" encoding="utf-8"?>
<PARAMDEF XmlVersion="1">
  <ParamType>NPC_EVENT_PARAM</ParamType>
  <DataVersion>4</DataVersion>
  <BigEndian>False</BigEndian>
  <Unicode>True</Unicode>
  <FormatVersion>201</FormatVersion>
  <Fields>
    <Field Def="u8 Unk00" />
    <Field Def="u8 Unk01" />
    <Field Def="u8 Unk02" />
    <Field Def="u8 Unk03" />
    <Field Def="s32 Conversation ID" />
    <Field Def="s32 Conversation Exit ID" />
    <Field Def="s32 Unk0C" />
    <Field Def="s32 Item ID" />
    <Field Def="s32 Itemlot ID" />
    <Field Def="s32 Unk18" />
    <Field Def="u16 NPC Info ID" />
    <Field Def="u8 Unk18" />
    <Field Def="u8 Unk19" />
    <Field Def="u8 Unk20" />
    <Field Def="u8 Unk21" />
    <Field Def="u8 Unk22" />
    <Field Def="u8 Unk23" />
    <Field Def="s32 Unk24" />
    <Field Def="s32 Unk28" />
    <Field Def="s32 Unk2C" />
  </Fields>
</PARAMDEF>