﻿<?xml version="1.0" encoding="utf-8"?>
<PARAMDEF XmlVersion="1">
  <ParamType>EQUIP_PARAM_ACCESSORY_ST</ParamType>
  <DataVersion>1</DataVersion>
  <BigEndian>True</BigEndian>
  <Unicode>False</Unicode>
  <FormatVersion>102</FormatVersion>
  <Fields>
    <Field Def="u8 equipModelCategory">
      <DisplayName>装備モデル種別</DisplayName>
      <Enum>EQUIP_MODEL_CATEGORY</Enum>
      <Description>装備モデルの種別</Description>
      <Maximum>99</Maximum>
    </Field>
    <Field Def="u8 equipModelGender">
      <DisplayName>装備モデル性別</DisplayName>
      <Enum>EQUIP_MODEL_GENDER</Enum>
      <Description>装備モデルの性別</Description>
      <Maximum>99</Maximum>
    </Field>
    <Field Def="u16 equipModelId">
      <DisplayName>装備モデル番号</DisplayName>
      <Description>装備モデルの番号</Description>
      <Maximum>9999</Maximum>
    </Field>
    <Field Def="u16 iconId">
      <DisplayName>アイコンID</DisplayName>
      <Description>メニューアイコンID</Description>
      <Maximum>9999</Maximum>
    </Field>
    <Field Def="u8 accessoryCategory">
      <DisplayName>装飾カテゴリ</DisplayName>
      <Enum>ACCESSORY_CATEGORY</Enum>
      <Description>防具のカテゴリ</Description>
      <Maximum>99</Maximum>
    </Field>
    <Field Def="dummy8 pad_0[5]">
      <DisplayName>パディング</DisplayName>
    </Field>
    <Field Def="f32 weight = 1">
      <DisplayName>重量[kg]</DisplayName>
      <Description>重量[kg]</Description>
      <DisplayFormat>%0.3f</DisplayFormat>
      <Minimum>0</Minimum>
      <Maximum>1000</Maximum>
      <Increment>0.1</Increment>
    </Field>
    <Field Def="s32 behaviorId">
      <DisplayName>行動ID</DisplayName>
      <Description>行動ID(=Skill)</Description>
      <Minimum>0</Minimum>
      <Maximum>1E+08</Maximum>
    </Field>
    <Field Def="s32 basicPrice">
      <DisplayName>基本価格</DisplayName>
      <Description>基本価格</Description>
      <Minimum>0</Minimum>
      <Maximum>1E+08</Maximum>
    </Field>
    <Field Def="s16 shopLv">
      <DisplayName>ショップレベル</DisplayName>
      <Description>お店で販売できるレベル</Description>
      <Minimum>-1</Minimum>
      <Maximum>9999</Maximum>
    </Field>
    <Field Def="dummy8 pad_2[2]">
      <DisplayName>pad</DisplayName>
    </Field>
    <Field Def="s32 sortId">
      <DisplayName>sortID</DisplayName>
      <Minimum>-1</Minimum>
      <Maximum>9999</Maximum>
    </Field>
    <Field Def="s16 trophySGradeId = -1">
      <DisplayName>トロフィー</DisplayName>
      <Minimum>-1</Minimum>
      <Maximum>9999</Maximum>
    </Field>
    <Field Def="dummy8 pad_3[2]">
      <DisplayName>pad</DisplayName>
    </Field>
    <Field Def="s32 qwcId = -1">
      <DisplayName>QWCID</DisplayName>
      <Minimum>-1</Minimum>
      <Maximum>1E+08</Maximum>
    </Field>
    <Field Def="dummy8 pad_4[24]">
      <DisplayName>pad</DisplayName>
    </Field>
  </Fields>
</PARAMDEF>