﻿<?xml version="1.0" encoding="utf-8"?>
<PARAMDEF XmlVersion="1">
  <ParamType>LENS_FLARE_EX_BANK</ParamType>
  <DataVersion>1</DataVersion>
  <BigEndian>True</BigEndian>
  <Unicode>False</Unicode>
  <FormatVersion>102</FormatVersion>
  <Fields>
    <Field Def="s16 lightDegRotX">
      <DisplayName>光源X角度[deg]</DisplayName>
      <Description>光源のX角度</Description>
      <EditFlags>None</EditFlags>
      <Minimum>-90</Minimum>
      <Maximum>90</Maximum>
    </Field>
    <Field Def="s16 lightDegRotY">
      <DisplayName>光源Y角度[deg]</DisplayName>
      <Description>光源のY角度</Description>
      <EditFlags>None</EditFlags>
      <Minimum>-180</Minimum>
      <Maximum>180</Maximum>
    </Field>
    <Field Def="s16 colR = 255">
      <DisplayName>色R</DisplayName>
      <Description>レンズフレア乗算色</Description>
      <EditFlags>None</EditFlags>
      <Minimum>0</Minimum>
      <Maximum>255</Maximum>
    </Field>
    <Field Def="s16 colG = 255">
      <DisplayName>色G</DisplayName>
      <Description>レンズフレア乗算色</Description>
      <EditFlags>None</EditFlags>
      <Minimum>0</Minimum>
      <Maximum>255</Maximum>
    </Field>
    <Field Def="s16 colB = 255">
      <DisplayName>色B</DisplayName>
      <Description>レンズフレア乗算色</Description>
      <EditFlags>None</EditFlags>
      <Minimum>0</Minimum>
      <Maximum>255</Maximum>
    </Field>
    <Field Def="s16 colA = 100">
      <DisplayName>色RGB倍率[％]</DisplayName>
      <Description>レンズフレア乗算色</Description>
      <EditFlags>None</EditFlags>
      <Minimum>0</Minimum>
      <Maximum>1000</Maximum>
    </Field>
    <Field Def="f32 lightDist = 300">
      <DisplayName>光源距離[m]</DisplayName>
      <Description>光源距離</Description>
      <EditFlags>None</EditFlags>
      <Minimum>0</Minimum>
      <Maximum>999999</Maximum>
      <Increment>0.1</Increment>
    </Field>
    <Field Def="dummy8 pad_0[16]">
      <DisplayName>パディング</DisplayName>
      <Description>ダミー</Description>
      <DisplayFormat>%d</DisplayFormat>
    </Field>
  </Fields>
</PARAMDEF>