﻿<?xml version="1.0" encoding="utf-8"?>
<PARAMDEF XmlVersion="1">
  <ParamType>QWC_CHANGE_PARAM_ST</ParamType>
  <DataVersion>1</DataVersion>
  <BigEndian>True</BigEndian>
  <Unicode>False</Unicode>
  <FormatVersion>102</FormatVersion>
  <Fields>
    <Field Def="s16 pcAttrB">
      <DisplayName>PC-黒</DisplayName>
      <Description>PC黒属性変化値</Description>
      <Minimum>0</Minimum>
      <Maximum>200</Maximum>
    </Field>
    <Field Def="s16 pcAttrW">
      <DisplayName>PC-白</DisplayName>
      <Description>PC白属性変化値</Description>
      <Minimum>0</Minimum>
      <Maximum>200</Maximum>
    </Field>
    <Field Def="s16 pcAttrL">
      <DisplayName>PC-左</DisplayName>
      <Description>PC左属性変化値</Description>
      <Minimum>0</Minimum>
      <Maximum>200</Maximum>
    </Field>
    <Field Def="s16 pcAttrR">
      <DisplayName>PC-右</DisplayName>
      <Description>PC右属性変化値</Description>
      <Minimum>0</Minimum>
      <Maximum>200</Maximum>
    </Field>
    <Field Def="s16 areaAttrB">
      <DisplayName>エリア-黒</DisplayName>
      <Description>エリア黒属性変化値</Description>
      <Minimum>0</Minimum>
      <Maximum>200</Maximum>
    </Field>
    <Field Def="s16 areaAttrW">
      <DisplayName>エリア-白</DisplayName>
      <Description>エリア白属性変化値</Description>
      <Minimum>0</Minimum>
      <Maximum>200</Maximum>
    </Field>
    <Field Def="s16 areaAttrL">
      <DisplayName>エリア-左</DisplayName>
      <Description>エリア左属性変化値</Description>
      <Minimum>0</Minimum>
      <Maximum>200</Maximum>
    </Field>
    <Field Def="s16 areaAttrR">
      <DisplayName>エリア-右</DisplayName>
      <Description>エリア右属性変化値</Description>
      <Minimum>0</Minimum>
      <Maximum>200</Maximum>
    </Field>
  </Fields>
</PARAMDEF>