﻿<?xml version="1.0" encoding="utf-8"?>
<PARAMDEF XmlVersion="1">
  <ParamType>TONE_CORRECT_BANK</ParamType>
  <DataVersion>1</DataVersion>
  <BigEndian>True</BigEndian>
  <Unicode>False</Unicode>
  <FormatVersion>102</FormatVersion>
  <Fields>
    <Field Def="f32 brightnessR = 1">
      <DisplayName>輝度R</DisplayName>
      <Description>輝度</Description>
      <EditFlags>None</EditFlags>
      <Minimum>0</Minimum>
      <Maximum>5</Maximum>
    </Field>
    <Field Def="f32 brightnessG = 1">
      <DisplayName>輝度G</DisplayName>
      <Description>輝度</Description>
      <EditFlags>None</EditFlags>
      <Minimum>0</Minimum>
      <Maximum>5</Maximum>
    </Field>
    <Field Def="f32 brightnessB = 1">
      <DisplayName>輝度B</DisplayName>
      <Description>輝度</Description>
      <EditFlags>None</EditFlags>
      <Minimum>0</Minimum>
      <Maximum>5</Maximum>
    </Field>
    <Field Def="f32 contrastR = 1">
      <DisplayName>コントラストR</DisplayName>
      <Description>コントラスト</Description>
      <EditFlags>None</EditFlags>
      <Minimum>-5</Minimum>
      <Maximum>5</Maximum>
    </Field>
    <Field Def="f32 contrastG = 1">
      <DisplayName>コントラストG</DisplayName>
      <Description>コントラスト</Description>
      <EditFlags>None</EditFlags>
      <Minimum>-5</Minimum>
      <Maximum>5</Maximum>
    </Field>
    <Field Def="f32 contrastB = 1">
      <DisplayName>コントラストB</DisplayName>
      <Description>コントラスト</Description>
      <EditFlags>None</EditFlags>
      <Minimum>-5</Minimum>
      <Maximum>5</Maximum>
    </Field>
    <Field Def="f32 saturation = 1">
      <DisplayName>彩度</DisplayName>
      <Description>彩度</Description>
      <EditFlags>None</EditFlags>
      <Minimum>-5</Minimum>
      <Maximum>5</Maximum>
    </Field>
    <Field Def="f32 hue">
      <DisplayName>色相</DisplayName>
      <Description>色相</Description>
      <Minimum>0</Minimum>
      <Maximum>360</Maximum>
      <Increment>1</Increment>
    </Field>
  </Fields>
</PARAMDEF>