﻿<?xml version="1.0" encoding="utf-8"?>
<PARAMDEF XmlVersion="1">
  <ParamType>ENV_LIGHT_TEX_BANK</ParamType>
  <DataVersion>1</DataVersion>
  <BigEndian>True</BigEndian>
  <Unicode>False</Unicode>
  <FormatVersion>102</FormatVersion>
  <Fields>
    <Field Def="s8 isUse">
      <DisplayName>使用するか</DisplayName>
      <Description>0:しない, 1:する</Description>
      <EditFlags>None</EditFlags>
      <Minimum>0</Minimum>
      <Maximum>1</Maximum>
    </Field>
    <Field Def="s8 autoUpdate">
      <DisplayName>自動更新するか</DisplayName>
      <Description>0:しない, 1:する</Description>
      <EditFlags>None</EditFlags>
      <Minimum>0</Minimum>
      <Maximum>1</Maximum>
    </Field>
    <Field Def="dummy8 pad_0[12]">
      <DisplayName>パディング</DisplayName>
      <Description>ダミー</Description>
      <DisplayFormat>%d</DisplayFormat>
    </Field>
    <Field Def="s16 invMulCol = 100">
      <DisplayName>RGB逆倍率[％]</DisplayName>
      <Description>全ての光源色にこの値の逆数を掛けます</Description>
      <EditFlags>None</EditFlags>
      <Minimum>1</Minimum>
      <Maximum>10000</Maximum>
    </Field>
    <Field Def="s16 resNameId_Dif0">
      <DisplayName>リソース名ID</DisplayName>
      <Description>[DIF0] テクスチャファイル名のID(-1:なし)</Description>
      <EditFlags>Lock</EditFlags>
      <Minimum>-1</Minimum>
      <Maximum>999</Maximum>
    </Field>
    <Field Def="s16 invMulCol_Dif0 = 100">
      <DisplayName>RGB逆倍率[％]</DisplayName>
      <Description>[DIF0] 光源色にこの値の逆数を掛けます</Description>
      <EditFlags>None</EditFlags>
      <Minimum>1</Minimum>
      <Maximum>10000</Maximum>
    </Field>
    <Field Def="f32 sepcPow_Dif0 = 1">
      <DisplayName>スペキュラ次数</DisplayName>
      <Description>[DIF0] スペキュラ次数</Description>
      <EditFlags>None</EditFlags>
      <Minimum>0</Minimum>
      <Maximum>100</Maximum>
    </Field>
    <Field Def="dummy8 pad_Dif0[8]">
      <DisplayName>パディング</DisplayName>
      <Description>[DIF0]  ダミー</Description>
      <DisplayFormat>%d</DisplayFormat>
    </Field>
    <Field Def="s16 resNameId_Spc0">
      <DisplayName>リソース名ID</DisplayName>
      <Description>[SPC0] テクスチャファイル名のID(-1:なし)</Description>
      <EditFlags>Lock</EditFlags>
      <Minimum>-1</Minimum>
      <Maximum>999</Maximum>
    </Field>
    <Field Def="s16 invMulCol_Spc0 = 100">
      <DisplayName>RGB逆倍率[％]</DisplayName>
      <Description>[SPC0] 光源色にこの値の逆数を掛けます</Description>
      <EditFlags>None</EditFlags>
      <Minimum>1</Minimum>
      <Maximum>10000</Maximum>
    </Field>
    <Field Def="f32 sepcPow_Spc0 = 1">
      <DisplayName>スペキュラ次数</DisplayName>
      <Description>[SPC0] スペキュラ次数</Description>
      <EditFlags>None</EditFlags>
      <Minimum>0</Minimum>
      <Maximum>100</Maximum>
    </Field>
    <Field Def="dummy8 pad_Spc0[8]">
      <DisplayName>パディング</DisplayName>
      <Description>[SPC0]  ダミー</Description>
      <DisplayFormat>%d</DisplayFormat>
    </Field>
    <Field Def="s16 resNameId_Spc1 = 1">
      <DisplayName>リソース名ID</DisplayName>
      <Description>[SPC1] テクスチャファイル名のID(-1:なし)</Description>
      <EditFlags>Lock</EditFlags>
      <Minimum>-1</Minimum>
      <Maximum>999</Maximum>
    </Field>
    <Field Def="s16 invMulCol_Spc1 = 100">
      <DisplayName>RGB逆倍率[％]</DisplayName>
      <Description>[SPC1] 光源色にこの値の逆数を掛けます</Description>
      <EditFlags>None</EditFlags>
      <Minimum>1</Minimum>
      <Maximum>10000</Maximum>
    </Field>
    <Field Def="f32 sepcPow_Spc1 = 1">
      <DisplayName>スペキュラ次数</DisplayName>
      <Description>[SPC1] スペキュラ次数</Description>
      <EditFlags>None</EditFlags>
      <Minimum>0</Minimum>
      <Maximum>100</Maximum>
    </Field>
    <Field Def="dummy8 pad_Spc1[8]">
      <DisplayName>パディング</DisplayName>
      <Description>[SPC1]  ダミー</Description>
      <DisplayFormat>%d</DisplayFormat>
    </Field>
    <Field Def="s16 resNameId_Spc2 = 2">
      <DisplayName>リソース名ID</DisplayName>
      <Description>[SPC2] テクスチャファイル名のID(-1:なし)</Description>
      <EditFlags>Lock</EditFlags>
      <Minimum>-1</Minimum>
      <Maximum>999</Maximum>
    </Field>
    <Field Def="s16 invMulCol_Spc2 = 100">
      <DisplayName>RGB逆倍率[％]</DisplayName>
      <Description>[SPC2] 光源色にこの値の逆数を掛けます</Description>
      <EditFlags>None</EditFlags>
      <Minimum>1</Minimum>
      <Maximum>10000</Maximum>
    </Field>
    <Field Def="f32 sepcPow_Spc2 = 1">
      <DisplayName>スペキュラ次数</DisplayName>
      <Description>[SPC2] スペキュラ次数</Description>
      <EditFlags>None</EditFlags>
      <Minimum>0</Minimum>
      <Maximum>100</Maximum>
    </Field>
    <Field Def="dummy8 pad_Spc2[8]">
      <DisplayName>パディング</DisplayName>
      <Description>[SPC2]  ダミー</Description>
      <DisplayFormat>%d</DisplayFormat>
    </Field>
    <Field Def="s16 resNameId_Spc3 = 3">
      <DisplayName>リソース名ID</DisplayName>
      <Description>[SPC3] テクスチャファイル名のID(-1:なし)</Description>
      <EditFlags>Lock</EditFlags>
      <Minimum>-1</Minimum>
      <Maximum>999</Maximum>
    </Field>
    <Field Def="s16 invMulCol_Spc3 = 100">
      <DisplayName>RGB逆倍率[％]</DisplayName>
      <Description>[SPC3] 光源色にこの値の逆数を掛けます</Description>
      <EditFlags>None</EditFlags>
      <Minimum>1</Minimum>
      <Maximum>10000</Maximum>
    </Field>
    <Field Def="f32 sepcPow_Spc3 = 1">
      <DisplayName>スペキュラ次数</DisplayName>
      <Description>[SPC3] スペキュラ次数</Description>
      <EditFlags>None</EditFlags>
      <Minimum>0</Minimum>
      <Maximum>100</Maximum>
    </Field>
    <Field Def="dummy8 pad_Spc3[8]">
      <DisplayName>パディング</DisplayName>
      <Description>[SPC3]  ダミー</Description>
      <DisplayFormat>%d</DisplayFormat>
    </Field>
    <Field Def="s16 degRotX_00">
      <DisplayName>X角度</DisplayName>
      <Description>平行光源：００</Description>
      <EditFlags>None</EditFlags>
      <Minimum>-90</Minimum>
      <Maximum>90</Maximum>
    </Field>
    <Field Def="s16 degRotY_00">
      <DisplayName>Ｙ角度</DisplayName>
      <Description>平行光源：００</Description>
      <EditFlags>None</EditFlags>
      <Minimum>-180</Minimum>
      <Maximum>180</Maximum>
    </Field>
    <Field Def="s16 colR_00 = 255">
      <DisplayName>Ｒ</DisplayName>
      <Description>平行光源：００</Description>
      <EditFlags>None</EditFlags>
      <Minimum>0</Minimum>
      <Maximum>255</Maximum>
    </Field>
    <Field Def="s16 colG_00 = 255">
      <DisplayName>Ｇ</DisplayName>
      <Description>平行光源：００</Description>
      <EditFlags>None</EditFlags>
      <Minimum>0</Minimum>
      <Maximum>255</Maximum>
    </Field>
    <Field Def="s16 colB_00 = 255">
      <DisplayName>Ｂ</DisplayName>
      <Description>平行光源：００</Description>
      <EditFlags>None</EditFlags>
      <Minimum>0</Minimum>
      <Maximum>255</Maximum>
    </Field>
    <Field Def="s16 colA_00 = 100">
      <DisplayName>RGB倍率[％]</DisplayName>
      <Description>平行光源：００ (0:未使用)</Description>
      <EditFlags>None</EditFlags>
      <Minimum>0</Minimum>
      <Maximum>10000</Maximum>
    </Field>
    <Field Def="dummy8 pad_00[4]">
      <DisplayName>パディング</DisplayName>
      <Description>平行光源：００</Description>
      <DisplayFormat>%d</DisplayFormat>
    </Field>
    <Field Def="s16 degRotX_01">
      <DisplayName>X角度</DisplayName>
      <Description>平行光源：０１</Description>
      <EditFlags>None</EditFlags>
      <Minimum>-90</Minimum>
      <Maximum>90</Maximum>
    </Field>
    <Field Def="s16 degRotY_01">
      <DisplayName>Ｙ角度</DisplayName>
      <Description>平行光源：０１</Description>
      <EditFlags>None</EditFlags>
      <Minimum>-180</Minimum>
      <Maximum>180</Maximum>
    </Field>
    <Field Def="s16 colR_01 = 255">
      <DisplayName>Ｒ</DisplayName>
      <Description>平行光源：０１</Description>
      <EditFlags>None</EditFlags>
      <Minimum>0</Minimum>
      <Maximum>255</Maximum>
    </Field>
    <Field Def="s16 colG_01 = 255">
      <DisplayName>Ｇ</DisplayName>
      <Description>平行光源：０１</Description>
      <EditFlags>None</EditFlags>
      <Minimum>0</Minimum>
      <Maximum>255</Maximum>
    </Field>
    <Field Def="s16 colB_01 = 255">
      <DisplayName>Ｂ</DisplayName>
      <Description>平行光源：０１</Description>
      <EditFlags>None</EditFlags>
      <Minimum>0</Minimum>
      <Maximum>255</Maximum>
    </Field>
    <Field Def="s16 colA_01">
      <DisplayName>RGB倍率[％]</DisplayName>
      <Description>平行光源：０１ (0:未使用)</Description>
      <EditFlags>None</EditFlags>
      <Minimum>0</Minimum>
      <Maximum>10000</Maximum>
    </Field>
    <Field Def="dummy8 pad_01[4]">
      <DisplayName>パディング</DisplayName>
      <Description>平行光源：０１</Description>
      <DisplayFormat>%d</DisplayFormat>
    </Field>
    <Field Def="s16 degRotX_02">
      <DisplayName>X角度</DisplayName>
      <Description>平行光源：０２</Description>
      <EditFlags>None</EditFlags>
      <Minimum>-90</Minimum>
      <Maximum>90</Maximum>
    </Field>
    <Field Def="s16 degRotY_02">
      <DisplayName>Ｙ角度</DisplayName>
      <Description>平行光源：０２</Description>
      <EditFlags>None</EditFlags>
      <Minimum>-180</Minimum>
      <Maximum>180</Maximum>
    </Field>
    <Field Def="s16 colR_02 = 255">
      <DisplayName>Ｒ</DisplayName>
      <Description>平行光源：０２</Description>
      <EditFlags>None</EditFlags>
      <Minimum>0</Minimum>
      <Maximum>255</Maximum>
    </Field>
    <Field Def="s16 colG_02 = 255">
      <DisplayName>Ｇ</DisplayName>
      <Description>平行光源：０２</Description>
      <EditFlags>None</EditFlags>
      <Minimum>0</Minimum>
      <Maximum>255</Maximum>
    </Field>
    <Field Def="s16 colB_02 = 255">
      <DisplayName>Ｂ</DisplayName>
      <Description>平行光源：０２</Description>
      <EditFlags>None</EditFlags>
      <Minimum>0</Minimum>
      <Maximum>255</Maximum>
    </Field>
    <Field Def="s16 colA_02">
      <DisplayName>RGB倍率[％]</DisplayName>
      <Description>平行光源：０２ (0:未使用)</Description>
      <EditFlags>None</EditFlags>
      <Minimum>0</Minimum>
      <Maximum>10000</Maximum>
    </Field>
    <Field Def="dummy8 pad_02[4]">
      <DisplayName>パディング</DisplayName>
      <Description>平行光源：０２</Description>
      <DisplayFormat>%d</DisplayFormat>
    </Field>
    <Field Def="s16 degRotX_03">
      <DisplayName>X角度</DisplayName>
      <Description>平行光源：０３</Description>
      <EditFlags>None</EditFlags>
      <Minimum>-90</Minimum>
      <Maximum>90</Maximum>
    </Field>
    <Field Def="s16 degRotY_03">
      <DisplayName>Ｙ角度</DisplayName>
      <Description>平行光源：０３</Description>
      <EditFlags>None</EditFlags>
      <Minimum>-180</Minimum>
      <Maximum>180</Maximum>
    </Field>
    <Field Def="s16 colR_03 = 255">
      <DisplayName>Ｒ</DisplayName>
      <Description>平行光源：０３</Description>
      <EditFlags>None</EditFlags>
      <Minimum>0</Minimum>
      <Maximum>255</Maximum>
    </Field>
    <Field Def="s16 colG_03 = 255">
      <DisplayName>Ｇ</DisplayName>
      <Description>平行光源：０３</Description>
      <EditFlags>None</EditFlags>
      <Minimum>0</Minimum>
      <Maximum>255</Maximum>
    </Field>
    <Field Def="s16 colB_03 = 255">
      <DisplayName>Ｂ</DisplayName>
      <Description>平行光源：０３</Description>
      <EditFlags>None</EditFlags>
      <Minimum>0</Minimum>
      <Maximum>255</Maximum>
    </Field>
    <Field Def="s16 colA_03">
      <DisplayName>RGB倍率[％]</DisplayName>
      <Description>平行光源：０３ (0:未使用)</Description>
      <EditFlags>None</EditFlags>
      <Minimum>0</Minimum>
      <Maximum>10000</Maximum>
    </Field>
    <Field Def="dummy8 pad_03[4]">
      <DisplayName>パディング</DisplayName>
      <Description>平行光源：０３</Description>
      <DisplayFormat>%d</DisplayFormat>
    </Field>
    <Field Def="s16 degRotX_04">
      <DisplayName>X角度</DisplayName>
      <Description>平行光源：０４</Description>
      <EditFlags>None</EditFlags>
      <Minimum>-90</Minimum>
      <Maximum>90</Maximum>
    </Field>
    <Field Def="s16 degRotY_04">
      <DisplayName>Ｙ角度</DisplayName>
      <Description>平行光源：０４</Description>
      <EditFlags>None</EditFlags>
      <Minimum>-180</Minimum>
      <Maximum>180</Maximum>
    </Field>
    <Field Def="s16 colR_04 = 255">
      <DisplayName>Ｒ</DisplayName>
      <Description>平行光源：０４</Description>
      <EditFlags>None</EditFlags>
      <Minimum>0</Minimum>
      <Maximum>255</Maximum>
    </Field>
    <Field Def="s16 colG_04 = 255">
      <DisplayName>Ｇ</DisplayName>
      <Description>平行光源：０４</Description>
      <EditFlags>None</EditFlags>
      <Minimum>0</Minimum>
      <Maximum>255</Maximum>
    </Field>
    <Field Def="s16 colB_04 = 255">
      <DisplayName>Ｂ</DisplayName>
      <Description>平行光源：０４</Description>
      <EditFlags>None</EditFlags>
      <Minimum>0</Minimum>
      <Maximum>255</Maximum>
    </Field>
    <Field Def="s16 colA_04">
      <DisplayName>RGB倍率[％]</DisplayName>
      <Description>平行光源：０４ (0:未使用)</Description>
      <EditFlags>None</EditFlags>
      <Minimum>0</Minimum>
      <Maximum>10000</Maximum>
    </Field>
    <Field Def="dummy8 pad_04[4]">
      <DisplayName>パディング</DisplayName>
      <Description>平行光源：０４</Description>
      <DisplayFormat>%d</DisplayFormat>
    </Field>
    <Field Def="s16 degRotX_05">
      <DisplayName>X角度</DisplayName>
      <Description>平行光源：０５</Description>
      <EditFlags>None</EditFlags>
      <Minimum>-90</Minimum>
      <Maximum>90</Maximum>
    </Field>
    <Field Def="s16 degRotY_05">
      <DisplayName>Ｙ角度</DisplayName>
      <Description>平行光源：０５</Description>
      <EditFlags>None</EditFlags>
      <Minimum>-180</Minimum>
      <Maximum>180</Maximum>
    </Field>
    <Field Def="s16 colR_05 = 255">
      <DisplayName>Ｒ</DisplayName>
      <Description>平行光源：０５</Description>
      <EditFlags>None</EditFlags>
      <Minimum>0</Minimum>
      <Maximum>255</Maximum>
    </Field>
    <Field Def="s16 colG_05 = 255">
      <DisplayName>Ｇ</DisplayName>
      <Description>平行光源：０５</Description>
      <EditFlags>None</EditFlags>
      <Minimum>0</Minimum>
      <Maximum>255</Maximum>
    </Field>
    <Field Def="s16 colB_05 = 255">
      <DisplayName>Ｂ</DisplayName>
      <Description>平行光源：０５</Description>
      <EditFlags>None</EditFlags>
      <Minimum>0</Minimum>
      <Maximum>255</Maximum>
    </Field>
    <Field Def="s16 colA_05">
      <DisplayName>RGB倍率[％]</DisplayName>
      <Description>平行光源：０５ (0:未使用)</Description>
      <EditFlags>None</EditFlags>
      <Minimum>0</Minimum>
      <Maximum>10000</Maximum>
    </Field>
    <Field Def="dummy8 pad_05[4]">
      <DisplayName>パディング</DisplayName>
      <Description>平行光源：０５</Description>
      <DisplayFormat>%d</DisplayFormat>
    </Field>
    <Field Def="s16 degRotX_06">
      <DisplayName>X角度</DisplayName>
      <Description>平行光源：０６</Description>
      <EditFlags>None</EditFlags>
      <Minimum>-90</Minimum>
      <Maximum>90</Maximum>
    </Field>
    <Field Def="s16 degRotY_06">
      <DisplayName>Ｙ角度</DisplayName>
      <Description>平行光源：０６</Description>
      <EditFlags>None</EditFlags>
      <Minimum>-180</Minimum>
      <Maximum>180</Maximum>
    </Field>
    <Field Def="s16 colR_06 = 255">
      <DisplayName>Ｒ</DisplayName>
      <Description>平行光源：０６</Description>
      <EditFlags>None</EditFlags>
      <Minimum>0</Minimum>
      <Maximum>255</Maximum>
    </Field>
    <Field Def="s16 colG_06 = 255">
      <DisplayName>Ｇ</DisplayName>
      <Description>平行光源：０６</Description>
      <EditFlags>None</EditFlags>
      <Minimum>0</Minimum>
      <Maximum>255</Maximum>
    </Field>
    <Field Def="s16 colB_06 = 255">
      <DisplayName>Ｂ</DisplayName>
      <Description>平行光源：０６</Description>
      <EditFlags>None</EditFlags>
      <Minimum>0</Minimum>
      <Maximum>255</Maximum>
    </Field>
    <Field Def="s16 colA_06">
      <DisplayName>RGB倍率[％]</DisplayName>
      <Description>平行光源：０６ (0:未使用)</Description>
      <EditFlags>None</EditFlags>
      <Minimum>0</Minimum>
      <Maximum>10000</Maximum>
    </Field>
    <Field Def="dummy8 pad_06[4]">
      <DisplayName>パディング</DisplayName>
      <Description>平行光源：０６</Description>
      <DisplayFormat>%d</DisplayFormat>
    </Field>
    <Field Def="s16 degRotX_07">
      <DisplayName>X角度</DisplayName>
      <Description>平行光源：０７</Description>
      <EditFlags>None</EditFlags>
      <Minimum>-90</Minimum>
      <Maximum>90</Maximum>
    </Field>
    <Field Def="s16 degRotY_07">
      <DisplayName>Ｙ角度</DisplayName>
      <Description>平行光源：０７</Description>
      <EditFlags>None</EditFlags>
      <Minimum>-180</Minimum>
      <Maximum>180</Maximum>
    </Field>
    <Field Def="s16 colR_07 = 255">
      <DisplayName>Ｒ</DisplayName>
      <Description>平行光源：０７</Description>
      <EditFlags>None</EditFlags>
      <Minimum>0</Minimum>
      <Maximum>255</Maximum>
    </Field>
    <Field Def="s16 colG_07 = 255">
      <DisplayName>Ｇ</DisplayName>
      <Description>平行光源：０７</Description>
      <EditFlags>None</EditFlags>
      <Minimum>0</Minimum>
      <Maximum>255</Maximum>
    </Field>
    <Field Def="s16 colB_07 = 255">
      <DisplayName>Ｂ</DisplayName>
      <Description>平行光源：０７</Description>
      <EditFlags>None</EditFlags>
      <Minimum>0</Minimum>
      <Maximum>255</Maximum>
    </Field>
    <Field Def="s16 colA_07">
      <DisplayName>RGB倍率[％]</DisplayName>
      <Description>平行光源：０７ (0:未使用)</Description>
      <EditFlags>None</EditFlags>
      <Minimum>0</Minimum>
      <Maximum>10000</Maximum>
    </Field>
    <Field Def="dummy8 pad_07[4]">
      <DisplayName>パディング</DisplayName>
      <Description>平行光源：０７</Description>
      <DisplayFormat>%d</DisplayFormat>
    </Field>
    <Field Def="s16 degRotX_08">
      <DisplayName>X角度</DisplayName>
      <Description>平行光源：０８</Description>
      <EditFlags>None</EditFlags>
      <Minimum>-90</Minimum>
      <Maximum>90</Maximum>
    </Field>
    <Field Def="s16 degRotY_08">
      <DisplayName>Ｙ角度</DisplayName>
      <Description>平行光源：０８</Description>
      <EditFlags>None</EditFlags>
      <Minimum>-180</Minimum>
      <Maximum>180</Maximum>
    </Field>
    <Field Def="s16 colR_08 = 255">
      <DisplayName>Ｒ</DisplayName>
      <Description>平行光源：０８</Description>
      <EditFlags>None</EditFlags>
      <Minimum>0</Minimum>
      <Maximum>255</Maximum>
    </Field>
    <Field Def="s16 colG_08 = 255">
      <DisplayName>Ｇ</DisplayName>
      <Description>平行光源：０８</Description>
      <EditFlags>None</EditFlags>
      <Minimum>0</Minimum>
      <Maximum>255</Maximum>
    </Field>
    <Field Def="s16 colB_08 = 255">
      <DisplayName>Ｂ</DisplayName>
      <Description>平行光源：０８</Description>
      <EditFlags>None</EditFlags>
      <Minimum>0</Minimum>
      <Maximum>255</Maximum>
    </Field>
    <Field Def="s16 colA_08">
      <DisplayName>RGB倍率[％]</DisplayName>
      <Description>平行光源：０８ (0:未使用)</Description>
      <EditFlags>None</EditFlags>
      <Minimum>0</Minimum>
      <Maximum>10000</Maximum>
    </Field>
    <Field Def="dummy8 pad_08[4]">
      <DisplayName>パディング</DisplayName>
      <Description>平行光源：０８</Description>
      <DisplayFormat>%d</DisplayFormat>
    </Field>
    <Field Def="s16 degRotX_09">
      <DisplayName>X角度</DisplayName>
      <Description>平行光源：０９</Description>
      <EditFlags>None</EditFlags>
      <Minimum>-90</Minimum>
      <Maximum>90</Maximum>
    </Field>
    <Field Def="s16 degRotY_09">
      <DisplayName>Ｙ角度</DisplayName>
      <Description>平行光源：０９</Description>
      <EditFlags>None</EditFlags>
      <Minimum>-180</Minimum>
      <Maximum>180</Maximum>
    </Field>
    <Field Def="s16 colR_09 = 255">
      <DisplayName>Ｒ</DisplayName>
      <Description>平行光源：０９</Description>
      <EditFlags>None</EditFlags>
      <Minimum>0</Minimum>
      <Maximum>255</Maximum>
    </Field>
    <Field Def="s16 colG_09 = 255">
      <DisplayName>Ｇ</DisplayName>
      <Description>平行光源：０９</Description>
      <EditFlags>None</EditFlags>
      <Minimum>0</Minimum>
      <Maximum>255</Maximum>
    </Field>
    <Field Def="s16 colB_09 = 255">
      <DisplayName>Ｂ</DisplayName>
      <Description>平行光源：０９</Description>
      <EditFlags>None</EditFlags>
      <Minimum>0</Minimum>
      <Maximum>255</Maximum>
    </Field>
    <Field Def="s16 colA_09">
      <DisplayName>RGB倍率[％]</DisplayName>
      <Description>平行光源：０９ (0:未使用)</Description>
      <EditFlags>None</EditFlags>
      <Minimum>0</Minimum>
      <Maximum>10000</Maximum>
    </Field>
    <Field Def="dummy8 pad_09[4]">
      <DisplayName>パディング</DisplayName>
      <Description>平行光源：０９</Description>
      <DisplayFormat>%d</DisplayFormat>
    </Field>
  </Fields>
</PARAMDEF>