﻿<?xml version="1.0" encoding="utf-8"?>
<PARAMDEF XmlVersion="1">
  <ParamType>GAME_AREA_PARAM_ST</ParamType>
  <DataVersion>1</DataVersion>
  <BigEndian>True</BigEndian>
  <Unicode>False</Unicode>
  <FormatVersion>102</FormatVersion>
  <Fields>
    <Field Def="u32 bonuｓSoul_single">
      <DisplayName>シングル時クリアボーナスソウル量</DisplayName>
      <Description>エリアボスを倒したときに取得できるソウル量(シングルプレイ時)</Description>
      <Maximum>1E+08</Maximum>
    </Field>
    <Field Def="u32 bonusSoul_multi">
      <DisplayName>マルチプレイ時クリアボーナスソウル量</DisplayName>
      <Description>エリアボスを倒したときに取得できるソウル量(マルチプレイ時)</Description>
      <Maximum>1E+08</Maximum>
    </Field>
    <Field Def="dummy8 pad[16]">
      <DisplayName>パディング</DisplayName>
    </Field>
  </Fields>
</PARAMDEF>