﻿<?xml version="1.0" encoding="utf-8"?>
<PARAMDEF XmlVersion="1">
  <ParamType>LENS_FLARE_BANK</ParamType>
  <DataVersion>1</DataVersion>
  <BigEndian>True</BigEndian>
  <Unicode>False</Unicode>
  <FormatVersion>102</FormatVersion>
  <Fields>
    <Field Def="s8 texId = -1">
      <DisplayName>テクスチャID</DisplayName>
      <Description>テクスチャ(lensflare_??)</Description>
      <EditFlags>None</EditFlags>
      <Minimum>-1</Minimum>
      <Maximum>99</Maximum>
    </Field>
    <Field Def="u8 isFlare">
      <DisplayName>フレアか</DisplayName>
      <Description>0:ゴースト, 1:フレア</Description>
      <Maximum>1</Maximum>
    </Field>
    <Field Def="u8 enableRoll">
      <DisplayName>回転有効</DisplayName>
      <Description>0:無効, 1:有効</Description>
      <Maximum>1</Maximum>
    </Field>
    <Field Def="u8 enableScale">
      <DisplayName>スケール有効</DisplayName>
      <Description>0:無効, 1:有効</Description>
      <Maximum>1</Maximum>
    </Field>
    <Field Def="s32 dummy1">
      <DisplayName>ダミー</DisplayName>
      <Description>ダミー</Description>
      <EditFlags>None</EditFlags>
      <Minimum>0</Minimum>
      <Maximum>0</Maximum>
      <Increment>0</Increment>
    </Field>
    <Field Def="f32 locateDistRate">
      <DisplayName>配置距離率</DisplayName>
      <Description>0.0:光源位置～1.0:画面中心</Description>
      <EditFlags>None</EditFlags>
      <Minimum>-10</Minimum>
      <Maximum>10</Maximum>
    </Field>
    <Field Def="f32 texScale = 1">
      <DisplayName>テクスチャスケール</DisplayName>
      <Description>テクスチャのスケール</Description>
      <EditFlags>None</EditFlags>
      <Minimum>0</Minimum>
      <Maximum>100</Maximum>
      <Increment>0.1</Increment>
    </Field>
    <Field Def="s32 colR = 255">
      <DisplayName>Ｒ</DisplayName>
      <Description>テクスチャ乗算色</Description>
      <EditFlags>None</EditFlags>
      <Minimum>0</Minimum>
      <Maximum>255</Maximum>
    </Field>
    <Field Def="s32 colG = 255">
      <DisplayName>Ｇ</DisplayName>
      <Description>テクスチャ乗算色</Description>
      <EditFlags>None</EditFlags>
      <Minimum>0</Minimum>
      <Maximum>255</Maximum>
    </Field>
    <Field Def="s32 colB = 255">
      <DisplayName>Ｂ</DisplayName>
      <Description>テクスチャ乗算色</Description>
      <EditFlags>None</EditFlags>
      <Minimum>0</Minimum>
      <Maximum>255</Maximum>
    </Field>
    <Field Def="s32 colA = 255">
      <DisplayName>Ａ</DisplayName>
      <Description>テクスチャ乗算色</Description>
      <EditFlags>None</EditFlags>
      <Minimum>0</Minimum>
      <Maximum>255</Maximum>
    </Field>
  </Fields>
</PARAMDEF>