﻿<?xml version="1.0" encoding="utf-8"?>
<PARAMDEF XmlVersion="1">
  <ParamType>SKELETON_PARAM_ST</ParamType>
  <DataVersion>1</DataVersion>
  <BigEndian>True</BigEndian>
  <Unicode>False</Unicode>
  <FormatVersion>102</FormatVersion>
  <Fields>
    <Field Def="s8 neckTurnPriority">
      <DisplayName>首振り優先度</DisplayName>
      <Description>低いほど先に回る。-1で首振りしない</Description>
      <Minimum>-1</Minimum>
    </Field>
    <Field Def="u8 neckTurnMaxAngle">
      <DisplayName>首振り最大角度</DisplayName>
      <Description>この関節の最大旋回角度。この角度以上はまがらない</Description>
      <Maximum>180</Maximum>
    </Field>
    <Field Def="dummy8 pad1[2]">
      <DisplayName>パディング1</DisplayName>
    </Field>
    <Field Def="f32 neckTurnGain">
      <DisplayName>ゲイン</DisplayName>
      <Description>首振りゲイン。高いほど早く回る</Description>
      <Minimum>0</Minimum>
      <Maximum>1</Maximum>
    </Field>
    <Field Def="dummy8 pad[8]">
      <DisplayName>パディング2</DisplayName>
      <Description>パディング</Description>
      <DisplayFormat>%d</DisplayFormat>
      <EditFlags>Wrap</EditFlags>
      <Maximum>1</Maximum>
      <Increment>1</Increment>
    </Field>
  </Fields>
</PARAMDEF>