﻿<?xml version="1.0" encoding="utf-8"?>
<PARAMDEF XmlVersion="1">
  <ParamType>CHARMAKEMENUTOP_PARAM_ST</ParamType>
  <DataVersion>2</DataVersion>
  <BigEndian>False</BigEndian>
  <Unicode>True</Unicode>
  <FormatVersion>201</FormatVersion>
  <Fields>
    <Field Def="s32 CommandID">
      <DisplayName>項目タイプ</DisplayName>
      <Enum>CHARMAKEMENU_CMD_TYPE</Enum>
      <Minimum>-1</Minimum>
      <Maximum>1E+09</Maximum>
      <SortID>1</SortID>
    </Field>
    <Field Def="s32 CaptionID">
      <DisplayName>項目テキストID</DisplayName>
      <Minimum>-1</Minimum>
      <Maximum>1E+09</Maximum>
      <SortID>2</SortID>
    </Field>
    <Field Def="s32 FaceParamID">
      <DisplayName>顔パラムID</DisplayName>
      <Enum>FACE_PARAM</Enum>
      <Minimum>-1</Minimum>
      <Maximum>1E+09</Maximum>
      <SortID>3</SortID>
    </Field>
    <Field Def="s32 TableID">
      <DisplayName>テーブルID</DisplayName>
      <Description>タイプが「グリッド」の時は先頭リストアイテムのID、「カラー」の時はカラーパレット先頭のID</Description>
      <Minimum>-1</Minimum>
      <Maximum>1E+09</Maximum>
      <SortID>4</SortID>
    </Field>
    <Field Def="s32 ViewCondition">
      <DisplayName>表示条件</DisplayName>
      <Enum>CHARMAKEMENU_VIEW_CONDITION</Enum>
      <Minimum>-1</Minimum>
      <Maximum>1E+09</Maximum>
      <SortID>5</SortID>
    </Field>
    <Field Def="s8 PreviewMode">
      <DisplayName>プレビューモード</DisplayName>
      <Enum>CHARMAKEMENU_PREVIEW_MODE</Enum>
      <Minimum>-1</Minimum>
      <SortID>6</SortID>
    </Field>
    <Field Def="dummy8 reserved[11]">
      <DisplayName>予約</DisplayName>
      <DisplayFormat>%d</DisplayFormat>
      <EditFlags>Wrap</EditFlags>
      <Minimum>-1</Minimum>
      <Maximum>1E+09</Maximum>
      <Increment>1</Increment>
      <SortID>7</SortID>
    </Field>
  </Fields>
</PARAMDEF>