﻿<?xml version="1.0" encoding="utf-8"?>
<PARAMDEF XmlVersion="1">
  <ParamType>FACE_GEN_PARAM_ST</ParamType>
  <DataVersion>4</DataVersion>
  <BigEndian>False</BigEndian>
  <Unicode>True</Unicode>
  <FormatVersion>201</FormatVersion>
  <Fields>
    <Field Def="u8 faceGeoData00">
      <DisplayName>顔作成ジオメトリデータ00</DisplayName>
      <Description>顔作成ジオメトリデータ00</Description>
      <SortID>1</SortID>
    </Field>
    <Field Def="u8 faceGeoData01">
      <DisplayName>顔作成ジオメトリデータ01</DisplayName>
      <Description>顔作成ジオメトリデータ01</Description>
      <SortID>2</SortID>
    </Field>
    <Field Def="u8 faceGeoData02">
      <DisplayName>顔作成ジオメトリデータ02</DisplayName>
      <Description>顔作成ジオメトリデータ02</Description>
      <SortID>3</SortID>
    </Field>
    <Field Def="u8 faceGeoData03">
      <DisplayName>顔作成ジオメトリデータ03</DisplayName>
      <Description>顔作成ジオメトリデータ03</Description>
      <SortID>4</SortID>
    </Field>
    <Field Def="u8 faceGeoData04">
      <DisplayName>顔作成ジオメトリデータ04</DisplayName>
      <Description>顔作成ジオメトリデータ04</Description>
      <SortID>5</SortID>
    </Field>
    <Field Def="u8 faceGeoData05">
      <DisplayName>顔作成ジオメトリデータ05</DisplayName>
      <Description>顔作成ジオメトリデータ05</Description>
      <SortID>6</SortID>
    </Field>
    <Field Def="u8 faceGeoData06">
      <DisplayName>顔作成ジオメトリデータ06</DisplayName>
      <Description>顔作成ジオメトリデータ06</Description>
      <SortID>7</SortID>
    </Field>
    <Field Def="u8 faceGeoData07">
      <DisplayName>顔作成ジオメトリデータ07</DisplayName>
      <Description>顔作成ジオメトリデータ07</Description>
      <SortID>8</SortID>
    </Field>
    <Field Def="u8 faceGeoData08">
      <DisplayName>顔作成ジオメトリデータ08</DisplayName>
      <Description>顔作成ジオメトリデータ08</Description>
      <SortID>9</SortID>
    </Field>
    <Field Def="u8 faceGeoData09">
      <DisplayName>顔作成ジオメトリデータ09</DisplayName>
      <Description>顔作成ジオメトリデータ09</Description>
      <SortID>10</SortID>
    </Field>
    <Field Def="u8 faceGeoData10">
      <DisplayName>顔作成ジオメトリデータ10</DisplayName>
      <Description>顔作成ジオメトリデータ10</Description>
      <SortID>11</SortID>
    </Field>
    <Field Def="u8 faceGeoData11">
      <DisplayName>顔作成ジオメトリデータ11</DisplayName>
      <Description>顔作成ジオメトリデータ11</Description>
      <SortID>12</SortID>
    </Field>
    <Field Def="u8 faceGeoData12">
      <DisplayName>顔作成ジオメトリデータ12</DisplayName>
      <Description>顔作成ジオメトリデータ12</Description>
      <SortID>13</SortID>
    </Field>
    <Field Def="u8 faceGeoData13">
      <DisplayName>顔作成ジオメトリデータ13</DisplayName>
      <Description>顔作成ジオメトリデータ13</Description>
      <SortID>14</SortID>
    </Field>
    <Field Def="u8 faceGeoData14">
      <DisplayName>顔作成ジオメトリデータ14</DisplayName>
      <Description>顔作成ジオメトリデータ14</Description>
      <SortID>15</SortID>
    </Field>
    <Field Def="u8 faceGeoData15">
      <DisplayName>顔作成ジオメトリデータ15</DisplayName>
      <Description>顔作成ジオメトリデータ15</Description>
      <SortID>16</SortID>
    </Field>
    <Field Def="u8 faceGeoData16">
      <DisplayName>顔作成ジオメトリデータ16</DisplayName>
      <Description>顔作成ジオメトリデータ16</Description>
      <SortID>17</SortID>
    </Field>
    <Field Def="u8 faceGeoData17">
      <DisplayName>顔作成ジオメトリデータ17</DisplayName>
      <Description>顔作成ジオメトリデータ17</Description>
      <SortID>18</SortID>
    </Field>
    <Field Def="u8 faceGeoData18">
      <DisplayName>顔作成ジオメトリデータ18</DisplayName>
      <Description>顔作成ジオメトリデータ18</Description>
      <SortID>19</SortID>
    </Field>
    <Field Def="u8 faceGeoData19">
      <DisplayName>顔作成ジオメトリデータ19</DisplayName>
      <Description>顔作成ジオメトリデータ19</Description>
      <SortID>20</SortID>
    </Field>
    <Field Def="u8 faceGeoData20">
      <DisplayName>顔作成ジオメトリデータ20</DisplayName>
      <Description>顔作成ジオメトリデータ20</Description>
      <SortID>21</SortID>
    </Field>
    <Field Def="u8 faceGeoData21">
      <DisplayName>顔作成ジオメトリデータ21</DisplayName>
      <Description>顔作成ジオメトリデータ21</Description>
      <SortID>22</SortID>
    </Field>
    <Field Def="u8 faceGeoData22">
      <DisplayName>顔作成ジオメトリデータ22</DisplayName>
      <Description>顔作成ジオメトリデータ22</Description>
      <SortID>23</SortID>
    </Field>
    <Field Def="u8 faceGeoData23">
      <DisplayName>顔作成ジオメトリデータ23</DisplayName>
      <Description>顔作成ジオメトリデータ23</Description>
      <SortID>24</SortID>
    </Field>
    <Field Def="u8 faceGeoData24">
      <DisplayName>顔作成ジオメトリデータ24</DisplayName>
      <Description>顔作成ジオメトリデータ24</Description>
      <SortID>25</SortID>
    </Field>
    <Field Def="u8 faceGeoData25">
      <DisplayName>顔作成ジオメトリデータ25</DisplayName>
      <Description>顔作成ジオメトリデータ25</Description>
      <SortID>26</SortID>
    </Field>
    <Field Def="u8 faceGeoData26">
      <DisplayName>顔作成ジオメトリデータ26</DisplayName>
      <Description>顔作成ジオメトリデータ26</Description>
      <SortID>27</SortID>
    </Field>
    <Field Def="u8 faceGeoData27">
      <DisplayName>顔作成ジオメトリデータ27</DisplayName>
      <Description>顔作成ジオメトリデータ27</Description>
      <SortID>28</SortID>
    </Field>
    <Field Def="u8 faceGeoData28">
      <DisplayName>顔作成ジオメトリデータ28</DisplayName>
      <Description>顔作成ジオメトリデータ28</Description>
      <SortID>29</SortID>
    </Field>
    <Field Def="u8 faceGeoData29">
      <DisplayName>顔作成ジオメトリデータ29</DisplayName>
      <Description>顔作成ジオメトリデータ29</Description>
      <SortID>30</SortID>
    </Field>
    <Field Def="u8 faceGeoData30">
      <DisplayName>顔作成ジオメトリデータ30</DisplayName>
      <Description>顔作成ジオメトリデータ30</Description>
      <SortID>31</SortID>
    </Field>
    <Field Def="u8 faceGeoData31">
      <DisplayName>顔作成ジオメトリデータ31</DisplayName>
      <Description>顔作成ジオメトリデータ31</Description>
      <SortID>32</SortID>
    </Field>
    <Field Def="u8 faceGeoData32">
      <DisplayName>顔作成ジオメトリデータ32</DisplayName>
      <Description>顔作成ジオメトリデータ32</Description>
      <SortID>33</SortID>
    </Field>
    <Field Def="u8 faceGeoData33">
      <DisplayName>顔作成ジオメトリデータ33</DisplayName>
      <Description>顔作成ジオメトリデータ33</Description>
      <SortID>34</SortID>
    </Field>
    <Field Def="u8 faceGeoData34">
      <DisplayName>顔作成ジオメトリデータ34</DisplayName>
      <Description>顔作成ジオメトリデータ34</Description>
      <SortID>35</SortID>
    </Field>
    <Field Def="u8 faceGeoData35">
      <DisplayName>顔作成ジオメトリデータ35</DisplayName>
      <Description>顔作成ジオメトリデータ35</Description>
      <SortID>36</SortID>
    </Field>
    <Field Def="u8 faceGeoData36">
      <DisplayName>顔作成ジオメトリデータ36</DisplayName>
      <Description>顔作成ジオメトリデータ36</Description>
      <SortID>37</SortID>
    </Field>
    <Field Def="u8 faceGeoData37">
      <DisplayName>顔作成ジオメトリデータ37</DisplayName>
      <Description>顔作成ジオメトリデータ37</Description>
      <SortID>38</SortID>
    </Field>
    <Field Def="u8 faceGeoData38">
      <DisplayName>顔作成ジオメトリデータ38</DisplayName>
      <Description>顔作成ジオメトリデータ38</Description>
      <SortID>39</SortID>
    </Field>
    <Field Def="u8 faceGeoData39">
      <DisplayName>顔作成ジオメトリデータ39</DisplayName>
      <Description>顔作成ジオメトリデータ39</Description>
      <SortID>40</SortID>
    </Field>
    <Field Def="u8 faceGeoData40">
      <DisplayName>顔作成ジオメトリデータ40</DisplayName>
      <Description>顔作成ジオメトリデータ40</Description>
      <SortID>41</SortID>
    </Field>
    <Field Def="u8 faceGeoData41">
      <DisplayName>顔作成ジオメトリデータ41</DisplayName>
      <Description>顔作成ジオメトリデータ41</Description>
      <SortID>42</SortID>
    </Field>
    <Field Def="u8 faceGeoData42">
      <DisplayName>顔作成ジオメトリデータ42</DisplayName>
      <Description>顔作成ジオメトリデータ42</Description>
      <SortID>43</SortID>
    </Field>
    <Field Def="u8 faceGeoData43">
      <DisplayName>顔作成ジオメトリデータ43</DisplayName>
      <Description>顔作成ジオメトリデータ43</Description>
      <SortID>44</SortID>
    </Field>
    <Field Def="u8 faceGeoData44">
      <DisplayName>顔作成ジオメトリデータ44</DisplayName>
      <Description>顔作成ジオメトリデータ44</Description>
      <SortID>45</SortID>
    </Field>
    <Field Def="u8 faceGeoData45">
      <DisplayName>顔作成ジオメトリデータ45</DisplayName>
      <Description>顔作成ジオメトリデータ45</Description>
      <SortID>46</SortID>
    </Field>
    <Field Def="u8 faceGeoData46">
      <DisplayName>顔作成ジオメトリデータ46</DisplayName>
      <Description>顔作成ジオメトリデータ46</Description>
      <SortID>47</SortID>
    </Field>
    <Field Def="u8 faceGeoData47">
      <DisplayName>顔作成ジオメトリデータ47</DisplayName>
      <Description>顔作成ジオメトリデータ47</Description>
      <SortID>48</SortID>
    </Field>
    <Field Def="u8 faceGeoData48">
      <DisplayName>顔作成ジオメトリデータ48</DisplayName>
      <Description>顔作成ジオメトリデータ48</Description>
      <SortID>49</SortID>
    </Field>
    <Field Def="u8 faceGeoData49">
      <DisplayName>顔作成ジオメトリデータ49</DisplayName>
      <Description>顔作成ジオメトリデータ49</Description>
      <SortID>50</SortID>
    </Field>
    <Field Def="u8 faceTexData00">
      <DisplayName>顔作成テクスチャデータ00</DisplayName>
      <Description>顔作成テクスチャデータ00</Description>
      <SortID>51</SortID>
    </Field>
    <Field Def="u8 faceTexData01">
      <DisplayName>顔作成テクスチャデータ01</DisplayName>
      <Description>顔作成テクスチャデータ01</Description>
      <SortID>52</SortID>
    </Field>
    <Field Def="u8 faceTexData02">
      <DisplayName>顔作成テクスチャデータ02</DisplayName>
      <Description>顔作成テクスチャデータ02</Description>
      <SortID>53</SortID>
    </Field>
    <Field Def="u8 faceTexData03">
      <DisplayName>顔作成テクスチャデータ03</DisplayName>
      <Description>顔作成テクスチャデータ03</Description>
      <SortID>54</SortID>
    </Field>
    <Field Def="u8 faceTexData04">
      <DisplayName>顔作成テクスチャデータ04</DisplayName>
      <Description>顔作成テクスチャデータ04</Description>
      <SortID>55</SortID>
    </Field>
    <Field Def="u8 faceTexData05">
      <DisplayName>顔作成テクスチャデータ05</DisplayName>
      <Description>顔作成テクスチャデータ05</Description>
      <SortID>56</SortID>
    </Field>
    <Field Def="u8 faceTexData06">
      <DisplayName>顔作成テクスチャデータ06</DisplayName>
      <Description>顔作成テクスチャデータ06</Description>
      <SortID>57</SortID>
    </Field>
    <Field Def="u8 faceTexData07">
      <DisplayName>顔作成テクスチャデータ07</DisplayName>
      <Description>顔作成テクスチャデータ07</Description>
      <SortID>58</SortID>
    </Field>
    <Field Def="u8 faceTexData08">
      <DisplayName>顔作成テクスチャデータ08</DisplayName>
      <Description>顔作成テクスチャデータ08</Description>
      <SortID>59</SortID>
    </Field>
    <Field Def="u8 faceTexData09">
      <DisplayName>顔作成テクスチャデータ09</DisplayName>
      <Description>顔作成テクスチャデータ09</Description>
      <SortID>60</SortID>
    </Field>
    <Field Def="u8 faceTexData10">
      <DisplayName>顔作成テクスチャデータ10</DisplayName>
      <Description>顔作成テクスチャデータ10</Description>
      <SortID>61</SortID>
    </Field>
    <Field Def="u8 faceTexData11">
      <DisplayName>顔作成テクスチャデータ11</DisplayName>
      <Description>顔作成テクスチャデータ11</Description>
      <SortID>62</SortID>
    </Field>
    <Field Def="u8 faceTexData12">
      <DisplayName>顔作成テクスチャデータ12</DisplayName>
      <Description>顔作成テクスチャデータ12</Description>
      <SortID>63</SortID>
    </Field>
    <Field Def="u8 faceTexData13">
      <DisplayName>顔作成テクスチャデータ13</DisplayName>
      <Description>顔作成テクスチャデータ13</Description>
      <SortID>64</SortID>
    </Field>
    <Field Def="u8 faceTexData14">
      <DisplayName>顔作成テクスチャデータ14</DisplayName>
      <Description>顔作成テクスチャデータ14</Description>
      <SortID>65</SortID>
    </Field>
    <Field Def="u8 faceTexData15">
      <DisplayName>顔作成テクスチャデータ15</DisplayName>
      <Description>顔作成テクスチャデータ15</Description>
      <SortID>66</SortID>
    </Field>
    <Field Def="u8 faceTexData16">
      <DisplayName>顔作成テクスチャデータ16</DisplayName>
      <Description>顔作成テクスチャデータ16</Description>
      <SortID>67</SortID>
    </Field>
    <Field Def="u8 faceTexData17">
      <DisplayName>顔作成テクスチャデータ17</DisplayName>
      <Description>顔作成テクスチャデータ17</Description>
      <SortID>68</SortID>
    </Field>
    <Field Def="u8 faceTexData18">
      <DisplayName>顔作成テクスチャデータ18</DisplayName>
      <Description>顔作成テクスチャデータ18</Description>
      <SortID>69</SortID>
    </Field>
    <Field Def="u8 faceTexData19">
      <DisplayName>顔作成テクスチャデータ19</DisplayName>
      <Description>顔作成テクスチャデータ19</Description>
      <SortID>70</SortID>
    </Field>
    <Field Def="u8 faceTexData20">
      <DisplayName>顔作成テクスチャデータ20</DisplayName>
      <Description>顔作成テクスチャデータ20</Description>
      <SortID>71</SortID>
    </Field>
    <Field Def="u8 faceTexData21">
      <DisplayName>顔作成テクスチャデータ21</DisplayName>
      <Description>顔作成テクスチャデータ21</Description>
      <SortID>72</SortID>
    </Field>
    <Field Def="u8 faceTexData22">
      <DisplayName>顔作成テクスチャデータ22</DisplayName>
      <Description>顔作成テクスチャデータ22</Description>
      <SortID>73</SortID>
    </Field>
    <Field Def="u8 faceTexData23">
      <DisplayName>顔作成テクスチャデータ23</DisplayName>
      <Description>顔作成テクスチャデータ23</Description>
      <SortID>74</SortID>
    </Field>
    <Field Def="u8 faceTexData24">
      <DisplayName>顔作成テクスチャデータ24</DisplayName>
      <Description>顔作成テクスチャデータ24</Description>
      <SortID>75</SortID>
    </Field>
    <Field Def="u8 faceTexData25">
      <DisplayName>顔作成テクスチャデータ25</DisplayName>
      <Description>顔作成テクスチャデータ25</Description>
      <SortID>76</SortID>
    </Field>
    <Field Def="u8 faceTexData26">
      <DisplayName>顔作成テクスチャデータ26</DisplayName>
      <Description>顔作成テクスチャデータ26</Description>
      <SortID>77</SortID>
    </Field>
    <Field Def="u8 faceTexData27">
      <DisplayName>顔作成テクスチャデータ27</DisplayName>
      <Description>顔作成テクスチャデータ27</Description>
      <SortID>78</SortID>
    </Field>
    <Field Def="u8 faceTexData28">
      <DisplayName>顔作成テクスチャデータ28</DisplayName>
      <Description>顔作成テクスチャデータ28</Description>
      <SortID>79</SortID>
    </Field>
    <Field Def="u8 faceTexData29">
      <DisplayName>顔作成テクスチャデータ29</DisplayName>
      <Description>顔作成テクスチャデータ29</Description>
      <SortID>80</SortID>
    </Field>
    <Field Def="u8 faceTexData30">
      <DisplayName>顔作成テクスチャデータ30</DisplayName>
      <Description>顔作成テクスチャデータ30</Description>
      <SortID>81</SortID>
    </Field>
    <Field Def="u8 faceTexData31">
      <DisplayName>顔作成テクスチャデータ31</DisplayName>
      <Description>顔作成テクスチャデータ31</Description>
      <SortID>82</SortID>
    </Field>
    <Field Def="u8 faceTexData32">
      <DisplayName>顔作成テクスチャデータ32</DisplayName>
      <Description>顔作成テクスチャデータ32</Description>
      <SortID>83</SortID>
    </Field>
    <Field Def="u8 faceTexData33">
      <DisplayName>顔作成テクスチャデータ33</DisplayName>
      <Description>顔作成テクスチャデータ33</Description>
      <SortID>84</SortID>
    </Field>
    <Field Def="u8 faceTexData34">
      <DisplayName>顔作成テクスチャデータ34</DisplayName>
      <Description>顔作成テクスチャデータ34</Description>
      <SortID>85</SortID>
    </Field>
    <Field Def="u8 faceTexData35">
      <DisplayName>顔作成テクスチャデータ35</DisplayName>
      <Description>顔作成テクスチャデータ35</Description>
      <SortID>86</SortID>
    </Field>
    <Field Def="u8 faceTexData36">
      <DisplayName>顔作成テクスチャデータ36</DisplayName>
      <Description>顔作成テクスチャデータ36</Description>
      <SortID>87</SortID>
    </Field>
    <Field Def="u8 faceTexData37">
      <DisplayName>顔作成テクスチャデータ37</DisplayName>
      <Description>顔作成テクスチャデータ37</Description>
      <SortID>88</SortID>
    </Field>
    <Field Def="u8 faceTexData38">
      <DisplayName>顔作成テクスチャデータ38</DisplayName>
      <Description>顔作成テクスチャデータ38</Description>
      <SortID>89</SortID>
    </Field>
    <Field Def="u8 faceTexData39">
      <DisplayName>顔作成テクスチャデータ39</DisplayName>
      <Description>顔作成テクスチャデータ39</Description>
      <SortID>90</SortID>
    </Field>
    <Field Def="u8 faceTexData40">
      <DisplayName>顔作成テクスチャデータ40</DisplayName>
      <Description>顔作成テクスチャデータ40</Description>
      <SortID>91</SortID>
    </Field>
    <Field Def="u8 faceTexData41">
      <DisplayName>顔作成テクスチャデータ41</DisplayName>
      <Description>顔作成テクスチャデータ41</Description>
      <SortID>92</SortID>
    </Field>
    <Field Def="u8 faceTexData42">
      <DisplayName>顔作成テクスチャデータ42</DisplayName>
      <Description>顔作成テクスチャデータ42</Description>
      <SortID>93</SortID>
    </Field>
    <Field Def="u8 faceTexData43">
      <DisplayName>顔作成テクスチャデータ43</DisplayName>
      <Description>顔作成テクスチャデータ43</Description>
      <SortID>94</SortID>
    </Field>
    <Field Def="u8 faceTexData44">
      <DisplayName>顔作成テクスチャデータ44</DisplayName>
      <Description>顔作成テクスチャデータ44</Description>
      <SortID>95</SortID>
    </Field>
    <Field Def="u8 faceTexData45">
      <DisplayName>顔作成テクスチャデータ45</DisplayName>
      <Description>顔作成テクスチャデータ45</Description>
      <SortID>96</SortID>
    </Field>
    <Field Def="u8 faceTexData46">
      <DisplayName>顔作成テクスチャデータ46</DisplayName>
      <Description>顔作成テクスチャデータ46</Description>
      <SortID>97</SortID>
    </Field>
    <Field Def="u8 faceTexData47">
      <DisplayName>顔作成テクスチャデータ47</DisplayName>
      <Description>顔作成テクスチャデータ47</Description>
      <SortID>98</SortID>
    </Field>
    <Field Def="u8 faceTexData48">
      <DisplayName>顔作成テクスチャデータ48</DisplayName>
      <Description>顔作成テクスチャデータ48</Description>
      <SortID>99</SortID>
    </Field>
    <Field Def="u8 faceTexData49">
      <DisplayName>顔作成テクスチャデータ49</DisplayName>
      <Description>顔作成テクスチャデータ49</Description>
      <SortID>100</SortID>
    </Field>
    <Field Def="u8 facePartsId">
      <DisplayName>顔パーツID</DisplayName>
      <Description>顔パーツID</Description>
      <SortID>101</SortID>
    </Field>
    <Field Def="u8 skinColor_R = 128">
      <DisplayName>肌の色(Ｒ)</DisplayName>
      <Description>肌の色(Ｒ)</Description>
      <SortID>102</SortID>
    </Field>
    <Field Def="u8 skinColor_G = 128">
      <DisplayName>肌の色(Ｇ)</DisplayName>
      <Description>肌の色(Ｇ)</Description>
      <SortID>103</SortID>
    </Field>
    <Field Def="u8 skinColor_B = 128">
      <DisplayName>肌の色(Ｂ)</DisplayName>
      <Description>肌の色(Ｂ)</Description>
      <SortID>104</SortID>
    </Field>
    <Field Def="u8 hairPartsId">
      <DisplayName>髪パーツID</DisplayName>
      <Description>髪パーツID</Description>
      <SortID>105</SortID>
    </Field>
    <Field Def="u8 hairColor_R = 128">
      <DisplayName>髪の色(Ｒ)</DisplayName>
      <Description>髪の色(Ｒ)</Description>
      <SortID>106</SortID>
    </Field>
    <Field Def="u8 hairColor_G = 128">
      <DisplayName>髪の色(Ｇ)</DisplayName>
      <Description>髪の色(Ｇ)</Description>
      <SortID>107</SortID>
    </Field>
    <Field Def="u8 hairColor_B = 128">
      <DisplayName>髪の色(Ｂ)</DisplayName>
      <Description>髪の色(Ｂ)</Description>
      <SortID>108</SortID>
    </Field>
    <Field Def="u8 eyeLPartsId">
      <DisplayName>左目パーツID</DisplayName>
      <Description>左目パーツID</Description>
      <SortID>109</SortID>
    </Field>
    <Field Def="u8 eyeLColor_R = 128">
      <DisplayName>左目の色(Ｒ)</DisplayName>
      <Description>左目の色(Ｒ)</Description>
      <SortID>110</SortID>
    </Field>
    <Field Def="u8 eyeLColor_G = 128">
      <DisplayName>左目の色(Ｇ)</DisplayName>
      <Description>左目の色(Ｇ)</Description>
      <SortID>111</SortID>
    </Field>
    <Field Def="u8 eyeLColor_B = 128">
      <DisplayName>左目の色(Ｂ)</DisplayName>
      <Description>左目の色(Ｂ)</Description>
      <SortID>112</SortID>
    </Field>
    <Field Def="u8 eyeRPartsId">
      <DisplayName>右目パーツID</DisplayName>
      <Description>右目パーツID</Description>
      <SortID>113</SortID>
    </Field>
    <Field Def="u8 eyeRColor_R = 128">
      <DisplayName>右目の色(Ｒ)</DisplayName>
      <Description>右目の色(Ｒ)</Description>
      <SortID>114</SortID>
    </Field>
    <Field Def="u8 eyeRColor_G = 128">
      <DisplayName>右目の色(Ｇ)</DisplayName>
      <Description>右目の色(Ｇ)</Description>
      <SortID>115</SortID>
    </Field>
    <Field Def="u8 eyeRColor_B = 128">
      <DisplayName>右目の色(Ｂ)</DisplayName>
      <Description>右目の色(Ｂ)</Description>
      <SortID>116</SortID>
    </Field>
    <Field Def="u8 eyebrowPartsId">
      <DisplayName>眉パーツID</DisplayName>
      <Description>眉パーツID</Description>
      <SortID>117</SortID>
    </Field>
    <Field Def="u8 eyebrowColor_R = 128">
      <DisplayName>眉の色(Ｒ)</DisplayName>
      <Description>眉の色(Ｒ)</Description>
      <SortID>118</SortID>
    </Field>
    <Field Def="u8 eyebrowColor_G = 128">
      <DisplayName>眉の色(Ｇ)</DisplayName>
      <Description>眉の色(Ｇ)</Description>
      <SortID>119</SortID>
    </Field>
    <Field Def="u8 eyebrowColor_B = 128">
      <DisplayName>眉の色(Ｂ)</DisplayName>
      <Description>眉の色(Ｂ)</Description>
      <SortID>120</SortID>
    </Field>
    <Field Def="u8 beardPartsId">
      <DisplayName>髭パーツID</DisplayName>
      <Description>髭パーツID</Description>
      <SortID>121</SortID>
    </Field>
    <Field Def="u8 beardColor_R = 128">
      <DisplayName>髭の色(Ｒ)</DisplayName>
      <Description>髭の色(Ｒ)</Description>
      <SortID>122</SortID>
    </Field>
    <Field Def="u8 beardColor_G = 128">
      <DisplayName>髭の色(Ｇ)</DisplayName>
      <Description>髭の色(Ｇ)</Description>
      <SortID>123</SortID>
    </Field>
    <Field Def="u8 beardColor_B = 128">
      <DisplayName>髭の色(Ｂ)</DisplayName>
      <Description>髭の色(Ｂ)</Description>
      <SortID>124</SortID>
    </Field>
    <Field Def="u8 accessoriesPartsId">
      <DisplayName>装飾パーツID</DisplayName>
      <Description>装飾パーツID</Description>
      <SortID>125</SortID>
    </Field>
    <Field Def="u8 accessoriesColor_R = 128">
      <DisplayName>装飾の色(Ｒ)</DisplayName>
      <Description>装飾の色(Ｒ)</Description>
      <SortID>126</SortID>
    </Field>
    <Field Def="u8 accessoriesColor_G = 128">
      <DisplayName>装飾の色(Ｇ)</DisplayName>
      <Description>装飾の色(Ｇ)</Description>
      <SortID>127</SortID>
    </Field>
    <Field Def="u8 accessoriesColor_B = 128">
      <DisplayName>装飾の色(Ｂ)</DisplayName>
      <Description>装飾の色(Ｂ)</Description>
      <SortID>128</SortID>
    </Field>
    <Field Def="u8 decalPartsId">
      <DisplayName>デカールパーツID</DisplayName>
      <Description>デカールパーツID</Description>
      <SortID>129</SortID>
    </Field>
    <Field Def="u8 decalColor_R = 128">
      <DisplayName>デカールの色(Ｒ)</DisplayName>
      <Description>デカールの色(Ｒ)</Description>
      <SortID>130</SortID>
    </Field>
    <Field Def="u8 decalColor_G = 128">
      <DisplayName>デカールの色(Ｇ)</DisplayName>
      <Description>デカールの色(Ｇ)</Description>
      <SortID>131</SortID>
    </Field>
    <Field Def="u8 decalColor_B = 128">
      <DisplayName>デカールの色(Ｂ)</DisplayName>
      <Description>デカールの色(Ｂ)</Description>
      <SortID>132</SortID>
    </Field>
    <Field Def="u8 decalPosX">
      <DisplayName>デカール位置(x)</DisplayName>
      <Description>デカール位置(x)</Description>
      <SortID>133</SortID>
    </Field>
    <Field Def="u8 decalPosY">
      <DisplayName>デカール位置(y)</DisplayName>
      <Description>デカール位置(y)</Description>
      <SortID>134</SortID>
    </Field>
    <Field Def="u8 decalAngle">
      <DisplayName>デカール角度</DisplayName>
      <Description>デカール角度</Description>
      <SortID>135</SortID>
    </Field>
    <Field Def="u8 decalScale">
      <DisplayName>デカールスケール</DisplayName>
      <Description>デカールスケール</Description>
      <SortID>136</SortID>
    </Field>
  </Fields>
</PARAMDEF>