﻿<?xml version="1.0" encoding="utf-8"?>
<PARAMDEF XmlVersion="1">
  <ParamType>GEM_DROP_MODIFY_PARAM_ST</ParamType>
  <DataVersion>1</DataVersion>
  <BigEndian>False</BigEndian>
  <Unicode>True</Unicode>
  <FormatVersion>201</FormatVersion>
  <Fields>
    <Field Def="f32 slotTypeRateA = 1">
      <DisplayName>スロットタイプＡ出現率</DisplayName>
      <Description>スロットタイプＡ出現率</Description>
      <DisplayFormat>%.2f</DisplayFormat>
      <EditFlags>None</EditFlags>
      <Minimum>0</Minimum>
      <Maximum>100</Maximum>
      <SortID>1</SortID>
    </Field>
    <Field Def="f32 slotTypeRateB = 1">
      <DisplayName>スロットタイプＢ出現率</DisplayName>
      <Description>スロットタイプＢ出現率</Description>
      <DisplayFormat>%.2f</DisplayFormat>
      <EditFlags>None</EditFlags>
      <Minimum>0</Minimum>
      <Maximum>100</Maximum>
      <SortID>2</SortID>
    </Field>
    <Field Def="f32 slotTypeRateC = 1">
      <DisplayName>スロットタイプＣ出現率</DisplayName>
      <Description>スロットタイプＣ出現率</Description>
      <DisplayFormat>%.2f</DisplayFormat>
      <EditFlags>None</EditFlags>
      <Minimum>0</Minimum>
      <Maximum>100</Maximum>
      <SortID>3</SortID>
    </Field>
    <Field Def="f32 slotTypeRateD = 1">
      <DisplayName>スロットタイプＤ出現率</DisplayName>
      <Description>スロットタイプＤ出現率</Description>
      <DisplayFormat>%.2f</DisplayFormat>
      <EditFlags>None</EditFlags>
      <Minimum>0</Minimum>
      <Maximum>100</Maximum>
      <SortID>4</SortID>
    </Field>
    <Field Def="f32 slotTypeRateE = 1">
      <DisplayName>スロットタイプＥ出現率</DisplayName>
      <Description>スロットタイプＥ出現率</Description>
      <DisplayFormat>%.2f</DisplayFormat>
      <EditFlags>None</EditFlags>
      <Minimum>0</Minimum>
      <Maximum>100</Maximum>
      <SortID>5</SortID>
    </Field>
    <Field Def="f32 slotTypeRateF = 1">
      <DisplayName>スロットタイプＦ出現率</DisplayName>
      <Description>スロットタイプＦ出現率</Description>
      <DisplayFormat>%.2f</DisplayFormat>
      <EditFlags>None</EditFlags>
      <Minimum>0</Minimum>
      <Maximum>100</Maximum>
      <SortID>6</SortID>
    </Field>
    <Field Def="f32 directionalIdRate_0 = 1">
      <DisplayName>０：方向性出現率</DisplayName>
      <Description>０：方向性出現率</Description>
      <DisplayFormat>%.2f</DisplayFormat>
      <EditFlags>None</EditFlags>
      <Minimum>0</Minimum>
      <Maximum>100</Maximum>
      <SortID>7</SortID>
    </Field>
    <Field Def="f32 directionalIdRate_1 = 1">
      <DisplayName>１：方向性出現率</DisplayName>
      <Description>１：方向性出現率</Description>
      <DisplayFormat>%.2f</DisplayFormat>
      <EditFlags>None</EditFlags>
      <Minimum>0</Minimum>
      <Maximum>100</Maximum>
      <SortID>8</SortID>
    </Field>
    <Field Def="f32 directionalIdRate_2 = 1">
      <DisplayName>２：方向性出現率</DisplayName>
      <Description>２：方向性出現率</Description>
      <DisplayFormat>%.2f</DisplayFormat>
      <EditFlags>None</EditFlags>
      <Minimum>0</Minimum>
      <Maximum>100</Maximum>
      <SortID>9</SortID>
    </Field>
    <Field Def="f32 directionalIdRate_3 = 1">
      <DisplayName>３：方向性出現率</DisplayName>
      <Description>３：方向性出現率</Description>
      <DisplayFormat>%.2f</DisplayFormat>
      <EditFlags>None</EditFlags>
      <Minimum>0</Minimum>
      <Maximum>100</Maximum>
      <SortID>10</SortID>
    </Field>
    <Field Def="f32 directionalIdRate_4 = 1">
      <DisplayName>４：方向性出現率</DisplayName>
      <Description>４：方向性出現率</Description>
      <DisplayFormat>%.2f</DisplayFormat>
      <EditFlags>None</EditFlags>
      <Minimum>0</Minimum>
      <Maximum>100</Maximum>
      <SortID>11</SortID>
    </Field>
    <Field Def="f32 directionalIdRate_5 = 1">
      <DisplayName>５：方向性出現率</DisplayName>
      <Description>５：方向性出現率</Description>
      <DisplayFormat>%.2f</DisplayFormat>
      <EditFlags>None</EditFlags>
      <Minimum>0</Minimum>
      <Maximum>100</Maximum>
      <SortID>12</SortID>
    </Field>
    <Field Def="f32 directionalIdRate_6 = 1">
      <DisplayName>６：方向性出現率</DisplayName>
      <Description>６：方向性出現率</Description>
      <DisplayFormat>%.2f</DisplayFormat>
      <EditFlags>None</EditFlags>
      <Minimum>0</Minimum>
      <Maximum>100</Maximum>
      <SortID>13</SortID>
    </Field>
    <Field Def="f32 directionalIdRate_7 = 1">
      <DisplayName>７：方向性出現率</DisplayName>
      <Description>７：方向性出現率</Description>
      <DisplayFormat>%.2f</DisplayFormat>
      <EditFlags>None</EditFlags>
      <Minimum>0</Minimum>
      <Maximum>100</Maximum>
      <SortID>14</SortID>
    </Field>
    <Field Def="s32 affinityCateId_0 = -1">
      <DisplayName>０：相性カテゴリグループID</DisplayName>
      <Description>０：相性カテゴリグループID(-1:無視)</Description>
      <Minimum>-1</Minimum>
      <Maximum>1E+09</Maximum>
      <SortID>15</SortID>
    </Field>
    <Field Def="f32 affinityModifyRate_0 = 1">
      <DisplayName>０：相性補正倍率</DisplayName>
      <Description>０：相性補正倍率</Description>
      <DisplayFormat>%.2f</DisplayFormat>
      <Minimum>0</Minimum>
      <Maximum>999.99</Maximum>
      <SortID>16</SortID>
    </Field>
    <Field Def="s32 affinityCateId_1 = -1">
      <DisplayName>１：相性カテゴリグループID</DisplayName>
      <Description>１：相性カテゴリグループID(-1:無視)</Description>
      <Minimum>-1</Minimum>
      <Maximum>1E+09</Maximum>
      <SortID>17</SortID>
    </Field>
    <Field Def="f32 affinityModifyRate_1 = 1">
      <DisplayName>１：相性補正倍率</DisplayName>
      <Description>１：相性補正倍率</Description>
      <DisplayFormat>%.2f</DisplayFormat>
      <Minimum>0</Minimum>
      <Maximum>999.99</Maximum>
      <SortID>18</SortID>
    </Field>
    <Field Def="s32 affinityCateId_2 = -1">
      <DisplayName>２：相性カテゴリグループID</DisplayName>
      <Description>２：相性カテゴリグループID(-1:無視)</Description>
      <Minimum>-1</Minimum>
      <Maximum>1E+09</Maximum>
      <SortID>19</SortID>
    </Field>
    <Field Def="f32 affinityModifyRate_2 = 1">
      <DisplayName>２：相性補正倍率</DisplayName>
      <Description>２：相性補正倍率</Description>
      <DisplayFormat>%.2f</DisplayFormat>
      <Minimum>0</Minimum>
      <Maximum>999.99</Maximum>
      <SortID>20</SortID>
    </Field>
    <Field Def="s32 affinityCateId_3 = -1">
      <DisplayName>３：相性聖杯グループID</DisplayName>
      <Description>３：相性聖杯グループID(-1:無視)</Description>
      <Minimum>-1</Minimum>
      <Maximum>1E+09</Maximum>
      <SortID>21</SortID>
    </Field>
    <Field Def="f32 affinityModifyRate_3 = 1">
      <DisplayName>３：相性補正倍率</DisplayName>
      <Description>３：相性補正倍率</Description>
      <DisplayFormat>%.2f</DisplayFormat>
      <Minimum>0</Minimum>
      <Maximum>999.99</Maximum>
      <SortID>22</SortID>
    </Field>
    <Field Def="f32 manifestRate_0">
      <DisplayName>０：出現率</DisplayName>
      <Description>０：出現率</Description>
      <DisplayFormat>%.2f</DisplayFormat>
      <Minimum>0</Minimum>
      <Maximum>100</Maximum>
      <SortID>23</SortID>
    </Field>
    <Field Def="f32 manifestRate_1">
      <DisplayName>１：出現率</DisplayName>
      <Description>１：出現率</Description>
      <DisplayFormat>%.2f</DisplayFormat>
      <Minimum>0</Minimum>
      <Maximum>100</Maximum>
      <SortID>24</SortID>
    </Field>
    <Field Def="f32 manifestRate_2">
      <DisplayName>２：出現率</DisplayName>
      <Description>２：出現率</Description>
      <DisplayFormat>%.2f</DisplayFormat>
      <Minimum>0</Minimum>
      <Maximum>100</Maximum>
      <SortID>25</SortID>
    </Field>
    <Field Def="f32 manifestRate_3">
      <DisplayName>３：出現率</DisplayName>
      <Description>３：出現率</Description>
      <DisplayFormat>%.2f</DisplayFormat>
      <Minimum>0</Minimum>
      <Maximum>100</Maximum>
      <SortID>26</SortID>
    </Field>
    <Field Def="f32 manifestRate_4">
      <DisplayName>４：出現率</DisplayName>
      <Description>４：出現率</Description>
      <DisplayFormat>%.2f</DisplayFormat>
      <Minimum>0</Minimum>
      <Maximum>100</Maximum>
      <SortID>27</SortID>
    </Field>
    <Field Def="f32 manifestRate_5">
      <DisplayName>５：出現率</DisplayName>
      <Description>５：出現率</Description>
      <DisplayFormat>%.2f</DisplayFormat>
      <Minimum>0</Minimum>
      <Maximum>100</Maximum>
      <SortID>28</SortID>
    </Field>
    <Field Def="f32 negativizeRate_0">
      <DisplayName>０：マイナス効果化率</DisplayName>
      <Description>０：マイナス効果化率</Description>
      <DisplayFormat>%.2f</DisplayFormat>
      <Minimum>0</Minimum>
      <Maximum>100</Maximum>
      <SortID>29</SortID>
    </Field>
    <Field Def="s32 normalDistributionAve">
      <DisplayName>正規分布平均値</DisplayName>
      <Description>正規分布平均値</Description>
      <Minimum>-100</Minimum>
      <Maximum>100</Maximum>
      <SortID>30</SortID>
    </Field>
    <Field Def="s32 normalDistributionSigma = 1">
      <DisplayName>正規分布標準偏差</DisplayName>
      <Description>正規分布標準偏差</Description>
      <DisplayFormat>%.2f</DisplayFormat>
      <Minimum>0</Minimum>
      <Maximum>100</Maximum>
      <Increment>0.01</Increment>
      <SortID>31</SortID>
    </Field>
  </Fields>
</PARAMDEF>