﻿<?xml version="1.0" encoding="utf-8"?>
<PARAMDEF XmlVersion="1">
  <ParamType>MENUPROPERTY_SPEC</ParamType>
  <DataVersion>1</DataVersion>
  <BigEndian>False</BigEndian>
  <Unicode>True</Unicode>
  <FormatVersion>201</FormatVersion>
  <Fields>
    <Field Def="s32 CaptionTextID">
      <DisplayName>項目名テキストID</DisplayName>
      <Minimum>-1</Minimum>
      <Maximum>1E+09</Maximum>
      <SortID>1</SortID>
    </Field>
    <Field Def="s32 IconID">
      <DisplayName>項目アイコンID</DisplayName>
      <Minimum>-1</Minimum>
      <Maximum>1E+09</Maximum>
      <SortID>3</SortID>
    </Field>
    <Field Def="s32 RequiredPropertyID">
      <DisplayName>必要スキル</DisplayName>
      <Enum>MENU_PROPERTY_ID</Enum>
      <Minimum>-1</Minimum>
      <Maximum>1E+09</Maximum>
      <SortID>4</SortID>
    </Field>
    <Field Def="s8 CompareType">
      <DisplayName>優劣判定</DisplayName>
      <Enum>MENU_PROPERTY_CMP_TYPE</Enum>
      <Minimum>-1</Minimum>
      <Maximum>1E+09</Maximum>
      <SortID>5</SortID>
    </Field>
    <Field Def="u8 FormatType">
      <DisplayName>書式</DisplayName>
      <Enum>MENU_PROPERTY_FORMAT_TYPE</Enum>
      <SortID>6</SortID>
    </Field>
    <Field Def="fixstrW AdhocCaption[9]">
      <DisplayName>項目名仮テキスト</DisplayName>
      <SortID>2</SortID>
    </Field>
  </Fields>
</PARAMDEF>