﻿<?xml version="1.0" encoding="utf-8"?>
<PARAMDEF XmlVersion="1">
  <ParamType>PROTECTOR_GEN_PARAM_ST</ParamType>
  <DataVersion>1</DataVersion>
  <BigEndian>False</BigEndian>
  <Unicode>True</Unicode>
  <FormatVersion>201</FormatVersion>
  <Fields>
    <Field Def="s32 proParamId">
      <DisplayName>防具パラムID</DisplayName>
      <Description>装備品_防具パラメータのID</Description>
      <Minimum>0</Minimum>
      <Maximum>1E+09</Maximum>
      <SortID>1</SortID>
    </Field>
    <Field Def="u32 gemSlotType_0 = 2.14748365E+09">
      <DisplayName>０：魔石スロットタイプ</DisplayName>
      <Enum>GEM_SLOT_TYPE_MASK</Enum>
      <Description>０：魔石スロットタイプ</Description>
      <DisplayFormat>%08x</DisplayFormat>
      <Maximum>2.14748365E+09</Maximum>
      <SortID>2</SortID>
    </Field>
    <Field Def="s32 gemGenId_0 = -1">
      <DisplayName>０：魔石生成ID</DisplayName>
      <Description>０：魔石生成ID</Description>
      <Minimum>-1</Minimum>
      <Maximum>1E+09</Maximum>
      <SortID>3</SortID>
    </Field>
    <Field Def="u32 gemSlotType_1 = 2.14748365E+09">
      <DisplayName>１：魔石スロットタイプ</DisplayName>
      <Enum>GEM_SLOT_TYPE_MASK</Enum>
      <Description>１：魔石スロットタイプ</Description>
      <DisplayFormat>%08x</DisplayFormat>
      <Maximum>2.14748365E+09</Maximum>
      <SortID>4</SortID>
    </Field>
    <Field Def="s32 gemGenId_1 = -1">
      <DisplayName>１：魔石生成ID</DisplayName>
      <Description>１：魔石生成ID</Description>
      <Minimum>-1</Minimum>
      <Maximum>1E+09</Maximum>
      <SortID>5</SortID>
    </Field>
    <Field Def="u32 gemSlotType_2 = 2.14748365E+09">
      <DisplayName>２：魔石スロットタイプ</DisplayName>
      <Enum>GEM_SLOT_TYPE_MASK</Enum>
      <Description>２：魔石スロットタイプ</Description>
      <DisplayFormat>%08x</DisplayFormat>
      <Maximum>2.14748365E+09</Maximum>
      <SortID>6</SortID>
    </Field>
    <Field Def="s32 gemGenId_2 = -1">
      <DisplayName>２：魔石生成ID</DisplayName>
      <Description>２：魔石生成ID</Description>
      <Minimum>-1</Minimum>
      <Maximum>1E+09</Maximum>
      <SortID>7</SortID>
    </Field>
    <Field Def="u32 gemSlotType_3 = 2.14748365E+09">
      <DisplayName>３：魔石スロットタイプ</DisplayName>
      <Enum>GEM_SLOT_TYPE_MASK</Enum>
      <Description>３：魔石スロットタイプ</Description>
      <DisplayFormat>%08x</DisplayFormat>
      <Maximum>2.14748365E+09</Maximum>
      <SortID>8</SortID>
    </Field>
    <Field Def="s32 gemGenId_3 = -1">
      <DisplayName>３：魔石生成ID</DisplayName>
      <Description>３：魔石生成ID</Description>
      <Minimum>-1</Minimum>
      <Maximum>1E+09</Maximum>
      <SortID>9</SortID>
    </Field>
    <Field Def="u32 gemSlotType_4 = 2.14748365E+09">
      <DisplayName>４：魔石スロットタイプ</DisplayName>
      <Enum>GEM_SLOT_TYPE_MASK</Enum>
      <Description>４：魔石スロットタイプ</Description>
      <DisplayFormat>%08x</DisplayFormat>
      <Maximum>2.14748365E+09</Maximum>
      <SortID>10</SortID>
    </Field>
    <Field Def="s32 gemGenId_4 = -1">
      <DisplayName>４：魔石生成ID</DisplayName>
      <Description>４：魔石生成ID</Description>
      <Minimum>-1</Minimum>
      <Maximum>1E+09</Maximum>
      <SortID>11</SortID>
    </Field>
  </Fields>
</PARAMDEF>