﻿<?xml version="1.0" encoding="utf-8"?>
<PARAMDEF XmlVersion="1">
  <ParamType>WIND_PARAM_ST</ParamType>
  <DataVersion>0</DataVersion>
  <BigEndian>False</BigEndian>
  <Unicode>True</Unicode>
  <FormatVersion>201</FormatVersion>
  <Fields>
    <Field Def="s16 commonCapsuleBeginDmyId">
      <DisplayName>共通:発生源ダミポリ番号1</DisplayName>
      <Description>共通:発生源ダミポリ番号1</Description>
      <Minimum>0</Minimum>
      <Maximum>255</Maximum>
      <SortID>1</SortID>
    </Field>
    <Field Def="s16 commonCapsuleEndDmyId">
      <DisplayName>共通:発生源ダミポリ番号2</DisplayName>
      <Description>共通:発生源ダミポリ番号2</Description>
      <Minimum>-1</Minimum>
      <Maximum>255</Maximum>
      <SortID>2</SortID>
    </Field>
    <Field Def="f32 commonCapsuleRadius = 1">
      <DisplayName>共通:発生源半径[m]</DisplayName>
      <Description>共通:発生源半径[m]</Description>
      <DisplayFormat>%0.1f</DisplayFormat>
      <EditFlags>None</EditFlags>
      <Minimum>0</Minimum>
      <Maximum>999</Maximum>
      <Increment>0.1</Increment>
      <SortID>3</SortID>
    </Field>
    <Field Def="dummy8 commonReserve[120]">
      <DisplayName>予約</DisplayName>
      <Description>予約</Description>
      <SortID>32</SortID>
    </Field>
    <Field Def="u8 sfxWindEnable:1 = 1">
      <DisplayName>ＳＦＸ風が有効か</DisplayName>
      <Description>ＳＦＸ風が有効か</Description>
      <Maximum>1</Maximum>
      <SortID>4</SortID>
    </Field>
    <Field Def="u8 sfxIgnorePlayerSfx:1">
      <DisplayName>プレイヤＳＦＸ無視か</DisplayName>
      <Description>プレイヤＳＦＸ無視か</Description>
      <Maximum>1</Maximum>
      <SortID>5</SortID>
    </Field>
    <Field Def="u8 sfxIsCollision:1">
      <DisplayName>ＳＦＸコリジョンか</DisplayName>
      <Description>ＳＦＸコリジョンか</Description>
      <Maximum>1</Maximum>
      <SortID>6</SortID>
    </Field>
    <Field Def="dummy8 sfxPad_0[3]">
      <DisplayName>パディング</DisplayName>
      <Description>パディング</Description>
      <SortID>33</SortID>
    </Field>
    <Field Def="f32 sfxDirPitchMin">
      <DisplayName>ＳＦＸ:最小Pitch[度]</DisplayName>
      <Description>ＳＦＸ:最小Pitch[度]</Description>
      <DisplayFormat>%0.1f</DisplayFormat>
      <Minimum>-180</Minimum>
      <Maximum>180</Maximum>
      <Increment>0.1</Increment>
      <SortID>7</SortID>
    </Field>
    <Field Def="f32 sfxDirPitchMax">
      <DisplayName>ＳＦＸ:最大Pitch[度]</DisplayName>
      <Description>ＳＦＸ:最大Pitch[度]</Description>
      <DisplayFormat>%0.1f</DisplayFormat>
      <Minimum>-180</Minimum>
      <Maximum>180</Maximum>
      <Increment>0.1</Increment>
      <SortID>8</SortID>
    </Field>
    <Field Def="f32 sfxDirYawMin">
      <DisplayName>ＳＦＸ:最小Yaw[度]</DisplayName>
      <Description>ＳＦＸ:最小Yaw[度]</Description>
      <DisplayFormat>%0.1f</DisplayFormat>
      <Minimum>-180</Minimum>
      <Maximum>180</Maximum>
      <Increment>0.1</Increment>
      <SortID>9</SortID>
    </Field>
    <Field Def="f32 sfxDirYawMax">
      <DisplayName>ＳＦＸ:最大Yaw[度]</DisplayName>
      <Description>ＳＦＸ:最大Yaw[度]</Description>
      <DisplayFormat>%0.1f</DisplayFormat>
      <Minimum>-180</Minimum>
      <Maximum>180</Maximum>
      <Increment>0.1</Increment>
      <SortID>10</SortID>
    </Field>
    <Field Def="f32 sfxCycleMin = 1">
      <DisplayName>ＳＦＸ:最小周期[sec]</DisplayName>
      <Description>ＳＦＸ:最小周期[sec]</Description>
      <DisplayFormat>%0.3f</DisplayFormat>
      <EditFlags>None</EditFlags>
      <Minimum>0.001</Minimum>
      <Maximum>999</Maximum>
      <Increment>0.001</Increment>
      <SortID>11</SortID>
    </Field>
    <Field Def="f32 sfxCycleMax = 1">
      <DisplayName>ＳＦＸ:最大周期[sec]</DisplayName>
      <Description>ＳＦＸ:最大周期[sec]</Description>
      <DisplayFormat>%0.3f</DisplayFormat>
      <EditFlags>None</EditFlags>
      <Minimum>0.001</Minimum>
      <Maximum>999</Maximum>
      <Increment>0.001</Increment>
      <SortID>12</SortID>
    </Field>
    <Field Def="f32 sfxSpeedMin = 1">
      <DisplayName>ＳＦＸ:風の最小速度[m/sec]</DisplayName>
      <Description>ＳＦＸ:風の最小速度[m/sec]</Description>
      <DisplayFormat>%0.1f</DisplayFormat>
      <EditFlags>None</EditFlags>
      <Minimum>-999</Minimum>
      <Maximum>999</Maximum>
      <Increment>0.1</Increment>
      <SortID>13</SortID>
    </Field>
    <Field Def="f32 sfxSpeedMax = 1">
      <DisplayName>ＳＦＸ:風の最大速度[m/sec]</DisplayName>
      <Description>ＳＦＸ:風の最大速度[m/sec]</Description>
      <DisplayFormat>%0.1f</DisplayFormat>
      <EditFlags>None</EditFlags>
      <Minimum>-999</Minimum>
      <Maximum>999</Maximum>
      <Increment>0.1</Increment>
      <SortID>14</SortID>
    </Field>
    <Field Def="f32 sfxMaximumDrag = 1">
      <DisplayName>ＳＦＸ:最大の影響度</DisplayName>
      <Description>ＳＦＸ:最大の影響度</Description>
      <DisplayFormat>%0.1f</DisplayFormat>
      <EditFlags>None</EditFlags>
      <Minimum>0</Minimum>
      <Maximum>999</Maximum>
      <Increment>0.1</Increment>
      <SortID>15</SortID>
    </Field>
    <Field Def="dummy8 sfxReserve[88]">
      <DisplayName>予約</DisplayName>
      <Description>予約</Description>
      <SortID>34</SortID>
    </Field>
    <Field Def="u8 clothWindEnable:1 = 1">
      <DisplayName>クロス風が有効か</DisplayName>
      <Description>クロス風が有効か</Description>
      <Maximum>1</Maximum>
      <SortID>16</SortID>
    </Field>
    <Field Def="u8 clothVertexWind:1">
      <DisplayName>頂点単位風か</DisplayName>
      <Description>頂点単位風か</Description>
      <Maximum>1</Maximum>
      <SortID>17</SortID>
    </Field>
    <Field Def="dummy8 clothPad_0[3]">
      <DisplayName>パディング</DisplayName>
      <Description>パディング</Description>
      <SortID>35</SortID>
    </Field>
    <Field Def="f32 clothDirPitchMin">
      <DisplayName>クロス:最小Pitch[度]</DisplayName>
      <Description>クロス:最小Pitch[度]</Description>
      <DisplayFormat>%0.1f</DisplayFormat>
      <Minimum>-180</Minimum>
      <Maximum>180</Maximum>
      <Increment>0.1</Increment>
      <SortID>18</SortID>
    </Field>
    <Field Def="f32 clothDirPitchMax">
      <DisplayName>クロス:最大Pitch[度]</DisplayName>
      <Description>クロス:最大Pitch[度]</Description>
      <DisplayFormat>%0.1f</DisplayFormat>
      <Minimum>-180</Minimum>
      <Maximum>180</Maximum>
      <Increment>0.1</Increment>
      <SortID>19</SortID>
    </Field>
    <Field Def="f32 clothDirYawMin">
      <DisplayName>クロス:最小Yaw[度]</DisplayName>
      <Description>クロス:最小Yaw[度]</Description>
      <DisplayFormat>%0.1f</DisplayFormat>
      <Minimum>-180</Minimum>
      <Maximum>180</Maximum>
      <Increment>0.1</Increment>
      <SortID>20</SortID>
    </Field>
    <Field Def="f32 clothDirYawMax">
      <DisplayName>クロス:最大Yaw[度]</DisplayName>
      <Description>クロス:最大Yaw[度]</Description>
      <DisplayFormat>%0.1f</DisplayFormat>
      <Minimum>-180</Minimum>
      <Maximum>180</Maximum>
      <Increment>0.1</Increment>
      <SortID>21</SortID>
    </Field>
    <Field Def="f32 clothCycleMin = 1">
      <DisplayName>クロス:最小周期[sec]</DisplayName>
      <Description>クロス:最小周期[sec]</Description>
      <DisplayFormat>%0.1f</DisplayFormat>
      <EditFlags>None</EditFlags>
      <Minimum>0.1</Minimum>
      <Maximum>999</Maximum>
      <Increment>0.1</Increment>
      <SortID>22</SortID>
    </Field>
    <Field Def="f32 clothCycleMax = 1">
      <DisplayName>クロス:最大周期[sec]</DisplayName>
      <Description>クロス:最大周期[sec]</Description>
      <DisplayFormat>%0.1f</DisplayFormat>
      <EditFlags>None</EditFlags>
      <Minimum>0.1</Minimum>
      <Maximum>999</Maximum>
      <Increment>0.1</Increment>
      <SortID>23</SortID>
    </Field>
    <Field Def="f32 clothSpeedMin = 1">
      <DisplayName>クロス:風の最小速度[m/sec]</DisplayName>
      <Description>クロス:風の最小速度[m/sec]</Description>
      <DisplayFormat>%0.1f</DisplayFormat>
      <EditFlags>None</EditFlags>
      <Minimum>-999</Minimum>
      <Maximum>999</Maximum>
      <Increment>0.1</Increment>
      <SortID>24</SortID>
    </Field>
    <Field Def="f32 clothSpeedMax = 1">
      <DisplayName>クロス:風の最大速度[m/sec]</DisplayName>
      <Description>クロス:風の最大速度[m/sec]</Description>
      <DisplayFormat>%0.1f</DisplayFormat>
      <EditFlags>None</EditFlags>
      <Minimum>-999</Minimum>
      <Maximum>999</Maximum>
      <Increment>0.1</Increment>
      <SortID>25</SortID>
    </Field>
    <Field Def="f32 clothMaximumDrag = 1">
      <DisplayName>クロス:最大の影響度</DisplayName>
      <Description>クロス:最大の影響度</Description>
      <DisplayFormat>%0.1f</DisplayFormat>
      <EditFlags>None</EditFlags>
      <Minimum>0</Minimum>
      <Maximum>999</Maximum>
      <Increment>0.1</Increment>
      <SortID>26</SortID>
    </Field>
    <Field Def="dummy8 clothReserve[88]">
      <DisplayName>予約</DisplayName>
      <Description>予約</Description>
      <SortID>36</SortID>
    </Field>
  </Fields>
</PARAMDEF>