Row ID,Row Name,Region Type,Unk2,Unk3,Unk4,Dummy Poly 1,Dummy Poly 2,Radius,Angle,Depth,Width,Height,Base Height Offset,Angle Check Type,Unk4,Unk5,Unk6,Allow Angle,Textbox Type,Unk7,Unk8,Unk9,Text ID,Invalid Flag,Grayout Flag,Priority,Execution Invalid Time,Unk10,Unk13,Unk14,Unk15,Unk16,Unk17,Unk18,Unk19,Unk20,Unk21,Unk22,Unk23,Unk24,Unk25,Unk26,Unk27,Unk28,Unk29,Unk30,Unk31,Unk32,Unk33,Unk34,Unk35,Unk36,Unk37,Unk38,Unk39,Unk40
0,,0,0,0,0,1,1,1,1,1,1,1,1,0,0,0,0,1,255,-1,-1,-1,0,-1,1,1,-1,1,0,0,0,0,0,0,0,0,0,0,0,0,0,0,0,0,0,0,0,0,0,0,0,0,0,0,0,0
1,,0,0,0,0,-1,-1,0,180,0,0,0,0,0,0,0,0,180,255,-1,-1,-1,0,-1,0,0,-1,0,0,0,0,0,0,0,0,0,0,0,0,0,0,0,0,0,0,0,0,0,0,0,0,0,0,0,0,0
1000,,0,0,0,0,-1,-1,1.5,180,0,0,1.5,-0.75,0,0,0,0,180,255,-1,-1,-1,0,50000200,0,0,-1,3,0,0,0,0,0,0,0,0,0,0,0,0,0,0,0,0,0,0,0,0,0,0,0,0,0,0,0,0
1010,,0,0,0,0,-1,-1,1.5,180,0,0,1.5,-0.75,0,0,0,0,180,255,-1,-1,-1,0,50000205,0,0,-1,3,0,0,0,0,0,0,0,0,0,0,0,0,0,0,0,0,0,0,0,0,0,0,0,0,0,0,0,0
1020,,0,8,0,0,-1,-1,1.5,180,0,0,1.5,-0.75,0,0,0,0,180,255,-1,-1,-1,0,50000100,0,0,-1,3,0,0,0,0,0,0,0,0,0,0,0,0,0,0,0,0,0,0,0,0,0,0,0,0,0,0,0,0
1050,,0,5,0,0,-1,-1,1.5,180,0,0,3,-2.25,0,0,0,0,180,255,-1,-1,-1,335544320,1850,201,0,-1,3,0,0,0,0,0,0,0,0,0,0,0,0,0,0,0,0,0,0,0,0,0,0,0,0,0,0,0,0
1100,,0,12,0,0,-1,-1,0,180,0,0,0,0,0,0,0,0,180,255,-1,-1,-1,335544320,8100,6001,0,-1,3,0,0,0,0,0,0,0,0,0,0,0,0,0,0,0,0,0,0,0,0,0,0,0,0,0,0,0,0
2000,,0,7,0,0,-1,-1,1,180,0,0,1.5,-0.75,0,0,0,0,180,255,-1,-1,-1,0,50000000,0,0,-1,3,0,0,0,0,0,0,0,0,0,0,0,0,0,0,0,0,0,0,0,0,0,0,0,0,0,0,0,0
2001,,0,7,0,0,-1,-1,1,180,0,0,1.5,-0.75,0,0,0,0,180,255,-1,-1,-1,0,50000001,0,0,-1,3,0,0,0,0,0,0,0,0,0,0,0,0,0,0,0,0,0,0,0,0,0,0,0,0,0,0,0,0
2010,,0,6,0,0,-1,-1,1,180,0,0,1.5,-0.75,0,0,0,0,180,255,-1,-1,-1,0,50000400,0,0,-1,3,0,0,0,0,0,0,0,0,0,0,0,0,0,0,0,0,0,0,0,0,0,0,0,0,0,0,0,0
3000,,0,10,0,0,-1,-1,1.5,180,0,0,1.5,-0.75,0,0,0,0,180,255,-1,-1,-1,0,50000210,0,0,-1,3,0,0,0,0,0,0,0,0,0,0,0,0,0,0,0,0,0,0,0,0,0,0,0,0,0,0,0,0
3010,,0,9,0,0,-1,-1,1.5,180,0,0,1.5,-0.75,0,0,0,0,180,255,-1,-1,-1,0,50000500,0,0,-1,3,0,0,0,0,0,0,0,0,0,0,0,0,0,0,0,0,0,0,0,0,0,0,0,0,0,0,0,0
3020,,0,10,0,0,-1,-1,1.5,180,0,0,1.5,-0.75,0,0,0,0,180,255,-1,-1,-1,0,50000210,0,0,-1,3,0,0,0,0,0,0,0,0,0,0,0,0,0,0,0,0,0,0,0,0,0,0,0,0,0,0,0,0
4000,,0,3,0,0,-1,-1,1.5,180,0,0,1.5,-0.75,0,0,0,0,180,255,-1,-1,-1,0,2000,0,0,-1,0,0,0,0,0,0,0,0,0,0,0,0,0,0,0,0,0,0,0,0,0,0,0,0,0,0,0,0,0
4100,,0,2,0,0,-1,-1,1.5,180,0,0,2.4,-1,0,0,0,0,180,255,-1,-1,-1,0,2010,0,0,-1,0,0,0,0,0,0,0,0,0,0,0,0,0,0,0,0,0,0,0,0,0,0,0,0,0,0,0,0,0
4110,,0,2,0,0,-1,-1,1.5,180,0,0,2.4,-1,0,0,0,0,180,255,-1,-1,-1,0,2000,0,0,-1,0,0,0,0,0,0,0,0,0,0,0,0,0,0,0,0,0,0,0,0,0,0,0,0,0,0,0,0,0
4200,,0,2,0,0,-1,-1,1.5,180,0,0,1.5,-0.75,0,0,0,0,180,90,0,0,0,0,2020,0,0,-1,0,0,0,0,0,0,0,0,0,0,0,0,0,0,0,0,0,0,0,0,0,0,0,0,0,0,0,0,0
4201,,0,2,0,0,-1,-1,1.5,180,0,0,2.5,-1.75,0,0,0,0,180,90,0,0,0,0,2020,0,0,-1,0,0,0,0,0,0,0,0,0,0,0,0,0,0,0,0,0,0,0,0,0,0,0,0,0,0,0,0,0
4202,,0,2,0,0,90,-1,1.5,180,0,0,1.5,-0.75,0,0,0,0,180,90,0,0,0,0,2020,0,0,-1,0,0,0,0,0,0,0,0,0,0,0,0,0,0,0,0,0,0,0,0,0,0,0,0,0,0,0,0,0
4250,,0,2,0,0,-1,-1,1.5,180,0,0,1.5,-0.75,0,0,0,0,180,90,0,0,0,0,2000,0,0,-1,0,0,0,0,0,0,0,0,0,0,0,0,0,0,0,0,0,0,0,0,0,0,0,0,0,0,0,0,0
4251,,0,2,0,0,-1,-1,1.5,180,0,0,2,-1.25,0,0,0,0,180,90,0,0,0,0,2000,0,0,-1,0,0,0,0,0,0,0,0,0,0,0,0,0,0,0,0,0,0,0,0,0,0,0,0,0,0,0,0,0
4252,,0,2,0,0,-1,-1,2,180,0,0,2,-2.5,0,0,0,0,180,90,0,0,0,0,2000,0,0,-1,0,0,0,0,0,0,0,0,0,0,0,0,0,0,0,0,0,0,0,0,0,0,0,0,0,0,0,0,0
4253,,0,2,0,0,-1,-1,2,180,0,0,3.5,-2.5,0,0,0,0,180,90,0,0,0,0,2000,0,0,-1,0,0,0,0,0,0,0,0,0,0,0,0,0,0,0,0,0,0,0,0,0,0,0,0,0,0,0,0,0
4260,,0,2,0,0,90,-1,2,180,0,0,2.5,-1.75,0,0,0,0,60,90,0,0,0,0,2000,0,0,-1,0,0,0,0,0,0,0,0,0,0,0,0,0,0,0,0,0,0,0,0,0,0,0,0,0,0,0,0,0
4270,,0,2,0,0,90,-1,2,180,0,0,3.5,-2.5,0,0,0,0,60,90,0,0,0,0,2000,0,0,-1,0,0,0,0,0,0,0,0,0,0,0,0,0,0,0,0,0,0,0,0,0,0,0,0,0,0,0,0,0
4280,,0,2,0,0,90,-1,2.1,180,0,0,2.5,-1.8,0,0,0,0,60,90,0,0,0,0,2000,0,0,-1,0,0,0,0,0,0,0,0,0,0,0,0,0,0,0,0,0,0,0,0,0,0,0,0,0,0,0,0,0
4300,,0,2,0,0,-1,-1,1.5,180,0,0,1,-0.25,0,0,0,0,180,90,0,0,0,0,2030,0,0,-1,0,0,0,0,0,0,0,0,0,0,0,0,0,0,0,0,0,0,0,0,0,0,0,0,0,0,0,0,0
4350,,0,2,0,0,-1,-1,1.5,180,0,0,1.5,-0.75,0,0,0,0,180,255,-1,-1,-1,0,2000,0,0,-1,0,0,0,0,0,0,0,0,0,0,0,0,0,0,0,0,0,0,0,0,0,0,0,0,0,0,0,0,0
4400,,0,1,0,0,-1,-1,1.5,180,0,0,1,-0.25,0,0,0,0,180,255,-1,-1,-1,0,2100,0,0,-1,0.3,0,0,0,0,0,0,0,0,0,0,0,0,0,0,0,0,0,0,0,0,0,0,0,0,0,0,0,0
5000,,0,5,0,0,195,-1,1.5,90,0,0,0.5,-0.25,0,0,0,0,45,255,-1,-1,-1,335544320,3300,0,0,-1,3,0,0,0,0,0,0,0,0,0,0,0,0,0,0,0,0,0,0,0,0,0,0,0,0,0,0,0,0
5010,,0,5,0,0,194,-1,1.5,90,0,0,0.5,-0.25,0,0,0,0,45,255,-1,-1,-1,335544320,3301,0,0,-1,3,0,0,0,0,0,0,0,0,0,0,0,0,0,0,0,0,0,0,0,0,0,0,0,0,0,0,0,0
6000,,0,4,0,0,-1,-1,2.5,180,0,0,2,-1,0,0,0,0,90,255,-1,-1,-1,67108864,7000,0,0,-1,3,0,0,0,0,0,0,0,0,0,0,0,0,0,0,0,0,0,0,0,0,0,0,0,0,0,0,0,0
6001,,0,11,0,0,-1,-1,1.2,180,0,0,1,-0.25,0,0,0,0,90,255,-1,-1,-1,0,7000,0,0,-1,0.51,0,0,0,0,0,0,0,0,0,0,0,0,0,0,0,0,0,0,0,0,0,0,0,0,0,0,0,0
6100,,0,5,0,0,-1,-1,1.5,180,0,0,3,-2.25,0,0,0,0,180,255,-1,-1,-1,67108864,1800,0,0,-1,3,0,0,0,0,0,0,0,0,0,0,0,0,0,0,0,0,0,0,0,0,0,0,0,0,0,0,0,0
6101,,0,5,0,0,-1,-1,1.5,180,0,0,3,-2.25,0,0,0,0,180,255,-1,-1,-1,67108864,1810,0,0,-1,3,0,0,0,0,0,0,0,0,0,0,0,0,0,0,0,0,0,0,0,0,0,0,0,0,0,0,0,0
6102,,0,5,0,0,-1,-1,5.25,180,0,0,0.6,0.05,0,0,0,0,90,255,-1,-1,-1,67108864,1830,0,0,-1,3,0,0,0,0,0,0,0,0,0,0,0,0,0,0,0,0,0,0,0,0,0,0,0,0,0,0,0,0
6103,,0,5,0,0,-1,-1,5.25,180,0,0,0.6,0.05,0,0,0,0,90,255,-1,-1,-1,67108864,1830,0,0,-1,3,0,0,0,0,0,0,0,0,0,0,0,0,0,0,0,0,0,0,0,0,0,0,0,0,0,0,0,0
6200,,0,4,0,0,-1,-1,4.5,180,0,0,1,-0.25,0,0,0,0,90,255,-1,-1,-1,67108864,7000,0,0,-1,3,0,0,0,0,0,0,0,0,0,0,0,0,0,0,0,0,0,0,0,0,0,0,0,0,0,0,0,0
6210,,0,4,0,0,-1,-1,3.5,180,0,0,2,-1,0,0,0,0,90,255,-1,-1,-1,67108864,7000,0,0,-1,3,0,0,0,0,0,0,0,0,0,0,0,0,0,0,0,0,0,0,0,0,0,0,0,0,0,0,0,0
6220,,0,5,0,0,-1,-1,6.5,180,0,0,2,-1,0,0,0,0,90,255,-1,-1,-1,67108864,7000,0,0,-1,3,0,0,0,0,0,0,0,0,0,0,0,0,0,0,0,0,0,0,0,0,0,0,0,0,0,0,0,0
6221,,0,4,0,0,-1,-1,6.5,180,0,0,2,-1,0,0,0,0,90,255,-1,-1,-1,67108864,7060,0,0,-1,3,0,0,0,0,0,0,0,0,0,0,0,0,0,0,0,0,0,0,0,0,0,0,0,0,0,0,0,0
6222,,0,4,0,0,-1,-1,7.5,180,0,0,2,-1,0,0,0,0,90,255,-1,-1,-1,67108864,7000,0,0,-1,3,0,0,0,0,0,0,0,0,0,0,0,0,0,0,0,0,0,0,0,0,0,0,0,0,0,0,0,0
6230,,0,2,0,0,-1,-1,2.5,45,0,0,2,-1,0,0,0,0,90,255,-1,-1,-1,67108864,7150,0,0,-1,3,0,0,0,0,0,0,0,0,0,0,0,0,0,0,0,0,0,0,0,0,0,0,0,0,0,0,0,0
6231,,0,4,0,0,-1,-1,2.5,180,0,0,2,-1,0,0,0,0,90,255,-1,-1,-1,67108864,1000,0,0,-1,3,0,0,0,0,0,0,0,0,0,0,0,0,0,0,0,0,0,0,0,0,0,0,0,0,0,0,0,0
6240,,0,4,0,0,-1,-1,8.5,180,0,0,2,-1,0,0,0,0,90,255,-1,-1,-1,67108864,7000,0,0,-1,3,0,0,0,0,0,0,0,0,0,0,0,0,0,0,0,0,0,0,0,0,0,0,0,0,0,0,0,0
6250,,0,4,0,0,-1,-1,2.5,180,0,0,2,-1,0,0,0,0,180,255,-1,-1,-1,67108864,7030,0,0,-1,3,0,0,0,0,0,0,0,0,0,0,0,0,0,0,0,0,0,0,0,0,0,0,0,0,0,0,0,0
6260,,0,4,0,0,-1,-1,2.5,180,0,0,3.5,-2.5,0,0,0,0,90,255,-1,-1,-1,67108864,7000,0,0,-1,3,0,0,0,0,0,0,0,0,0,0,0,0,0,0,0,0,0,0,0,0,0,0,0,0,0,0,0,0
6270,,0,4,0,0,-1,-1,3.5,180,0,0,2,-1,0,0,0,0,90,255,-1,-1,-1,67108864,7000,0,0,-1,3,0,0,0,0,0,0,0,0,0,0,0,0,0,0,0,0,0,0,0,0,0,0,0,0,0,0,0,0
6271,,0,4,0,0,-1,-1,15.5,180,0,0,5.5,-3.5,0,0,0,0,90,255,-1,-1,-1,67108864,7000,0,0,-1,3,0,0,0,0,0,0,0,0,0,0,0,0,0,0,0,0,0,0,0,0,0,0,0,0,0,0,0,0
6280,,0,4,0,0,-1,-1,2,180,0,0,2,-1,0,0,0,0,90,255,-1,-1,-1,67108864,7000,0,0,-1,3,0,0,0,0,0,0,0,0,0,0,0,0,0,0,0,0,0,0,0,0,0,0,0,0,0,0,0,0
6290,,0,4,0,0,-1,-1,2.5,180,0,0,2,-1,0,0,0,0,90,255,-1,-1,-1,67108864,7090,0,0,-1,3,0,0,0,0,0,0,0,0,0,0,0,0,0,0,0,0,0,0,0,0,0,0,0,0,0,0,0,0
6291,,0,4,0,0,-1,-1,3.5,180,0,0,2,-1,0,0,0,0,90,255,-1,-1,-1,67108864,7000,0,0,-1,3,0,0,0,0,0,0,0,0,0,0,0,0,0,0,0,0,0,0,0,0,0,0,0,0,0,0,0,0
6292,,0,4,0,0,-1,-1,2.5,180,0,0,2,-1,0,0,0,0,90,255,-1,-1,-1,67108864,7100,0,0,-1,3,0,0,0,0,0,0,0,0,0,0,0,0,0,0,0,0,0,0,0,0,0,0,0,0,0,0,0,0
6300,,0,4,0,0,-1,-1,2.5,180,0,0,2,-1,0,0,0,0,90,255,-1,-1,-1,67108864,7000,0,0,-1,3,0,0,0,0,0,0,0,0,0,0,0,0,0,0,0,0,0,0,0,0,0,0,0,0,0,0,0,0
6310,,0,4,0,0,-1,-1,2.5,180,0,0,2,-1,0,0,0,0,90,255,-1,-1,-1,67108864,7050,0,0,-1,3,0,0,0,0,0,0,0,0,0,0,0,0,0,0,0,0,0,0,0,0,0,0,0,0,0,0,0,0
6320,,0,4,0,0,-1,-1,2.5,180,0,0,2,-1,0,0,0,0,90,255,-1,-1,-1,67108864,7080,0,0,-1,3,0,0,0,0,0,0,0,0,0,0,0,0,0,0,0,0,0,0,0,0,0,0,0,0,0,0,0,0
6321,,0,4,0,0,-1,-1,3,180,0,0,2,-1,0,0,0,0,90,255,-1,-1,-1,67108864,7120,0,0,-1,3,0,0,0,0,0,0,0,0,0,0,0,0,0,0,0,0,0,0,0,0,0,0,0,0,0,0,0,0
6330,,0,4,0,0,-1,-1,2.5,90,0,0,2,-1,0,0,0,0,90,255,-1,-1,-1,67108864,7110,0,0,-1,3,0,0,0,0,0,0,0,0,0,0,0,0,0,0,0,0,0,0,0,0,0,0,0,0,0,0,0,0
6331,,0,4,0,0,-1,-1,2.5,180,0,0,2,-1,0,0,0,0,90,255,-1,-1,-1,67108864,7111,0,0,-1,3,0,0,0,0,0,0,0,0,0,0,0,0,0,0,0,0,0,0,0,0,0,0,0,0,0,0,0,0
6332,,0,4,0,0,-1,-1,2.5,90,0,0,2,-1,0,0,0,0,90,255,-1,-1,-1,67108864,7000,0,0,-1,3,0,0,0,0,0,0,0,0,0,0,0,0,0,0,0,0,0,0,0,0,0,0,0,0,0,0,0,0
6340,,0,4,0,0,-1,-1,2.5,180,0,0,2,-1,0,0,0,0,90,255,-1,-1,-1,67108864,7130,0,0,-1,3,0,0,0,0,0,0,0,0,0,0,0,0,0,0,0,0,0,0,0,0,0,0,0,0,0,0,0,0
6350,,0,4,0,0,-1,-1,2.5,180,0,0,2,-1,0,0,0,0,90,255,-1,-1,-1,67108864,7140,0,0,-1,3,0,0,0,0,0,0,0,0,0,0,0,0,0,0,0,0,0,0,0,0,0,0,0,0,0,0,0,0
6360,,0,4,0,0,-1,-1,6,180,0,0,2,-1,0,0,0,0,90,255,-1,-1,-1,67108864,7000,0,0,-1,3,0,0,0,0,0,0,0,0,0,0,0,0,0,0,0,0,0,0,0,0,0,0,0,0,0,0,0,0
6361,,0,2,0,0,-1,-1,3,180,0,0,2.5,-1.75,0,0,0,0,180,255,-1,-1,-1,67108864,2000,0,0,-1,0,0,0,0,0,0,0,0,0,0,0,0,0,0,0,0,0,0,0,0,0,0,0,0,0,0,0,0,0
6370,,0,4,0,0,-1,-1,2.5,180,0,0,2,-1,0,0,0,0,90,255,-1,-1,-1,67108864,7170,0,0,-1,3,0,0,0,0,0,0,0,0,0,0,0,0,0,0,0,0,0,0,0,0,0,0,0,0,0,0,0,0
6380,,0,4,0,0,-1,-1,2.5,180,0,0,2,-1,0,0,0,0,90,255,-1,-1,-1,67108864,7190,0,0,-1,3,0,0,0,0,0,0,0,0,0,0,0,0,0,0,0,0,0,0,0,0,0,0,0,0,0,0,0,0
6390,,0,4,0,0,-1,-1,2.5,180,0,0,2,-1,0,0,0,0,90,255,-1,-1,-1,67108864,7200,0,0,-1,3,0,0,0,0,0,0,0,0,0,0,0,0,0,0,0,0,0,0,0,0,0,0,0,0,0,0,0,0
6400,,0,4,0,0,-1,-1,2.5,180,0,0,1,-0.25,0,0,0,0,90,255,-1,-1,-1,67108864,7000,0,0,-1,3,0,0,0,0,0,0,0,0,0,0,0,0,0,0,0,0,0,0,0,0,0,0,0,0,0,0,0,0
6410,,0,4,0,0,-1,-1,2.5,180,0,0,2,-1,0,0,0,0,90,255,-1,-1,-1,67108864,7211,0,0,-1,3,0,0,0,0,0,0,0,0,0,0,0,0,0,0,0,0,0,0,0,0,0,0,0,0,0,0,0,0
6411,,0,2,0,0,-1,-1,2.5,180,0,0,2,-1,0,0,0,0,90,255,-1,-1,-1,67108864,7211,0,0,-1,3,0,0,0,0,0,0,0,0,0,0,0,0,0,0,0,0,0,0,0,0,0,0,0,0,0,0,0,0
6412,,0,5,0,0,-1,-1,2.5,180,0,0,2,-1,0,0,0,0,90,255,-1,-1,-1,67108864,7211,0,0,-1,3,0,0,0,0,0,0,0,0,0,0,0,0,0,0,0,0,0,0,0,0,0,0,0,0,0,0,0,0
6413,,0,4,0,0,-1,-1,2.5,180,0,0,2,-1,0,0,0,0,90,255,-1,-1,-1,67108864,7210,0,0,-1,3,0,0,0,0,0,0,0,0,0,0,0,0,0,0,0,0,0,0,0,0,0,0,0,0,0,0,0,0
6414,,0,4,0,0,-1,-1,2.5,180,0,0,3,-2,0,0,0,0,90,255,-1,-1,-1,67108864,7000,0,0,-1,3,0,0,0,0,0,0,0,0,0,0,0,0,0,0,0,0,0,0,0,0,0,0,0,0,0,0,0,0
6420,,0,4,0,0,-1,-1,2.5,180,0,0,2,-1,0,0,0,0,90,255,-1,-1,-1,67108864,7220,0,0,-1,3,0,0,0,0,0,0,0,0,0,0,0,0,0,0,0,0,0,0,0,0,0,0,0,0,0,0,0,0
6430,,0,4,0,0,270,-1,2.5,180,0,0,2,-1,0,0,0,0,90,255,-1,-1,-1,67108864,7230,0,0,-1,3,0,0,0,0,0,0,0,0,0,0,0,0,0,0,0,0,0,0,0,0,0,0,0,0,0,0,0,0
6440,,0,2,0,0,-1,-1,1.5,180,0,0,1,-0.25,0,0,0,0,180,255,-1,-1,-1,67108864,7242,0,0,-1,0,0,0,0,0,0,0,0,0,0,0,0,0,0,0,0,0,0,0,0,0,0,0,0,0,0,0,0,0
6450,,0,2,0,0,-1,-1,1.5,180,0,0,1,-0.25,0,0,0,0,180,255,-1,-1,-1,67108864,7240,0,0,-1,0,0,0,0,0,0,0,0,0,0,0,0,0,0,0,0,0,0,0,0,0,0,0,0,0,0,0,0,0
6460,,0,2,0,0,-1,-1,1.5,180,0,0,2,-1,0,0,0,0,180,255,-1,-1,-1,67108864,7241,0,0,-1,0,0,0,0,0,0,0,0,0,0,0,0,0,0,0,0,0,0,0,0,0,0,0,0,0,0,0,0,0
6470,,0,4,0,0,-1,-1,2.5,90,0,0,2,-1,0,0,0,0,45,255,-1,-1,-1,67108864,7160,0,0,-1,3,0,0,0,0,0,0,0,0,0,0,0,0,0,0,0,0,0,0,0,0,0,0,0,0,0,0,0,0
6471,,0,2,0,0,-1,-1,1.5,180,0,0,1.5,-0.75,0,0,0,0,180,255,-1,-1,-1,67108864,7161,0,0,-1,0,0,0,0,0,0,0,0,0,0,0,0,0,0,0,0,0,0,0,0,0,0,0,0,0,0,0,0,0
6472,,0,2,0,0,-1,-1,1.5,180,0,0,1.5,-0.75,0,0,0,0,180,255,-1,-1,-1,67108864,7162,0,0,-1,0,0,0,0,0,0,0,0,0,0,0,0,0,0,0,0,0,0,0,0,0,0,0,0,0,0,0,0,0
6480,,0,4,0,0,-1,-1,2.5,180,0,0,2,-1,0,0,0,0,90,255,-1,-1,-1,67108864,7180,0,0,-1,3,0,0,0,0,0,0,0,0,0,0,0,0,0,0,0,0,0,0,0,0,0,0,0,0,0,0,0,0
6490,,0,4,0,0,-1,-1,4,180,0,0,2,-1,0,0,0,0,90,255,-1,-1,-1,67108864,7000,0,0,-1,3,0,0,0,0,0,0,0,0,0,0,0,0,0,0,0,0,0,0,0,0,0,0,0,0,0,0,0,0
6500,,0,4,0,0,-1,-1,3.5,180,0,0,2,-1,0,0,0,0,90,255,-1,-1,-1,67108864,7000,0,0,-1,3,0,0,0,0,0,0,0,0,0,0,0,0,0,0,0,0,0,0,0,0,0,0,0,0,0,0,0,0
6510,,0,2,0,0,-1,-1,2.5,180,0,0,2,-1,0,0,0,0,90,255,-1,-1,-1,67108864,7260,0,0,-1,3,0,0,0,0,0,0,0,0,0,0,0,0,0,0,0,0,0,0,0,0,0,0,0,0,0,0,0,0
6511,,0,8,0,0,-1,-1,1.5,180,0,0,1.5,-0.75,0,0,0,0,180,255,-1,-1,-1,0,50000100,0,0,-1,3,0,0,0,0,0,0,0,0,0,0,0,0,0,0,0,0,0,0,0,0,0,0,0,0,0,0,0,0
6519,,0,4,0,0,-1,-1,11,180,0,0,2,-1,0,0,0,0,90,255,-1,-1,-1,67108864,7250,0,0,-1,3,0,0,0,0,0,0,0,0,0,0,0,0,0,0,0,0,0,0,0,0,0,0,0,0,0,0,0,0
6520,,1,5,0,0,-1,-1,0,180,2.2,0.5,3,-2.25,0,0,0,0,180,255,-1,-1,-1,335544320,10010530,0,0,-1,3,0,0,0,0,0,0,0,0,0,0,0,0,0,0,0,0,0,0,0,0,0,0,0,0,0,0,0,0
6521,,1,5,0,0,-1,-1,0,180,2.8,0.8,3,-2.25,0,0,0,0,180,255,-1,-1,-1,335544320,10010530,0,0,-1,3,0,0,0,0,0,0,0,0,0,0,0,0,0,0,0,0,0,0,0,0,0,0,0,0,0,0,0,0
6522,,1,5,0,0,-1,-1,0,180,3.5,1,3,-2.25,0,0,0,0,180,255,-1,-1,-1,335544320,10010530,0,0,-1,3,0,0,0,0,0,0,0,0,0,0,0,0,0,0,0,0,0,0,0,0,0,0,0,0,0,0,0,0
6523,,1,5,0,0,-1,-1,0,180,4.5,1.4,3,-2.25,0,0,0,0,180,255,-1,-1,-1,335544320,10010530,0,0,-1,3,0,0,0,0,0,0,0,0,0,0,0,0,0,0,0,0,0,0,0,0,0,0,0,0,0,0,0,0
6530,,1,5,0,0,-1,-1,0,180,4.5,1.4,3,-2.25,0,0,0,0,180,255,-1,-1,-1,335544320,10010550,0,0,-1,3,0,0,0,0,0,0,0,0,0,0,0,0,0,0,0,0,0,0,0,0,0,0,0,0,0,0,0,0
6531,,1,5,0,0,-1,-1,0,180,4.5,1.4,3,-2.25,0,0,0,0,180,255,-1,-1,-1,335544320,10010551,0,0,-1,3,0,0,0,0,0,0,0,0,0,0,0,0,0,0,0,0,0,0,0,0,0,0,0,0,0,0,0,0
6532,,1,5,0,0,-1,-1,0,180,4.5,1.4,3,-2.25,0,0,0,0,180,255,-1,-1,-1,335544320,10010552,0,0,-1,3,0,0,0,0,0,0,0,0,0,0,0,0,0,0,0,0,0,0,0,0,0,0,0,0,0,0,0,0
6533,,1,5,0,0,-1,-1,0,180,4.5,1.4,3,-2.25,0,0,0,0,180,255,-1,-1,-1,335544320,10010553,0,0,-1,3,0,0,0,0,0,0,0,0,0,0,0,0,0,0,0,0,0,0,0,0,0,0,0,0,0,0,0,0
6534,,1,5,0,0,-1,-1,0,180,4.5,1.4,3,-2.25,0,0,0,0,180,255,-1,-1,-1,335544320,10010554,0,0,-1,3,0,0,0,0,0,0,0,0,0,0,0,0,0,0,0,0,0,0,0,0,0,0,0,0,0,0,0,0
6540,,0,4,0,0,-1,-1,2.5,115,0,0,2,-1,0,0,0,0,90,255,-1,-1,-1,67108864,7000,0,0,-1,3,0,0,0,0,0,0,0,0,0,0,0,0,0,0,0,0,0,0,0,0,0,0,0,0,0,0,0,0
6550,,0,5,0,0,-1,-1,2,180,0,0,2,-1,0,0,0,0,180,255,-1,-1,-1,335544320,99994005,0,0,-1,3,0,0,0,0,0,0,0,0,0,0,0,0,0,0,0,0,0,0,0,0,0,0,0,0,0,0,0,0
6560,,0,5,0,0,-1,-1,2,180,0,0,2,-1,0,0,0,0,180,255,-1,-1,-1,335544320,99992005,0,0,-1,3,0,0,0,0,0,0,0,0,0,0,0,0,0,0,0,0,0,0,0,0,0,0,0,0,0,0,0,0
6570,,0,4,0,0,-1,-1,40,40,0,0,13.5,-8,0,0,0,0,45,255,-1,-1,-1,67108864,7000,0,0,-1,3,0,0,0,0,0,0,0,0,0,0,0,0,0,0,0,0,0,0,0,0,0,0,0,0,0,0,0,0
6580,,0,4,0,0,-1,-1,2.5,180,0,0,2,-1,0,0,0,0,90,255,-1,-1,-1,67108864,7270,0,0,-1,3,0,0,0,0,0,0,0,0,0,0,0,0,0,0,0,0,0,0,0,0,0,0,0,0,0,0,0,0
6590,,0,4,0,0,-1,-1,2.5,180,0,0,2,-1,0,0,0,0,90,255,-1,-1,-1,67108864,7280,0,0,-1,3,0,0,0,0,0,0,0,0,0,0,0,0,0,0,0,0,0,0,0,0,0,0,0,0,0,0,0,0
6600,,0,4,0,0,-1,-1,1.5,180,0,0,1.5,-0.55,0,0,0,0,180,255,-1,-1,-1,335544320,7000,0,0,-1,3,0,0,0,0,0,0,0,0,0,0,0,0,0,0,0,0,0,0,0,0,0,0,0,0,0,0,0,0
6700,,0,4,0,0,-1,-1,2,180,0,0,1,-0.25,0,0,0,0,180,255,-1,-1,-1,335544320,1000,0,0,-1,3,0,0,0,0,0,0,0,0,0,0,0,0,0,0,0,0,0,0,0,0,0,0,0,0,0,0,0,0
7100,,0,5,0,0,100,-1,1.2,90,0,0,1,-0.25,0,0,0,0,90,255,-1,-1,-1,335544320,3100,0,0,-1,3,0,0,0,0,0,0,0,0,0,0,0,0,0,0,0,0,0,0,0,0,0,0,0,0,0,0,0,0
7101,,0,5,0,0,101,-1,1.2,90,0,0,1,-0.25,0,0,0,0,90,255,-1,-1,-1,335544320,3100,0,0,-1,3,0,0,0,0,0,0,0,0,0,0,0,0,0,0,0,0,0,0,0,0,0,0,0,0,0,0,0,0
7102,,0,5,0,0,100,-1,1.2,90,0,0,1.5,-1,0,0,0,0,90,255,-1,-1,-1,335544320,3100,0,0,-1,3,0,0,0,0,0,0,0,0,0,0,0,0,0,0,0,0,0,0,0,0,0,0,0,0,0,0,0,0
7110,,0,5,0,0,100,-1,1.2,90,0,0,1,-0.25,0,0,0,0,90,255,-1,-1,-1,335544320,3101,0,0,-1,3,0,0,0,0,0,0,0,0,0,0,0,0,0,0,0,0,0,0,0,0,0,0,0,0,0,0,0,0
7200,,0,5,0,0,100,-1,1.2,90,0,0,1,-0.25,0,0,0,0,90,255,-1,-1,-1,335544320,3100,201,0,-1,3,0,0,0,0,0,0,0,0,0,0,0,0,0,0,0,0,0,0,0,0,0,0,0,0,0,0,0,0
7201,,0,5,0,0,101,-1,1.2,90,0,0,1,-0.25,0,0,0,0,90,255,-1,-1,-1,335544320,3100,201,0,-1,3,0,0,0,0,0,0,0,0,0,0,0,0,0,0,0,0,0,0,0,0,0,0,0,0,0,0,0,0
7202,,0,5,0,0,100,-1,1.2,90,0,0,1.5,-1,0,0,0,0,90,255,-1,-1,-1,335544320,3100,201,0,-1,3,0,0,0,0,0,0,0,0,0,0,0,0,0,0,0,0,0,0,0,0,0,0,0,0,0,0,0,0
7210,,0,5,0,0,100,-1,1.2,90,0,0,1,-0.25,0,0,0,0,90,255,-1,-1,-1,335544320,3101,201,0,-1,3,0,0,0,0,0,0,0,0,0,0,0,0,0,0,0,0,0,0,0,0,0,0,0,0,0,0,0,0
7220,,0,5,0,0,100,-1,1.2,90,0,0,1.25,-0.5,0,0,0,0,90,255,-1,-1,-1,335544320,3100,201,0,-1,3,0,0,0,0,0,0,0,0,0,0,0,0,0,0,0,0,0,0,0,0,0,0,0,0,0,0,0,0
7300,,0,5,0,0,100,-1,1.2,90,0,0,1,-0.25,0,0,0,0,90,255,-1,-1,-1,335544320,3100,202,0,-1,3,0,0,0,0,0,0,0,0,0,0,0,0,0,0,0,0,0,0,0,0,0,0,0,0,0,0,0,0
7301,,0,5,0,0,101,-1,1.2,90,0,0,1,-0.25,0,0,0,0,90,255,-1,-1,-1,335544320,3100,202,0,-1,3,0,0,0,0,0,0,0,0,0,0,0,0,0,0,0,0,0,0,0,0,0,0,0,0,0,0,0,0
7320,,0,5,0,0,100,-1,1.2,90,0,0,1.25,-0.5,0,0,0,0,90,255,-1,-1,-1,335544320,3100,202,0,-1,3,0,0,0,0,0,0,0,0,0,0,0,0,0,0,0,0,0,0,0,0,0,0,0,0,0,0,0,0
7800,,0,2,0,0,-1,-1,2.5,180,0,0,1.5,-0.75,0,0,0,0,180,255,-1,-1,-1,0,2800,0,0,-1,0,0,0,0,0,0,0,0,0,0,0,0,0,0,0,0,0,0,0,0,0,0,0,0,0,0,0,0,0
7810,,0,2,0,0,-1,-1,2.5,180,0,0,1.5,-0.75,0,0,0,0,180,255,-1,-1,-1,0,2810,0,0,7860,0,0,0,0,0,0,0,0,0,0,0,0,0,0,0,0,0,0,0,0,0,0,0,0,0,0,0,0,0
7811,,0,2,0,0,-1,-1,2.5,180,0,0,1.5,-0.75,0,0,0,0,180,255,-1,-1,-1,0,2811,0,0,7861,0,0,0,0,0,0,0,0,0,0,0,0,0,0,0,0,0,0,0,0,0,0,0,0,0,0,0,0,0
7812,,0,2,0,0,-1,-1,2.5,180,0,0,1.5,-0.75,0,0,0,0,180,255,-1,-1,-1,0,2812,0,0,7862,0,0,0,0,0,0,0,0,0,0,0,0,0,0,0,0,0,0,0,0,0,0,0,0,0,0,0,0,0
7813,,0,2,0,0,-1,-1,2.5,180,0,0,1.5,-0.75,0,0,0,0,180,255,-1,-1,-1,0,2813,0,0,7863,0,0,0,0,0,0,0,0,0,0,0,0,0,0,0,0,0,0,0,0,0,0,0,0,0,0,0,0,0
7814,,0,2,0,0,-1,-1,2.5,180,0,0,1.5,-0.75,0,0,0,0,180,255,-1,-1,-1,0,2814,0,0,7864,0,0,0,0,0,0,0,0,0,0,0,0,0,0,0,0,0,0,0,0,0,0,0,0,0,0,0,0,0
7815,,0,2,0,0,-1,-1,2.5,180,0,0,1.5,-0.75,0,0,0,0,180,255,-1,-1,-1,0,2815,0,0,7865,0,0,0,0,0,0,0,0,0,0,0,0,0,0,0,0,0,0,0,0,0,0,0,0,0,0,0,0,0
7816,,0,2,0,0,-1,-1,2.5,180,0,0,1.5,-0.75,0,0,0,0,180,255,-1,-1,-1,0,2816,0,0,7866,0,0,0,0,0,0,0,0,0,0,0,0,0,0,0,0,0,0,0,0,0,0,0,0,0,0,0,0,0
7817,,0,2,0,0,-1,-1,2.5,180,0,0,1.5,-0.75,0,0,0,0,180,255,-1,-1,-1,0,2817,0,0,7867,0,0,0,0,0,0,0,0,0,0,0,0,0,0,0,0,0,0,0,0,0,0,0,0,0,0,0,0,0
7818,,0,2,0,0,-1,-1,2.5,180,0,0,1.5,-0.75,0,0,0,0,180,255,-1,-1,-1,0,2818,0,0,7868,0,0,0,0,0,0,0,0,0,0,0,0,0,0,0,0,0,0,0,0,0,0,0,0,0,0,0,0,0
7819,,0,2,0,0,-1,-1,2.5,180,0,0,1.5,-0.75,0,0,0,0,180,255,-1,-1,-1,0,2819,0,0,7869,0,0,0,0,0,0,0,0,0,0,0,0,0,0,0,0,0,0,0,0,0,0,0,0,0,0,0,0,0
7820,,0,2,0,0,-1,-1,2.5,180,0,0,1.5,-0.75,0,0,0,0,180,255,-1,-1,-1,0,2820,0,0,7870,0,0,0,0,0,0,0,0,0,0,0,0,0,0,0,0,0,0,0,0,0,0,0,0,0,0,0,0,0
7821,,0,2,0,0,-1,-1,2.5,180,0,0,1.5,-0.75,0,0,0,0,180,255,-1,-1,-1,0,2821,0,0,7871,0,0,0,0,0,0,0,0,0,0,0,0,0,0,0,0,0,0,0,0,0,0,0,0,0,0,0,0,0
7822,,0,2,0,0,-1,-1,2.5,180,0,0,1.5,-0.75,0,0,0,0,180,255,-1,-1,-1,0,2822,0,0,7872,0,0,0,0,0,0,0,0,0,0,0,0,0,0,0,0,0,0,0,0,0,0,0,0,0,0,0,0,0
7823,,0,2,0,0,-1,-1,2.5,180,0,0,2.75,-2,0,0,0,0,180,255,-1,-1,-1,0,2823,0,0,7873,0,0,0,0,0,0,0,0,0,0,0,0,0,0,0,0,0,0,0,0,0,0,0,0,0,0,0,0,0
7824,,0,2,0,0,-1,-1,2.5,180,0,0,2.75,-2,0,0,0,0,180,255,-1,-1,-1,0,2824,0,0,7874,0,0,0,0,0,0,0,0,0,0,0,0,0,0,0,0,0,0,0,0,0,0,0,0,0,0,0,0,0
7825,,0,2,0,0,-1,-1,2.5,180,0,0,1.5,-0.75,0,0,0,0,180,255,-1,-1,-1,0,2825,0,0,7875,0,0,0,0,0,0,0,0,0,0,0,0,0,0,0,0,0,0,0,0,0,0,0,0,0,0,0,0,0
7826,,0,2,0,0,-1,-1,2.5,180,0,0,1.5,-0.75,0,0,0,0,180,255,-1,-1,-1,0,2826,0,0,7876,0,0,0,0,0,0,0,0,0,0,0,0,0,0,0,0,0,0,0,0,0,0,0,0,0,0,0,0,0
7827,,0,2,0,0,-1,-1,2.5,180,0,0,1.5,-0.75,0,0,0,0,180,255,-1,-1,-1,0,2827,0,0,7877,0,0,0,0,0,0,0,0,0,0,0,0,0,0,0,0,0,0,0,0,0,0,0,0,0,0,0,0,0
7828,,0,2,0,0,-1,-1,2.5,180,0,0,1.5,-0.75,0,0,0,0,180,255,-1,-1,-1,0,2828,0,0,7878,0,0,0,0,0,0,0,0,0,0,0,0,0,0,0,0,0,0,0,0,0,0,0,0,0,0,0,0,0
7850,,0,2,0,0,-1,-1,3.8,180,0,0,2.5,-1,0,0,0,0,180,255,-1,-1,-1,0,2810,0,0,-1,0,0,0,0,0,0,0,0,0,0,0,0,0,0,0,0,0,0,0,0,0,0,0,0,0,0,0,0,0
7860,,0,2,0,0,-1,-1,3.8,180,0,0,2.5,-1,0,0,0,0,180,255,-1,-1,-1,0,2810,0,0,-1,0,0,0,0,0,0,0,0,0,0,0,0,0,0,0,0,0,0,0,0,0,0,0,0,0,0,0,0,0
7861,,0,2,0,0,-1,-1,3.8,180,0,0,2.5,-1,0,0,0,0,180,255,-1,-1,-1,0,2811,0,0,-1,0,0,0,0,0,0,0,0,0,0,0,0,0,0,0,0,0,0,0,0,0,0,0,0,0,0,0,0,0
7862,,0,2,0,0,-1,-1,3.8,180,0,0,2.5,-1,0,0,0,0,180,255,-1,-1,-1,0,2812,0,0,-1,0,0,0,0,0,0,0,0,0,0,0,0,0,0,0,0,0,0,0,0,0,0,0,0,0,0,0,0,0
7863,,0,2,0,0,-1,-1,3.8,180,0,0,2.5,-1,0,0,0,0,180,255,-1,-1,-1,0,2813,0,0,-1,0,0,0,0,0,0,0,0,0,0,0,0,0,0,0,0,0,0,0,0,0,0,0,0,0,0,0,0,0
7864,,0,2,0,0,-1,-1,3.8,180,0,0,2.5,-1,0,0,0,0,180,255,-1,-1,-1,0,2814,0,0,-1,0,0,0,0,0,0,0,0,0,0,0,0,0,0,0,0,0,0,0,0,0,0,0,0,0,0,0,0,0
7865,,0,2,0,0,-1,-1,3.8,180,0,0,2.5,-1,0,0,0,0,180,255,-1,-1,-1,0,2815,0,0,-1,0,0,0,0,0,0,0,0,0,0,0,0,0,0,0,0,0,0,0,0,0,0,0,0,0,0,0,0,0
7866,,0,2,0,0,-1,-1,3.8,180,0,0,2.5,-1,0,0,0,0,180,255,-1,-1,-1,0,2816,0,0,-1,0,0,0,0,0,0,0,0,0,0,0,0,0,0,0,0,0,0,0,0,0,0,0,0,0,0,0,0,0
7867,,0,2,0,0,-1,-1,3.8,180,0,0,2.5,-1,0,0,0,0,180,255,-1,-1,-1,0,2817,0,0,-1,0,0,0,0,0,0,0,0,0,0,0,0,0,0,0,0,0,0,0,0,0,0,0,0,0,0,0,0,0
7868,,0,2,0,0,-1,-1,3.8,180,0,0,2.5,-1,0,0,0,0,180,255,-1,-1,-1,0,2818,0,0,-1,0,0,0,0,0,0,0,0,0,0,0,0,0,0,0,0,0,0,0,0,0,0,0,0,0,0,0,0,0
7869,,0,2,0,0,-1,-1,3.8,180,0,0,2.5,-1,0,0,0,0,180,255,-1,-1,-1,0,2819,0,0,-1,0,0,0,0,0,0,0,0,0,0,0,0,0,0,0,0,0,0,0,0,0,0,0,0,0,0,0,0,0
7870,,0,2,0,0,-1,-1,3.8,180,0,0,2.5,-1,0,0,0,0,180,255,-1,-1,-1,0,2820,0,0,-1,0,0,0,0,0,0,0,0,0,0,0,0,0,0,0,0,0,0,0,0,0,0,0,0,0,0,0,0,0
7871,,0,2,0,0,-1,-1,3.8,180,0,0,2.5,-1,0,0,0,0,180,255,-1,-1,-1,0,2821,0,0,-1,0,0,0,0,0,0,0,0,0,0,0,0,0,0,0,0,0,0,0,0,0,0,0,0,0,0,0,0,0
7872,,0,2,0,0,-1,-1,3.8,180,0,0,2.5,-1,0,0,0,0,180,255,-1,-1,-1,0,2822,0,0,-1,0,0,0,0,0,0,0,0,0,0,0,0,0,0,0,0,0,0,0,0,0,0,0,0,0,0,0,0,0
7873,,0,2,0,0,-1,-1,3.8,180,0,0,2.75,-2,0,0,0,0,180,255,-1,-1,-1,0,2823,0,0,-1,0,0,0,0,0,0,0,0,0,0,0,0,0,0,0,0,0,0,0,0,0,0,0,0,0,0,0,0,0
7874,,0,2,0,0,-1,-1,3.8,180,0,0,2.75,-2,0,0,0,0,180,255,-1,-1,-1,0,2824,0,0,-1,0,0,0,0,0,0,0,0,0,0,0,0,0,0,0,0,0,0,0,0,0,0,0,0,0,0,0,0,0
7875,,0,2,0,0,-1,-1,3.8,180,0,0,2.5,-1,0,0,0,0,180,255,-1,-1,-1,0,2825,0,0,-1,0,0,0,0,0,0,0,0,0,0,0,0,0,0,0,0,0,0,0,0,0,0,0,0,0,0,0,0,0
7876,,0,2,0,0,-1,-1,3.8,180,0,0,2.5,-1,0,0,0,0,180,255,-1,-1,-1,0,2826,0,0,-1,0,0,0,0,0,0,0,0,0,0,0,0,0,0,0,0,0,0,0,0,0,0,0,0,0,0,0,0,0
7877,,0,2,0,0,-1,-1,3.8,180,0,0,2.5,-1,0,0,0,0,180,255,-1,-1,-1,0,2827,0,0,-1,0,0,0,0,0,0,0,0,0,0,0,0,0,0,0,0,0,0,0,0,0,0,0,0,0,0,0,0,0
7878,,0,2,0,0,-1,-1,3.8,180,0,0,2.5,-1,0,0,0,0,180,255,-1,-1,-1,0,2828,0,0,-1,0,0,0,0,0,0,0,0,0,0,0,0,0,0,0,0,0,0,0,0,0,0,0,0,0,0,0,0,0
8000,,1,5,0,0,100,-1,0,180,1.1,0.7,1,-0.25,0,0,0,0,60,255,-1,-1,-1,335544320,3100,201,0,-1,3,0,0,0,0,0,0,0,0,0,0,0,0,0,0,0,0,0,0,0,0,0,0,0,0,0,0,0,0
8100,,0,5,0,0,-1,-1,1.5,180,0,0,1,-0.25,0,0,0,0,180,255,-1,-1,-1,335544320,3100,0,0,-1,3,0,0,0,0,0,0,0,0,0,0,0,0,0,0,0,0,0,0,0,0,0,0,0,0,0,0,0,0
8200,,0,5,0,0,-1,-1,1.5,180,0,0,1,-0.25,0,0,0,0,180,255,-1,-1,-1,335544320,3000,0,0,-1,3,0,0,0,0,0,0,0,0,0,0,0,0,0,0,0,0,0,0,0,0,0,0,0,0,0,0,0,0
8300,,0,5,0,0,190,-1,1.5,90,0,0,2,-0.8,0,0,0,0,180,193,0,0,0,335544320,3000,0,0,-1,3,0,0,0,0,0,0,0,0,0,0,0,0,0,0,0,0,0,0,0,0,0,0,0,0,0,0,0,0
8301,,0,5,0,0,192,-1,1.5,90,0,0,2,-0.8,0,0,0,0,180,193,0,0,0,335544320,3000,0,0,-1,3,0,0,0,0,0,0,0,0,0,0,0,0,0,0,0,0,0,0,0,0,0,0,0,0,0,0,0,0
8302,,0,5,0,0,102,-1,1.5,90,0,0,1,-1,0,0,0,0,60,104,0,0,0,335544320,3000,0,0,-1,3,0,0,0,0,0,0,0,0,0,0,0,0,0,0,0,0,0,0,0,0,0,0,0,0,0,0,0,0
8310,,0,5,0,0,190,-1,1.5,90,0,0,2,-0.8,0,0,0,0,90,191,0,0,0,335544320,3000,0,0,-1,3,0,0,0,0,0,0,0,0,0,0,0,0,0,0,0,0,0,0,0,0,0,0,0,0,0,0,0,0
8320,,0,5,0,0,192,-1,1.5,90,0,0,2,-0.8,0,0,0,0,60,191,0,0,0,335544320,3000,0,0,-1,3,0,0,0,0,0,0,0,0,0,0,0,0,0,0,0,0,0,0,0,0,0,0,0,0,0,0,0,0
8400,,0,5,0,0,190,-1,1.5,90,0,0,2,-0.8,0,0,0,0,180,193,0,0,0,335544320,3000,201,0,-1,3,0,0,0,0,0,0,0,0,0,0,0,0,0,0,0,0,0,0,0,0,0,0,0,0,0,0,0,0
8401,,0,5,0,0,192,-1,1.5,90,0,0,2,-0.8,0,0,0,0,180,193,0,0,0,335544320,3000,201,0,-1,3,0,0,0,0,0,0,0,0,0,0,0,0,0,0,0,0,0,0,0,0,0,0,0,0,0,0,0,0
8402,,0,5,0,0,102,-1,1.5,90,0,0,1.5,-1.5,0,0,0,0,60,104,0,0,0,335544320,3000,201,0,-1,3,0,0,0,0,0,0,0,0,0,0,0,0,0,0,0,0,0,0,0,0,0,0,0,0,0,0,0,0
8403,,0,5,0,0,102,-1,1.5,90,0,0,1.5,-1.5,0,0,0,0,90,104,0,0,0,335544320,3010,201,0,-1,3,0,0,0,0,0,0,0,0,0,0,0,0,0,0,0,0,0,0,0,0,0,0,0,0,0,0,0,0
8420,,0,5,0,0,192,-1,1.5,90,0,0,2,-0.8,0,0,0,0,60,191,0,0,0,335544320,3000,201,0,-1,3,0,0,0,0,0,0,0,0,0,0,0,0,0,0,0,0,0,0,0,0,0,0,0,0,0,0,0,0
8501,,0,5,0,0,192,-1,1.5,90,0,0,2,-0.8,0,0,0,0,180,193,0,0,0,335544320,3000,6001,0,-1,3,0,0,0,0,0,0,0,0,0,0,0,0,0,0,0,0,0,0,0,0,0,0,0,0,0,0,0,0
8920,,0,5,0,0,101,-1,1.2,90,0,0,1,-0.25,0,0,0,0,90,255,-1,-1,-1,335544320,3100,0,0,-1,3,0,0,0,0,0,0,0,0,0,0,0,0,0,0,0,0,0,0,0,0,0,0,0,0,0,0,0,0
9000,,0,5,0,0,-1,-1,1,180,0,0,1.5,-0.5,1,0,0,0,180,255,-1,-1,-1,335544320,1000,0,0,-1,3,0,0,0,0,0,0,0,0,0,0,0,0,0,0,0,0,0,0,0,0,0,0,0,0,0,0,0,0
9051,,0,5,0,0,-1,-1,1,180,0,0,1.5,-0.5,1,0,0,0,180,255,-1,-1,-1,335544320,9051,0,0,-1,3,0,0,0,0,0,0,0,0,0,0,0,0,0,0,0,0,0,0,0,0,0,0,0,0,0,0,0,0
9052,,0,5,0,0,-1,-1,1,180,0,0,1.5,-0.5,1,0,0,0,180,255,-1,-1,-1,335544320,9052,0,0,-1,3,0,0,0,0,0,0,0,0,0,0,0,0,0,0,0,0,0,0,0,0,0,0,0,0,0,0,0,0
9053,,0,5,0,0,-1,-1,1,180,0,0,1.5,-0.5,1,0,0,0,180,255,-1,-1,-1,335544320,9053,0,0,-1,3,0,0,0,0,0,0,0,0,0,0,0,0,0,0,0,0,0,0,0,0,0,0,0,0,0,0,0,0
9054,,0,5,0,0,-1,-1,1,180,0,0,1.5,-0.5,1,0,0,0,180,255,-1,-1,-1,335544320,9054,0,0,-1,3,0,0,0,0,0,0,0,0,0,0,0,0,0,0,0,0,0,0,0,0,0,0,0,0,0,0,0,0
9055,,0,5,0,0,-1,-1,1,180,0,0,1.5,-0.5,1,0,0,0,180,255,-1,-1,-1,335544320,9055,0,0,-1,3,0,0,0,0,0,0,0,0,0,0,0,0,0,0,0,0,0,0,0,0,0,0,0,0,0,0,0,0
9056,,0,5,0,0,-1,-1,1,180,0,0,1.5,-0.5,1,0,0,0,180,255,-1,-1,-1,335544320,9056,0,0,-1,3,0,0,0,0,0,0,0,0,0,0,0,0,0,0,0,0,0,0,0,0,0,0,0,0,0,0,0,0
9057,,0,5,0,0,-1,-1,1,180,0,0,1.5,-0.5,1,0,0,0,180,255,-1,-1,-1,335544320,9057,0,0,-1,3,0,0,0,0,0,0,0,0,0,0,0,0,0,0,0,0,0,0,0,0,0,0,0,0,0,0,0,0
9058,,0,5,0,0,-1,-1,1,180,0,0,1.5,-0.5,1,0,0,0,180,255,-1,-1,-1,335544320,9058,0,0,-1,3,0,0,0,0,0,0,0,0,0,0,0,0,0,0,0,0,0,0,0,0,0,0,0,0,0,0,0,0
9059,,0,5,0,0,-1,-1,1,180,0,0,1.5,-0.5,1,0,0,0,180,255,-1,-1,-1,335544320,9059,0,0,-1,3,0,0,0,0,0,0,0,0,0,0,0,0,0,0,0,0,0,0,0,0,0,0,0,0,0,0,0,0
9060,,0,5,0,0,-1,-1,1,180,0,0,1.5,-0.5,1,0,0,0,180,255,-1,-1,-1,335544320,9060,0,0,-1,3,0,0,0,0,0,0,0,0,0,0,0,0,0,0,0,0,0,0,0,0,0,0,0,0,0,0,0,0
9061,,0,5,0,0,-1,-1,1,180,0,0,1.5,-0.5,1,0,0,0,180,255,-1,-1,-1,335544320,9061,0,0,-1,3,0,0,0,0,0,0,0,0,0,0,0,0,0,0,0,0,0,0,0,0,0,0,0,0,0,0,0,0
9070,,0,5,0,0,-1,-1,1,180,0,0,1.5,-0.5,1,0,0,0,180,255,-1,-1,-1,335544320,9070,0,0,-1,3,0,0,0,0,0,0,0,0,0,0,0,0,0,0,0,0,0,0,0,0,0,0,0,0,0,0,0,0
9071,,0,5,0,0,-1,-1,1,180,0,0,1.5,-0.5,1,0,0,0,180,255,-1,-1,-1,335544320,9071,0,0,-1,3,0,0,0,0,0,0,0,0,0,0,0,0,0,0,0,0,0,0,0,0,0,0,0,0,0,0,0,0
9080,,0,5,0,0,-1,-1,1,180,0,0,1.5,-0.5,1,0,0,0,180,255,-1,-1,-1,335544320,9080,0,0,-1,3,0,0,0,0,0,0,0,0,0,0,0,0,0,0,0,0,0,0,0,0,0,0,0,0,0,0,0,0
9081,,0,5,0,0,-1,-1,1,180,0,0,1.5,-0.5,1,0,0,0,180,255,-1,-1,-1,335544320,9081,0,0,-1,3,0,0,0,0,0,0,0,0,0,0,0,0,0,0,0,0,0,0,0,0,0,0,0,0,0,0,0,0
9082,,0,5,0,0,-1,-1,1,180,0,0,1.5,-0.5,1,0,0,0,180,255,-1,-1,-1,335544320,9082,0,0,-1,3,0,0,0,0,0,0,0,0,0,0,0,0,0,0,0,0,0,0,0,0,0,0,0,0,0,0,0,0
9083,,0,5,0,0,-1,-1,1,180,0,0,1.5,-0.5,1,0,0,0,180,255,-1,-1,-1,335544320,9083,0,0,-1,3,0,0,0,0,0,0,0,0,0,0,0,0,0,0,0,0,0,0,0,0,0,0,0,0,0,0,0,0
9084,,0,5,0,0,-1,-1,1,180,0,0,1.5,-0.5,1,0,0,0,180,255,-1,-1,-1,335544320,9084,0,0,-1,3,0,0,0,0,0,0,0,0,0,0,0,0,0,0,0,0,0,0,0,0,0,0,0,0,0,0,0,0
9085,,0,5,0,0,-1,-1,1,180,0,0,1.5,-0.5,1,0,0,0,180,255,-1,-1,-1,335544320,9085,0,0,-1,3,0,0,0,0,0,0,0,0,0,0,0,0,0,0,0,0,0,0,0,0,0,0,0,0,0,0,0,0
9100,,0,5,0,0,-1,-1,1.5,180,0,0,5,-0.25,0,0,0,0,180,255,-1,-1,-1,335544320,9100,0,0,-1,3,0,0,0,0,0,0,0,0,0,0,0,0,0,0,0,0,0,0,0,0,0,0,0,0,0,0,0,0
9110,,0,5,0,0,-1,-1,1.5,180,0,0,5,-0.25,0,0,0,0,180,255,-1,-1,-1,335544320,1000,0,0,-1,3,0,0,0,0,0,0,0,0,0,0,0,0,0,0,0,0,0,0,0,0,0,0,0,0,0,0,0,0
9120,,1,5,0,0,100,-1,0,180,1.1,0.7,1,-0.25,0,0,0,0,60,255,-1,-1,-1,335544320,3100,0,0,-1,3,0,0,0,0,0,0,0,0,0,0,0,0,0,0,0,0,0,0,0,0,0,0,0,0,0,0,0,0
9140,,0,5,0,0,-1,-1,1.5,180,0,0,1.5,-0.25,0,0,0,0,180,255,-1,-1,-1,335544320,1000,0,0,-1,3,0,0,0,0,0,0,0,0,0,0,0,0,0,0,0,0,0,0,0,0,0,0,0,0,0,0,0,0
9190,,0,5,0,0,101,-1,1.5,180,0,0,5,-0.25,0,0,0,0,180,255,-1,-1,-1,335544320,1000,0,0,-1,3,0,0,0,0,0,0,0,0,0,0,0,0,0,0,0,0,0,0,0,0,0,0,0,0,0,0,0,0
9200,,0,5,0,0,194,-1,1.5,90,0,0,5,-0.25,0,0,0,0,180,255,-1,-1,-1,335544320,3310,0,0,-1,3,0,0,0,0,0,0,0,0,0,0,0,0,0,0,0,0,0,0,0,0,0,0,0,0,0,0,0,0
9210,,0,5,0,0,100,-1,1.5,90,0,0,1.5,-0.25,0,0,0,0,180,255,-1,-1,-1,335544320,9210,0,0,-1,3,0,0,0,0,0,0,0,0,0,0,0,0,0,0,0,0,0,0,0,0,0,0,0,0,0,0,0,0
9220,,0,5,0,0,191,-1,0.8,180,0,0,1.5,-0.25,0,0,0,0,180,255,-1,-1,-1,335544320,1000,0,0,-1,3,0,0,0,0,0,0,0,0,0,0,0,0,0,0,0,0,0,0,0,0,0,0,0,0,0,0,0,0
9230,,0,5,0,0,100,-1,1.5,180,0,0,1.5,-0.5,0,0,0,0,180,255,-1,-1,-1,335544320,1000,201,0,-1,3,0,0,0,0,0,0,0,0,0,0,0,0,0,0,0,0,0,0,0,0,0,0,0,0,0,0,0,0
9240,,0,5,0,0,-1,-1,3,180,0,0,1.5,-0.5,0,0,0,0,180,255,-1,-1,-1,335544320,9240,0,0,-1,3,0,0,0,0,0,0,0,0,0,0,0,0,0,0,0,0,0,0,0,0,0,0,0,0,0,0,0,0
9250,,0,5,0,0,-1,-1,1.5,180,0,0,1.5,-0.5,0,0,0,0,180,255,-1,-1,-1,335544320,9250,0,0,-1,3,0,0,0,0,0,0,0,0,0,0,0,0,0,0,0,0,0,0,0,0,0,0,0,0,0,0,0,0
9260,,0,5,0,0,-1,-1,1.8,180,0,0,1.5,-0.5,1,0,0,0,180,255,-1,-1,-1,335544320,1000,0,0,-1,3,0,0,0,0,0,0,0,0,0,0,0,0,0,0,0,0,0,0,0,0,0,0,0,0,0,0,0,0
9270,,0,5,0,0,101,-1,1.8,45,0,0,1.5,-0.5,1,0,0,0,180,255,-1,-1,-1,335544320,9270,0,0,-1,3,0,0,0,0,0,0,0,0,0,0,0,0,0,0,0,0,0,0,0,0,0,0,0,0,0,0,0,0
9280,,0,5,0,0,-1,-1,1,180,0,0,1.5,-0.5,1,0,0,0,180,255,-1,-1,-1,335544320,1000,201,0,-1,3,0,0,0,0,0,0,0,0,0,0,0,0,0,0,0,0,0,0,0,0,0,0,0,0,0,0,0,0
9290,,0,5,0,0,-1,-1,1.5,180,0,0,1.5,-0.25,0,0,0,0,180,255,-1,-1,-1,335544320,9290,0,0,-1,3,0,0,0,0,0,0,0,0,0,0,0,0,0,0,0,0,0,0,0,0,0,0,0,0,0,0,0,0
9300,,0,5,0,0,-1,-1,1.5,180,0,0,1.5,-0.25,0,0,0,0,180,255,-1,-1,-1,268435456,1000,0,0,-1,3,0,0,0,0,0,0,0,0,0,0,0,0,0,0,0,0,0,0,0,0,0,0,0,0,0,0,0,0
9310,,0,5,0,0,-1,-1,2,180,0,0,1.5,-0.25,0,0,0,0,180,255,-1,-1,-1,335544320,9310,0,0,-1,3,0,0,0,0,0,0,0,0,0,0,0,0,0,0,0,0,0,0,0,0,0,0,0,0,0,0,0,0
9320,,0,5,0,0,-1,-1,1.5,180,0,0,1.5,-0.25,0,0,0,0,180,255,-1,-1,-1,335544320,9320,0,0,-1,3,0,0,0,0,0,0,0,0,0,0,0,0,0,0,0,0,0,0,0,0,0,0,0,0,0,0,0,0
9330,,0,5,0,0,200,-1,3,90,0,0,3,-1.5,1,0,0,0,60,255,-1,-1,-1,0,9330,0,0,-1,3,0,0,0,0,0,0,0,0,0,0,0,0,0,0,0,0,0,0,0,0,0,0,0,0,0,0,0,0
9500,,0,5,0,0,-1,-1,1.5,180,0,0,1.5,-0.25,0,0,0,0,180,255,-1,-1,-1,335544320,9500,0,0,-1,3,0,0,0,0,0,0,0,0,0,0,0,0,0,0,0,0,0,0,0,0,0,0,0,0,0,0,0,0
9501,,1,5,0,0,101,-1,0,180,1.5,2.8,1,-0.25,1,0,0,0,30,255,-1,-1,-1,335544320,9501,0,0,-1,3,0,0,0,0,0,0,0,0,0,0,0,0,0,0,0,0,0,0,0,0,0,0,0,0,0,0,0,0
9503,,0,5,0,0,-1,-1,1.5,180,0,0,1.5,-0.25,0,0,0,0,180,255,-1,-1,-1,335544320,9503,0,0,-1,3,0,0,0,0,0,0,0,0,0,0,0,0,0,0,0,0,0,0,0,0,0,0,0,0,0,0,0,0
9504,,0,5,0,0,-1,-1,1.5,180,0,0,1.5,-0.25,0,0,0,0,180,255,-1,-1,-1,335544320,1000,0,0,-1,3,0,0,0,0,0,0,0,0,0,0,0,0,0,0,0,0,0,0,0,0,0,0,0,0,0,0,0,0
9505,,0,5,0,0,-1,-1,1.5,180,0,0,1.5,-0.25,0,0,0,0,180,255,-1,-1,-1,335544320,9505,0,0,-1,3,0,0,0,0,0,0,0,0,0,0,0,0,0,0,0,0,0,0,0,0,0,0,0,0,0,0,0,0
9506,,1,5,0,0,101,-1,0,180,1.5,1.5,1,-0.25,1,0,0,0,90,255,-1,-1,-1,335544320,9506,0,0,-1,-1,0,0,0,0,0,0,0,0,0,0,0,0,0,0,0,0,0,0,0,0,0,0,0,0,0,0,0,0
9519,,0,5,0,0,-1,-1,1.5,180,0,0,1.5,-0.25,0,0,0,0,180,255,-1,-1,-1,335544320,1000,0,0,-1,3,0,0,0,0,0,0,0,0,0,0,0,0,0,0,0,0,0,0,0,0,0,0,0,0,0,0,0,0
9520,,0,5,0,0,-1,-1,1.5,180,0,0,1.5,-0.25,0,0,0,0,180,255,-1,-1,-1,268435456,9520,0,0,-1,3,0,0,0,0,0,0,0,0,0,0,0,0,0,0,0,0,0,0,0,0,0,0,0,0,0,0,0,0
9521,,0,5,0,0,-1,-1,1.5,180,0,0,1.5,-0.25,0,0,0,0,180,255,-1,-1,-1,335544320,9521,0,0,-1,3,0,0,0,0,0,0,0,0,0,0,0,0,0,0,0,0,0,0,0,0,0,0,0,0,0,0,0,0
9522,,1,5,0,0,-1,-1,0,180,2.5,2,1.5,-0.5,1,0,0,0,90,255,-1,-1,-1,335544320,9522,0,0,-1,3,0,0,0,0,0,0,0,0,0,0,0,0,0,0,0,0,0,0,0,0,0,0,0,0,0,0,0,0
9523,,0,5,0,0,191,-1,1,180,0,0,1.5,-0.25,0,0,0,0,180,255,-1,-1,-1,335544320,1000,0,0,-1,3,0,0,0,0,0,0,0,0,0,0,0,0,0,0,0,0,0,0,0,0,0,0,0,0,0,0,0,0
9524,,0,5,0,0,201,-1,2,80,0,0,2,-1.5,0,0,0,0,180,255,-1,-1,-1,335544320,9524,0,0,-1,1,0,0,0,0,0,0,0,0,0,0,0,0,0,0,0,0,0,0,0,0,0,0,0,0,0,0,0,0
9525,,0,5,0,0,201,-1,3.5,180,0,0,1.5,0,0,0,0,0,180,255,-1,-1,-1,335544320,9525,0,0,-1,1,0,0,0,0,0,0,0,0,0,0,0,0,0,0,0,0,0,0,0,0,0,0,0,0,0,0,0,0
9526,,0,5,0,0,100,-1,2,180,0,0,2,-1,0,0,0,0,180,255,-1,-1,-1,335544320,9526,0,0,-1,1,0,0,0,0,0,0,0,0,0,0,0,0,0,0,0,0,0,0,0,0,0,0,0,0,0,0,0,0
9527,,0,5,0,0,-1,-1,2,180,0,0,1.5,-0.25,0,0,0,0,180,255,-1,-1,-1,335544320,1000,201,0,-1,3,0,0,0,0,0,0,0,0,0,0,0,0,0,0,0,0,0,0,0,0,0,0,0,0,0,0,0,0
9528,,0,5,0,0,-1,-1,2,180,0,0,1.5,-0.25,0,0,0,0,180,255,-1,-1,-1,335544320,9528,0,0,-1,3,0,0,0,0,0,0,0,0,0,0,0,0,0,0,0,0,0,0,0,0,0,0,0,0,0,0,0,0
9529,,0,5,0,0,-1,-1,1.5,180,0,0,1.5,-0.25,0,0,0,0,180,255,-1,-1,-1,335544320,9529,0,0,-1,3,0,0,0,0,0,0,0,0,0,0,0,0,0,0,0,0,0,0,0,0,0,0,0,0,0,0,0,0
9530,,0,5,0,0,-1,-1,1.5,180,0,0,1.5,-0.25,0,0,0,0,180,255,-1,-1,-1,335544320,9530,0,0,-1,3,0,0,0,0,0,0,0,0,0,0,0,0,0,0,0,0,0,0,0,0,0,0,0,0,0,0,0,0
9531,,0,5,0,0,-1,-1,1.5,180,0,0,1.5,-0.25,0,0,0,0,180,255,-1,-1,-1,335544320,1000,0,0,-1,3,0,0,0,0,0,0,0,0,0,0,0,0,0,0,0,0,0,0,0,0,0,0,0,0,0,0,0,0
9532,,0,5,0,0,200,-1,1.5,90,0,0,2,-1.75,0,0,0,0,180,200,0,0,0,335544320,2010,16007690,0,-1,3,0,0,0,0,0,0,0,0,0,0,0,0,0,0,0,0,0,0,0,0,0,0,0,0,0,0,0,0
9533,,0,5,0,0,200,-1,1.5,90,0,0,3,-3,0,0,0,0,180,90,0,0,0,335544320,1000,0,0,-1,3,0,0,0,0,0,0,0,0,0,0,0,0,0,0,0,0,0,0,0,0,0,0,0,0,0,0,0,0
9540,,0,5,0,0,-1,-1,1.5,180,0,0,1.5,-0.75,0,0,0,0,180,255,-1,-1,-1,0,9540,0,0,-1,3,0,0,0,0,0,0,0,0,0,0,0,0,0,0,0,0,0,0,0,0,0,0,0,0,0,0,0,0
9541,,0,5,0,0,-1,-1,1.5,180,0,0,1.5,-0.75,0,0,0,0,180,255,-1,-1,-1,0,9541,0,0,-1,3,0,0,0,0,0,0,0,0,0,0,0,0,0,0,0,0,0,0,0,0,0,0,0,0,0,0,0,0
9542,,0,5,0,0,-1,-1,1.5,180,0,0,1.5,-0.75,0,0,0,0,180,255,-1,-1,-1,0,9542,0,0,-1,3,0,0,0,0,0,0,0,0,0,0,0,0,0,0,0,0,0,0,0,0,0,0,0,0,0,0,0,0
9543,,0,5,0,0,-1,-1,1.5,180,0,0,1.5,-0.75,0,0,0,0,180,255,-1,-1,-1,0,9543,0,0,-1,3,0,0,0,0,0,0,0,0,0,0,0,0,0,0,0,0,0,0,0,0,0,0,0,0,0,0,0,0
9544,,0,5,0,0,-1,-1,1.5,180,0,0,1.5,-0.75,0,0,0,0,180,255,-1,-1,-1,0,9544,0,0,-1,3,0,0,0,0,0,0,0,0,0,0,0,0,0,0,0,0,0,0,0,0,0,0,0,0,0,0,0,0
9545,,0,5,0,0,-1,-1,1.5,180,0,0,1.5,-0.75,0,0,0,0,180,255,-1,-1,-1,0,9545,0,0,-1,3,0,0,0,0,0,0,0,0,0,0,0,0,0,0,0,0,0,0,0,0,0,0,0,0,0,0,0,0
9546,,0,5,0,0,-1,-1,1.5,180,0,0,1.5,-0.75,0,0,0,0,180,255,-1,-1,-1,0,9546,0,0,-1,3,0,0,0,0,0,0,0,0,0,0,0,0,0,0,0,0,0,0,0,0,0,0,0,0,0,0,0,0
9547,,0,5,0,0,-1,-1,1.5,180,0,0,1.5,-0.75,0,0,0,0,180,255,-1,-1,-1,0,9547,0,0,-1,3,0,0,0,0,0,0,0,0,0,0,0,0,0,0,0,0,0,0,0,0,0,0,0,0,0,0,0,0
9550,,0,5,0,0,-1,-1,1,180,0,0,1.5,-0.25,0,0,0,0,180,255,-1,-1,-1,335544320,1000,0,0,-1,3,0,0,0,0,0,0,0,0,0,0,0,0,0,0,0,0,0,0,0,0,0,0,0,0,0,0,0,0
9600,,0,5,0,0,-1,-1,1.5,180,0,0,1.5,-0.25,0,0,0,0,180,255,-1,-1,-1,335544320,9600,201,0,-1,3,0,0,0,0,0,0,0,0,0,0,0,0,0,0,0,0,0,0,0,0,0,0,0,0,0,0,0,0
9610,,0,5,0,0,-1,-1,1.5,180,0,0,1.5,-0.25,0,0,0,0,180,255,-1,-1,-1,335544320,9610,201,0,-1,3,0,0,0,0,0,0,0,0,0,0,0,0,0,0,0,0,0,0,0,0,0,0,0,0,0,0,0,0
9620,,0,5,0,0,-1,-1,2.2,75,0,0,1.5,-0.25,0,0,0,0,90,255,-1,-1,-1,335544320,9620,201,0,-1,3,0,0,0,0,0,0,0,0,0,0,0,0,0,0,0,0,0,0,0,0,0,0,0,0,0,0,0,0
9630,,0,5,0,0,-1,-1,2,90,0,0,5,-3,0,0,0,0,90,255,-1,-1,-1,335544320,9630,201,0,-1,3,0,0,0,0,0,0,0,0,0,0,0,0,0,0,0,0,0,0,0,0,0,0,0,0,0,0,0,0
9640,,0,5,0,0,-1,-1,1.5,180,0,0,1.5,-0.25,0,0,0,0,180,255,-1,-1,-1,335544320,9640,201,0,-1,3,0,0,0,0,0,0,0,0,0,0,0,0,0,0,0,0,0,0,0,0,0,0,0,0,0,0,0,0
9650,,0,5,0,0,-1,-1,1.5,180,0,0,1.5,-0.25,0,0,0,0,180,255,-1,-1,-1,335544320,9650,201,0,-1,3,0,0,0,0,0,0,0,0,0,0,0,0,0,0,0,0,0,0,0,0,0,0,0,0,0,0,0,0
9660,,0,5,0,0,-1,-1,8,180,0,0,2,-0.5,0,0,0,0,180,255,-1,-1,-1,335544320,9660,201,0,-1,3,0,0,0,0,0,0,0,0,0,0,0,0,0,0,0,0,0,0,0,0,0,0,0,0,0,0,0,0
9700,,0,4,0,0,-1,-1,3,180,0,0,2,-0.5,0,0,0,0,180,255,-1,-1,-1,335544320,9700,201,0,-1,3,0,0,0,0,0,0,0,0,0,0,0,0,0,0,0,0,0,0,0,0,0,0,0,0,0,0,0,0
9701,,0,5,0,0,-1,-1,3,180,0,0,2,-0.5,0,0,0,0,180,255,-1,-1,-1,335544320,9701,201,0,-1,3,0,0,0,0,0,0,0,0,0,0,0,0,0,0,0,0,0,0,0,0,0,0,0,0,0,0,0,0
9710,,1,5,0,0,110,111,0,180,4.6,2,2,-0.5,0,0,0,0,180,255,-1,-1,-1,335544320,9710,201,0,-1,3,0,0,0,0,0,0,0,0,0,0,0,0,0,0,0,0,0,0,0,0,0,0,0,0,0,0,0,0
9711,,1,5,0,0,110,111,0,180,6,8,2,-0.5,0,0,0,0,180,255,-1,-1,-1,335544320,9710,201,0,-1,3,0,0,0,0,0,0,0,0,0,0,0,0,0,0,0,0,0,0,0,0,0,0,0,0,0,0,0,0
9720,,0,5,0,0,-1,-1,1.5,180,0,0,4.5,-2,0,0,0,0,180,255,-1,-1,-1,335544320,9720,201,0,-1,3,0,0,0,0,0,0,0,0,0,0,0,0,0,0,0,0,0,0,0,0,0,0,0,0,0,0,0,0
9721,,0,5,0,0,-1,-1,1.5,180,0,0,4.5,-2,0,0,0,0,180,255,-1,-1,-1,335544320,9721,201,0,-1,3,0,0,0,0,0,0,0,0,0,0,0,0,0,0,0,0,0,0,0,0,0,0,0,0,0,0,0,0
9730,,0,5,0,0,-1,-1,1.5,180,0,0,1.5,-0.25,0,0,0,0,180,255,-1,-1,-1,335544320,9730,201,0,-1,3,0,0,0,0,0,0,0,0,0,0,0,0,0,0,0,0,0,0,0,0,0,0,0,0,0,0,0,0
9740,,0,5,0,0,-1,-1,1.5,180,0,0,1.5,-0.25,0,0,0,0,180,255,-1,-1,-1,335544320,9740,201,0,-1,3,0,0,0,0,0,0,0,0,0,0,0,0,0,0,0,0,0,0,0,0,0,0,0,0,0,0,0,0
9750,,0,5,0,0,-1,-1,1.5,180,0,0,1.5,-0.25,0,0,0,0,180,255,-1,-1,-1,335544320,9750,201,0,-1,3,0,0,0,0,0,0,0,0,0,0,0,0,0,0,0,0,0,0,0,0,0,0,0,0,0,0,0,0
9980,,0,5,0,0,-1,-1,1.5,90,0,0,0.5,-0.25,0,0,0,0,45,255,-1,-1,-1,335544320,1000,0,0,-1,3,0,0,0,0,0,0,0,0,0,0,0,0,0,0,0,0,0,0,0,0,0,0,0,0,0,0,0,0
9999,,0,5,0,0,-1,-1,5,180,0,0,1.5,-0.25,0,0,0,0,90,255,-1,-1,-1,335544320,1000,6001,0,-1,3,0,0,0,0,0,0,0,0,0,0,0,0,0,0,0,0,0,0,0,0,0,0,0,0,0,0,0,0
10000,,1,5,0,0,101,-1,0,180,1.5,1.5,1,-0.25,1,0,0,0,90,255,-1,-1,-1,335544320,3200,0,0,-1,-1,0,0,0,0,0,0,0,0,0,0,0,0,0,0,0,0,0,0,0,0,0,0,0,0,0,0,0,0
10001,,1,5,0,0,101,-1,0,180,1.5,1.5,1,-0.25,1,0,0,0,90,255,-1,-1,-1,335544320,3200,0,0,-1,-1,0,0,0,0,0,0,0,0,0,0,0,0,0,0,0,0,0,0,0,0,0,0,0,0,0,0,0,0
10010,,1,5,0,0,101,-1,0,180,1.5,1.5,2,-0.25,1,0,0,0,90,255,-1,-1,-1,335544320,3200,0,0,-1,-1,0,0,0,0,0,0,0,0,0,0,0,0,0,0,0,0,0,0,0,0,0,0,0,0,0,0,0,0
30000,,2,14,0,0,203,204,2,0,0,0,0,0,0,0,0,0,0,255,-1,-1,-1,0,30000,0,0,-1,3,0,0,0,0,0,0,0,0,0,0,0,0,0,0,0,0,0,0,0,0,0,0,0,0,0,0,0,0
32270,,0,14,0,0,255,-1,4,180,0,0,2,-1.5,0,0,0,0,180,255,-1,-1,-1,0,30000,0,0,-1,3,0,0,0,0,0,0,0,0,0,0,0,0,0,0,0,0,0,0,0,0,0,0,0,0,0,0,0,0
33180,,2,14,0,0,242,243,1.5,0,0,0,0,0,0,0,0,0,0,255,-1,-1,-1,0,30000,0,0,-1,3,0,0,0,0,0,0,0,0,0,0,0,0,0,0,0,0,0,0,0,0,0,0,0,0,0,0,0,0
33181,,2,14,0,0,242,247,2,0,0,0,0,0,0,0,0,0,0,255,-1,-1,-1,0,30000,0,0,-1,3,0,0,0,0,0,0,0,0,0,0,0,0,0,0,0,0,0,0,0,0,0,0,0,0,0,0,0,0
33950,,2,14,0,0,905,906,2,0,0,0,0,0,0,0,0,0,0,255,-1,-1,-1,0,30000,0,0,-1,3,0,0,0,0,0,0,0,0,0,0,0,0,0,0,0,0,0,0,0,0,0,0,0,0,0,0,0,0
34220,,2,14,0,0,242,841,3,0,0,0,0,0,0,0,0,0,0,255,-1,-1,-1,0,30000,0,0,-1,3,0,0,0,0,0,0,0,0,0,0,0,0,0,0,0,0,0,0,0,0,0,0,0,0,0,0,0,0
34280,,2,14,0,0,242,11,2,0,0,0,0,0,0,0,0,0,0,255,-1,-1,-1,0,30000,0,0,-1,3,0,0,0,0,0,0,0,0,0,0,0,0,0,0,0,0,0,0,0,0,0,0,0,0,0,0,0,0
34420,,2,14,0,0,242,814,3,0,0,0,0,0,0,0,0,0,0,255,-1,-1,-1,0,30000,0,0,-1,3,0,0,0,0,0,0,0,0,0,0,0,0,0,0,0,0,0,0,0,0,0,0,0,0,0,0,0,0
34490,,2,14,0,0,179,247,2,0,0,0,0,0,0,0,0,0,0,255,-1,-1,-1,0,30000,0,0,-1,3,0,0,0,0,0,0,0,0,0,0,0,0,0,0,0,0,0,0,0,0,0,0,0,0,0,0,0,0
34500,,0,14,0,0,240,-1,10,180,0,0,5,-3,0,0,0,0,180,255,-1,-1,-1,0,30000,0,0,-1,3,0,0,0,0,0,0,0,0,0,0,0,0,0,0,0,0,0,0,0,0,0,0,0,0,0,0,0,0
34550,,2,14,0,0,242,240,2,0,0,0,0,0,0,0,0,0,0,255,-1,-1,-1,0,30000,0,0,-1,3,0,0,0,0,0,0,0,0,0,0,0,0,0,0,0,0,0,0,0,0,0,0,0,0,0,0,0,0
34560,,2,14,0,0,179,90,3,0,0,0,4,0,0,0,0,0,0,255,-1,-1,-1,0,30000,0,0,-1,3,0,0,0,0,0,0,0,0,0,0,0,0,0,0,0,0,0,0,0,0,0,0,0,0,0,0,0,0
34630,,2,14,0,0,201,205,4.5,0,0,0,0,0,0,0,0,0,0,255,-1,-1,-1,0,30000,0,0,-1,3,0,0,0,0,0,0,0,0,0,0,0,0,0,0,0,0,0,0,0,0,0,0,0,0,0,0,0,0
