Row ID,Row Name,Equip ID,Value,Material ID,Event Flag,QWC ID,Quantity,Shop Type,Equip Type,Value (SAN),Unk1,Unk2,Unk3,Price Rate,Unk4,Shop Description Item,Unk5,Unk6,Unk7,Unk8,Unk9
1,,240,100,-1,0,0,-1,0,3,0,1,0,0,1,-1,-1,-1,-1,-1,0,0
1000,,290,100000,-1,0,0,-1,0,3,0,1,0,0,1,-1,-1,-1,-1,-1,0,0
1001,,292,100000,-1,0,0,-1,0,3,0,1,0,0,1,-1,-1,-1,-1,-1,0,0
1002,,240,100000,-1,0,0,-1,0,3,0,1,0,0,1,-1,-1,-1,-1,-1,0,0
1003,,201000,100000,-1,0,0,-1,0,0,0,1,0,0,1,-1,-1,-1,-1,-1,0,0
100000,Festering Bloody Finger,111,1000,-1,100000,0,2,0,3,0,1,0,0,1,-1,-1,-1,-1,-1,0,0
100002,Ruin Fragment,1760,100,-1,100020,0,5,0,3,0,1,0,0,1,-1,-1,-1,-1,-1,0,0
100004,Buckler,30000000,1500,-1,100040,0,1,0,0,0,1,0,0,1,-1,-1,-1,-1,-1,0,0
100009,Furlcalling Finger Remedy,150,1000,-1,100090,0,4,0,3,0,1,0,0,1,-1,-1,-1,-1,-1,0,0
100010,Silver-Pickled Fowl Foot,1190,2000,-1,100100,0,3,0,3,0,1,0,0,1,-1,-1,-1,-1,-1,0,0
100011,Stormhawk Feather,15430,500,-1,100110,0,5,0,3,0,1,0,0,1,-1,-1,-1,-1,-1,0,0
100012,Caestus,21000000,800,-1,100120,0,1,0,0,0,1,0,0,1,-1,-1,-1,-1,-1,0,0
100013,Great Arrow,51000000,300,-1,100130,0,5,0,0,0,1,0,0,1,-1,-1,-1,-1,-1,0,0
100014,Ballista Bolt,53000000,300,-1,100140,0,5,0,0,0,1,0,0,1,-1,-1,-1,-1,-1,0,0
100015,Bandit Manchettes,930200,1000,-1,100150,0,1,0,1,0,1,0,0,1,-1,-1,-1,-1,-1,0,0
100016,Bandit Boots,930300,1000,-1,100160,0,1,0,1,0,1,0,0,1,-1,-1,-1,-1,-1,0,0
100017,Bandit Garb,931100,1500,-1,100170,0,1,0,1,0,1,0,0,1,-1,-1,-1,-1,-1,0,0
100025,Memory Stone,10030,3000,-1,100250,0,1,0,3,0,1,0,0,1,-1,-1,-1,-1,-1,0,0
100025,Memory Stone,10030,3000,-1,100250,0,1,0,3,0,1,0,0,1,-1,-1,-1,-1,-1,0,0
100026,Stonesword Key,8000,4000,-1,100260,0,1,0,3,0,1,0,0,1,-1,-1,-1,-1,-1,0,0
100026,Stonesword Key,8000,4000,-1,100260,0,1,0,3,0,1,0,0,1,-1,-1,-1,-1,-1,0,0
100050,[Sorcery] Glintstone Pebble,4000,1000,-1,100500,0,1,0,3,0,1,0,0,1,-1,-1,231010,17,0,0,0
100051,[Sorcery] Scholar's Armament,4460,3000,-1,100510,0,1,0,3,0,1,0,0,1,-1,-1,-1,-1,-1,0,0
100052,[Sorcery] Scholar's Shield,4470,2500,-1,100520,0,1,0,3,0,1,0,0,1,-1,-1,-1,-1,-1,0,0
100053,[Sorcery] Crystal Barrage,4060,1500,-1,100530,0,1,0,3,0,1,0,0,1,-1,-1,-1,-1,-1,0,0
100054,[Sorcery] Glintstone Arc,4070,1500,-1,100540,0,1,0,3,0,1,0,0,1,-1,-1,-1,-1,-1,0,0
100055,[Sorcery] Glintstone Stars,4040,3000,-1,100550,0,1,0,3,0,1,0,0,1,-1,-1,-1,-1,-1,0,0
100056,[Sorcery] Shard Spiral,4030,8000,-1,100560,14009267,1,0,3,0,1,0,0,1,-1,-1,-1,-1,-1,0,0
100057,[Sorcery] Glintstone Cometshard,4020,12000,-1,100570,1044369244,1,0,3,0,1,0,0,1,-1,-1,-1,-1,-1,0,0
100058,[Sorcery] Star Shower,4050,10000,-1,100580,1044369244,1,0,3,0,1,0,0,1,-1,-1,-1,-1,-1,0,0
100059,[Sorcery] Great Glintstone Shard,4001,2000,-1,100590,1044369250,1,0,3,0,1,0,0,1,-1,-1,-1,-1,-1,0,0
100060,[Sorcery] Swift Glintstone Shard,4010,600,-1,100600,1044369250,1,0,3,0,1,0,0,1,-1,-1,-1,-1,-1,0,0
100061,[Sorcery] Glintblade Phalanx,4300,2500,-1,100610,1044369245,1,0,3,0,1,0,0,1,-1,-1,-1,-1,-1,0,0
100062,[Sorcery] Carian Slicer,4440,1500,-1,100620,1044369245,1,0,3,0,1,0,0,1,-1,-1,-1,-1,-1,0,0
100075,Ash of War: Impaling Thrust,10100,1000,-1,100750,0,1,0,4,0,1,0,0,1,-1,-1,231030,19,0,0,0
100076,Ash of War: Spinning Slash,10300,1200,-1,100760,0,1,0,4,0,1,0,0,1,-1,-1,-1,-1,-1,0,0
100077,Ash of War: Quickstep,80000,800,-1,100770,0,1,0,4,0,1,0,0,1,-1,-1,-1,-1,-1,0,0
100078,Ash of War: Stamp (Upward Cut),10600,1500,-1,100780,0,1,0,4,0,1,0,0,1,-1,-1,-1,-1,-1,0,0
100079,Ash of War: Kick,50300,800,-1,100790,0,1,0,4,0,1,0,0,1,-1,-1,-1,-1,-1,0,0
100080,Ash of War: War Cry,65100,800,-1,100800,0,1,0,4,0,1,0,0,1,-1,-1,-1,-1,-1,0,0
100081,Ash of War: Endure,70000,600,-1,100810,0,1,0,4,0,1,0,0,1,-1,-1,-1,-1,-1,0,0
100082,Ash of War: Parry,30200,600,-1,100820,0,1,0,4,0,1,0,0,1,-1,-1,-1,-1,-1,0,0
100083,Ash of War: Storm Blade,21000,1800,-1,100830,0,1,0,4,0,1,0,0,1,-1,-1,-1,-1,-1,0,0
100084,Ash of War: Eruption,20700,8000,-1,100840,16009208,1,0,4,0,1,0,0,1,-1,-1,-1,-1,-1,0,0
100085,Ash of War: Assassin's Gambit,60200,6500,-1,100850,16009208,1,0,4,0,1,0,0,1,-1,-1,-1,-1,-1,0,0
100086,Ash of War: No Skill,30900,600,-1,100860,0,1,0,4,0,1,0,0,1,-1,-1,-1,-1,-1,0,0
100100,Margit's Shackle,2140,5000,-1,110000,0,1,0,3,0,1,0,0,1,-1,-1,-1,-1,-1,0,0
100101,Missionary's Cookbook [2],9360,800,-1,67600,0,1,0,3,0,1,0,0,1,-1,-1,-1,-1,-1,0,0
100102,Stonesword Key,8000,5000,-1,110020,0,1,0,3,0,1,0,0,1,-1,-1,-1,-1,-1,0,0
100103,Furlcalling Finger Remedy,150,1000,-1,110030,0,3,0,3,0,1,0,0,1,-1,-1,-1,-1,-1,0,0
100104,Glass Shard,10000,100,-1,110040,0,-1,0,3,0,1,0,0,1,-1,-1,-1,-1,-1,0,0
100105,Gold-Pickled Fowl Foot,1200,600,-1,110050,0,3,0,3,0,1,0,0,1,-1,-1,-1,-1,-1,0,0
100108,Parrying Dagger,1020000,1600,-1,110080,0,1,0,0,0,1,0,0,1,-1,-1,-1,-1,-1,0,0
100111,Sacrificial Twig,6070,5000,-1,110110,0,1,0,2,0,1,0,0,1,-1,-1,-1,-1,-1,0,0
100112,Festering Bloody Finger,111,1000,-1,110120,0,5,0,3,0,1,0,0,1,-1,-1,-1,-1,-1,0,0
100113,Grace Mimic,2050,100,-1,110130,0,15,0,3,0,1,0,0,1,-1,-1,-1,-1,-1,0,0
100114,Fan Daggers,1750,160,-1,110140,1038419270,20,0,3,0,1,0,0,1,-1,-1,-1,-1,-1,0,0
100115,Great Arrow,51000000,300,-1,110150,0,10,0,0,0,1,0,0,1,-1,-1,-1,-1,-1,0,0
100116,Ballista Bolt,53000000,300,-1,110160,0,5,0,0,0,1,0,0,1,-1,-1,-1,-1,-1,0,0
100117,Festering Bloody Finger,111,1000,-1,110170,1038419271,5,0,3,0,1,0,0,1,-1,-1,-1,-1,-1,0,0
100118,Fan Daggers,1750,160,-1,110180,1038419271,-1,0,3,0,1,0,0,1,-1,-1,-1,-1,-1,0,0
100119,Estoc,5000000,3000,-1,110190,1038419271,1,0,0,0,1,0,0,1,-1,-1,-1,-1,-1,0,0
100120,Great Arrow,51000000,300,-1,110200,1038419271,10,0,0,0,1,0,0,1,-1,-1,-1,-1,-1,0,0
100121,Ballista Bolt,53000000,300,-1,110210,1038419271,5,0,0,0,1,0,0,1,-1,-1,-1,-1,-1,0,0
100122,Horse Crest Wooden Shield,31240000,1000,-1,110220,0,1,0,0,0,1,0,0,1,-1,-1,-1,-1,-1,0,0
100126,[Incantation] Litany of Proper Death,6750,2500,-1,110260,0,1,0,3,0,1,0,0,1,-1,-1,-1,-1,-1,0,0
100127,[Incantation] Order's Blade,6770,3000,-1,110270,0,1,0,3,0,1,0,0,1,-1,-1,-1,-1,-1,0,0
100150,Rya's Necklace,8136,1000,-1,400300,0,1,0,3,0,1,0,0,1,-1,-1,-1,-1,-1,0,0
100155,Boiled Crab,820,600,-1,110550,1044529255,-1,0,3,0,1,0,0,1,-1,-1,-1,-1,-1,0,0
100160,Boiled Prawn,830,600,-1,110600,1036439209,-1,0,3,0,1,0,0,1,-1,-1,-1,-1,-1,0,0
100175,[Sorcery] Night Shard,4610,4000,-1,110750,0,1,0,3,0,1,0,0,1,-1,-1,231010,17,0,0,0
100176,[Incantation] Night Maiden's Mist,6500,5000,-1,110760,0,1,0,3,0,1,0,0,1,-1,-1,-1,-1,-1,0,0
100177,[Sorcery] Glintstone Stars,4040,3000,-1,110770,0,1,0,3,0,1,0,0,1,-1,-1,-1,-1,-1,0,0
100185,[Incantation] Pest Threads,7200,7500,-1,110850,1038519257,1,0,3,0,1,0,0,1,-1,-1,231020,18,0,0,0
100200,Ash of War: Spinning Weapon,12000,1000,-1,120000,0,1,0,4,0,1,0,0,1,-1,-1,231030,19,0,0,0
100201,Ash of War: Glintstone Pebble,20300,1500,-1,120010,0,1,0,4,0,1,0,0,1,-1,-1,-1,-1,-1,0,0
100202,Ash of War: Carian Greatsword,21900,2500,-1,120020,0,1,0,4,0,1,0,0,1,-1,-1,-1,-1,-1,0,0
100225,Somber Smithing Stone [1],10160,2000,-1,120250,0,-1,0,3,0,1,0,0,1,-1,-1,-1,-1,-1,0,0
100226,Somber Smithing Stone [2],10161,3000,-1,120260,0,-1,0,3,0,1,0,0,1,-1,-1,-1,-1,-1,0,0
100227,Somber Smithing Stone [3],10162,4000,-1,120270,0,3,0,3,0,1,0,0,1,-1,-1,-1,-1,-1,0,0
100228,Somber Smithing Stone [4],10163,6000,-1,120280,0,3,0,3,0,1,0,0,1,-1,-1,-1,-1,-1,0,0
100229,Carian Filigreed Crest,6020,5000,-1,120290,1034509360,1,0,2,0,1,0,0,1,-1,-1,-1,-1,-1,0,0
100250,[Sorcery] Glintstone Pebble,4000,1000,-1,120500,0,1,0,3,0,1,0,0,1,-1,-1,231010,17,0,0,0
100251,[Sorcery] Glintstone Arc,4070,1500,-1,120510,0,1,0,3,0,1,0,0,1,-1,-1,-1,-1,-1,0,0
100252,[Sorcery] Starlight,4140,2500,-1,120520,0,1,0,3,0,1,0,0,1,-1,-1,-1,-1,-1,0,0
100275,[Sorcery] Carian Phalanx,4301,12000,-1,120750,0,1,0,3,0,1,0,0,1,-1,-1,231010,17,0,0,0
100276,[Sorcery] Glintstone Icecrag,4400,7500,-1,120760,0,1,0,3,0,1,0,0,1,-1,-1,-1,-1,-1,0,0
100277,[Sorcery] Freezing Mist,4420,6000,-1,120770,0,1,0,3,0,1,0,0,1,-1,-1,-1,-1,-1,0,0
100278,[Sorcery] Carian Retaliation,4640,9000,-1,120780,0,1,0,3,0,1,0,0,1,-1,-1,-1,-1,-1,0,0
100279,[Sorcery] Glintstone Cometshard,4020,12000,-1,120790,1034509450,1,0,3,0,1,0,0,1,-1,-1,-1,-1,-1,0,0
100280,[Sorcery] Star Shower,4050,10000,-1,120800,1034509450,1,0,3,0,1,0,0,1,-1,-1,-1,-1,-1,0,0
100281,[Sorcery] Great Glintstone Shard,4001,2000,-1,120810,1034509455,1,0,3,0,1,0,0,1,-1,-1,-1,-1,-1,0,0
100282,[Sorcery] Swift Glintstone Shard,4010,600,-1,120820,1034509455,1,0,3,0,1,0,0,1,-1,-1,-1,-1,-1,0,0
100283,[Sorcery] Glintblade Phalanx,4300,2500,-1,120830,1034509451,1,0,3,0,1,0,0,1,-1,-1,-1,-1,-1,0,0
100284,[Sorcery] Carian Slicer,4440,1500,-1,120840,1034509451,1,0,3,0,1,0,0,1,-1,-1,-1,-1,-1,0,0
100300,Finger Maiden Therolina Puppet,261000,2,-1,130000,0,1,0,3,2,1,0,0,1,-1,-1,-1,-1,-1,0,0
100301,Dolores the Sleeping Arrow Puppet,262000,5,-1,130010,11109919,1,0,3,2,1,0,0,1,-1,-1,-1,-1,-1,0,0
100302,Jarwight Puppet,263000,3,-1,130020,0,1,0,3,2,1,0,0,1,-1,-1,-1,-1,-1,0,0
100310,Dung Eater Puppet,260000,5,-1,130100,35009326,1,0,3,2,1,0,0,1,-1,-1,-1,-1,-1,0,0
100325,Glintstone Craftsman's Cookbook [7],9347,2500,-1,67470,0,1,0,3,0,1,0,0,1,-1,-1,-1,-1,-1,0,0
100326,Ritual Pot,9501,1500,-1,66450,0,1,0,3,0,1,0,0,1,-1,-1,-1,-1,-1,0,0
100329,Old Fang,15040,800,-1,130290,0,3,0,3,0,1,0,0,1,-1,-1,-1,-1,-1,0,0
100330,Slumbering Egg,15120,600,-1,130300,0,2,0,3,0,1,0,0,1,-1,-1,-1,-1,-1,0,0
100334,Ash of War: Carian Retaliation,30500,3000,-1,130340,0,1,0,4,0,1,0,0,1,-1,-1,-1,-1,-1,0,0
100335,Celestial Dew,2130,5000,-1,130350,0,1,0,3,0,1,0,0,1,-1,-1,-1,-1,-1,0,0
100336,Larval Tear,8185,3000,-1,130360,0,1,0,3,0,1,0,0,1,-1,-1,-1,-1,-1,0,0
100337,Budding Horn,15050,1500,-1,130370,0,2,0,3,0,1,0,0,1,-1,-1,-1,-1,-1,0,0
100338,Ripple Blade,14050000,3500,-1,130380,0,1,0,0,0,1,0,0,1,-1,-1,-1,-1,-1,0,0
100339,Black Leather Shield,31340000,2500,-1,130390,0,1,0,0,0,1,0,0,1,-1,-1,-1,-1,-1,0,0



100400,[Sorcery] Magic Glintblade,4390,3000,-1,140000,0,1,0,3,0,1,0,0,1,-1,-1,231010,17,0,0,0
100401,[Sorcery] Carian Greatsword,4430,10000,-1,140010,0,1,0,3,0,1,0,0,1,-1,-1,-1,-1,-1,0,0
100402,[Sorcery] Glintstone Cometshard,4020,12000,-1,140020,1037469300,1,0,3,0,1,0,0,1,-1,-1,-1,-1,-1,0,0
100403,[Sorcery] Star Shower,4050,10000,-1,140030,1037469300,1,0,3,0,1,0,0,1,-1,-1,-1,-1,-1,0,0
100404,[Sorcery] Great Glintstone Shard,4001,2000,-1,140040,1037469316,1,0,3,0,1,0,0,1,-1,-1,-1,-1,-1,0,0
100405,[Sorcery] Swift Glintstone Shard,4010,600,-1,140050,1037469316,1,0,3,0,1,0,0,1,-1,-1,-1,-1,-1,0,0
100406,[Sorcery] Glintblade Phalanx,4300,2500,-1,140060,1037469301,1,0,3,0,1,0,0,1,-1,-1,-1,-1,-1,0,0
100407,[Sorcery] Carian Slicer,4440,1500,-1,140070,1037469301,1,0,3,0,1,0,0,1,-1,-1,-1,-1,-1,0,0
100425,[Incantation] Blessing's Boon,6430,4000,-1,140250,0,1,0,3,0,1,0,0,1,-1,-1,231020,18,0,0,0
100426,[Incantation] O,6001,6000,-1,140260,1037469305,1,0,3,0,1,0,0,1,-1,-1,-1,-1,-1,0,0
100428,[Incantation] Surge,6220,5500,-1,140280,1037469305,1,0,3,0,1,0,0,1,-1,-1,-1,-1,-1,0,0
100429,[Incantation] Giantsflame Take Thee,6100,13000,-1,140290,1037469306,1,0,3,0,1,0,0,1,-1,-1,-1,-1,-1,0,0
100430,[Incantation] Flame,6020,10000,-1,140300,1037469306,1,0,3,0,1,0,0,1,-1,-1,-1,-1,-1,0,0
100431,[Incantation] Black Flame,6210,7500,-1,140310,1037469307,1,0,3,0,1,0,0,1,-1,-1,-1,-1,-1,0,0
100432,[Incantation] Black Flame Blade,6250,6000,-1,140320,1037469307,1,0,3,0,1,0,0,1,-1,-1,-1,-1,-1,0,0
100433,[Incantation] Lord's Heal,6423,8000,-1,140330,1037469308,1,0,3,0,1,0,0,1,-1,-1,-1,-1,-1,0,0
100434,[Incantation] Lord's Aid,6441,2500,-1,140340,1037469308,1,0,3,0,1,0,0,1,-1,-1,-1,-1,-1,0,0
100435,[Incantation] Assassin's Approach,6510,2000,-1,140350,1037469309,1,0,3,0,1,0,0,1,-1,-1,-1,-1,-1,0,0
100436,[Incantation] Darkness,6530,3500,-1,140360,1037469309,1,0,3,0,1,0,0,1,-1,-1,-1,-1,-1,0,0
100437,[Incantation] Radagon's Rings of Light,6710,7500,-1,140370,1037469312,1,0,3,0,1,0,0,1,-1,-1,-1,-1,-1,0,0
100438,[Incantation] Law of Regression,6730,10000,-1,140380,1037469312,1,0,3,0,1,0,0,1,-1,-1,-1,-1,-1,0,0
100439,[Incantation] Lightning Spear,6900,6000,-1,140390,1037469314,1,0,3,0,1,0,0,1,-1,-1,-1,-1,-1,0,0
100440,[Incantation] Honed Bolt,6930,7000,-1,140400,1037469314,1,0,3,0,1,0,0,1,-1,-1,-1,-1,-1,0,0
100441,[Incantation] Electrify Armament,6960,4000,-1,140410,1037469314,1,0,3,0,1,0,0,1,-1,-1,-1,-1,-1,0,0
100442,[Incantation] Ancient Dragons' Lightning Spear,6940,8500,-1,140420,1037469315,1,0,3,0,1,0,0,1,-1,-1,-1,-1,-1,0,0
100443,[Incantation] Ancient Dragons' Lightning Strike,6910,10000,-1,140430,1037469315,1,0,3,0,1,0,0,1,-1,-1,-1,-1,-1,0,0
100500,[Merchant Kale] Note: Flask of Wondrous Physick,8702,200,-1,69620,0,1,0,3,0,1,0,0,1,-1,8752,-1,-1,-1,0,0
100501,[Merchant Kale] Crafting Kit,8500,300,-1,60120,0,1,0,3,0,1,0,0,1,-1,-1,-1,-1,-1,0,0
100502,[Merchant Kale] Nomadic Warrior's Cookbook [1],9300,500,-1,67000,0,1,0,3,0,1,0,0,1,-1,-1,-1,-1,-1,0,0
100503,[Merchant Kale] Nomadic Warrior's Cookbook [2],9311,500,-1,67110,0,1,0,3,0,1,0,0,1,-1,-1,-1,-1,-1,0,0
100504,[Merchant Kale] Missionary's Cookbook [1],9361,1000,-1,67610,0,1,0,3,0,1,0,0,1,-1,-1,-1,-1,-1,0,0
100505,[Merchant Kale] Furlcalling Finger Remedy,150,1000,-1,150050,0,5,0,3,0,1,0,0,1,-1,-1,-1,-1,-1,0,0
100506,[Merchant Kale] Cracked Pot,9500,300,-1,66030,0,3,0,3,0,1,0,0,1,-1,-1,-1,-1,-1,0,0
100507,[Merchant Kale] Throwing Dagger,1700,40,-1,150070,0,-1,0,3,0,1,0,0,1,-1,-1,-1,-1,-1,0,0
100510,[Merchant Kale] Torch,24000000,200,-1,150100,0,1,0,0,0,1,0,0,1,-1,-1,-1,-1,-1,0,0
100511,[Merchant Kale] Large Leather Shield,31230000,600,-1,150110,0,1,0,0,0,1,0,0,1,-1,-1,-1,-1,-1,0,0
100513,[Merchant Kale] Telescope,2040,500,-1,150130,0,1,0,3,0,1,0,0,1,-1,-1,-1,-1,-1,0,0
100514,[Merchant Kale] Note: Waypoint Ruins,8712,200,-1,69720,0,1,0,3,0,1,0,0,1,-1,8762,-1,-1,-1,0,0
100515,[Merchant Kale] Chain Coif,1100000,1000,-1,150150,0,1,0,1,0,1,0,0,1,-1,-1,-1,-1,-1,0,0
100516,[Merchant Kale] Chain Armor,1100100,1500,-1,150160,0,1,0,1,0,1,0,0,1,-1,-1,-1,-1,-1,0,0
100517,[Merchant Kale] Chain Gauntlets,1100200,1000,-1,150170,0,1,0,1,0,1,0,0,1,-1,-1,-1,-1,-1,0,0
100518,[Merchant Kale] Chain Leggings,1100300,1000,-1,150180,0,1,0,1,0,1,0,0,1,-1,-1,-1,-1,-1,0,0
100519,[Merchant Kale] Arrow,50000000,20,-1,150190,0,-1,0,0,0,1,0,0,1,-1,-1,-1,-1,-1,0,0
100520,[Merchant Kale] Bolt,52000000,40,-1,150200,0,-1,0,0,0,1,0,0,1,-1,-1,-1,-1,-1,0,0
100525,Nomadic Warrior's Cookbook [3],9301,500,-1,67010,0,1,0,3,0,1,0,0,1,-1,-1,-1,-1,-1,0,0
100539,Note: Flame Chariots,8707,300,-1,69670,0,1,0,3,0,1,0,0,1,-1,8757,-1,-1,-1,0,0
100540,Cracked Pot,9500,600,-1,66060,0,1,0,3,0,1,0,0,1,-1,-1,-1,-1,-1,0,0
100541,Pickled Turtle Neck,1100,800,-1,150410,0,3,0,3,0,1,0,0,1,-1,-1,-1,-1,-1,0,0
100542,Short Sword,2010000,600,-1,150420,0,1,0,0,0,1,0,0,1,-1,-1,-1,-1,-1,0,0
100543,Halberd,18000000,1200,-1,150430,0,1,0,0,0,1,0,0,1,-1,-1,-1,-1,-1,0,0
100544,Arrow,50000000,20,-1,150440,0,-1,0,0,0,1,0,0,1,-1,-1,-1,-1,-1,0,0
100545,Bolt,52000000,40,-1,150450,0,-1,0,0,0,1,0,0,1,-1,-1,-1,-1,-1,0,0
100546,Bandit Mask,1401000,1500,-1,150460,0,1,0,1,0,1,0,0,1,-1,-1,-1,-1,-1,0,0
100550,Nomadic Warrior's Cookbook [5],9383,1500,-1,67830,0,1,0,3,0,1,0,0,1,-1,-1,-1,-1,-1,0,0
100551,Armorer's Cookbook [3],9328,2000,-1,67280,0,1,0,3,0,1,0,0,1,-1,-1,-1,-1,-1,0,0
100552,Sliver of Meat,15000,500,-1,150520,0,5,0,3,0,1,0,0,1,-1,-1,-1,-1,-1,0,0
100553,Beast Liver,15010,500,-1,150530,0,5,0,3,0,1,0,0,1,-1,-1,-1,-1,-1,0,0
100554,Lump of Flesh,15020,800,-1,150540,0,3,0,3,0,1,0,0,1,-1,-1,-1,-1,-1,0,0
100557,Arrow,50000000,20,-1,150570,0,-1,0,0,0,1,0,0,1,-1,-1,-1,-1,-1,0,0
100560,Bolt,52000000,40,-1,150600,0,-1,0,0,0,1,0,0,1,-1,-1,-1,-1,-1,0,0
100561,Festering Bloody Finger,111,1000,-1,150610,0,5,0,3,0,1,0,0,1,-1,-1,-1,-1,-1,0,0
100562,Trina's Lily,20651,1000,-1,150620,0,3,0,3,0,1,0,0,1,-1,-1,-1,-1,-1,0,0
100563,Hand Axe,14020000,600,-1,150630,0,1,0,0,0,1,0,0,1,-1,-1,-1,-1,-1,0,0
100564,Riveted Wooden Shield,30090000,600,-1,150640,0,1,0,0,0,1,0,0,1,-1,-1,-1,-1,-1,0,0
100565,Blue-Gold Kite Shield,31100000,1000,-1,150650,0,1,0,0,0,1,0,0,1,-1,-1,-1,-1,-1,0,0
100566,St. Trina's Arrow,50040000,160,-1,150660,0,10,0,0,0,1,0,0,1,-1,-1,-1,-1,-1,0,0
100575,Armorer's Cookbook [2],9321,600,-1,67210,0,1,0,3,0,1,0,0,1,-1,-1,-1,-1,-1,0,0
100576,Note: Stonedigger Trolls,8703,400,-1,69630,0,1,0,3,0,1,0,0,1,-1,8753,-1,-1,-1,0,0
100585,Note: Land Squirts,8709,200,-1,69690,0,1,0,3,0,1,0,0,1,-1,8759,-1,-1,-1,0,0
100586,Club,11010000,600,-1,150860,0,1,0,0,0,1,0,0,1,-1,-1,-1,-1,-1,0,0
100587,Broadsword,2020000,1800,-1,150870,0,1,0,0,0,1,0,0,1,-1,-1,-1,-1,-1,0,0
100588,Iron Roundshield,30120000,900,-1,150880,0,1,0,0,0,1,0,0,1,-1,-1,-1,-1,-1,0,0
100589,Shortbow,40000000,600,-1,150890,0,1,0,0,0,1,0,0,1,-1,-1,-1,-1,-1,0,0
100590,Arrow,50000000,20,-1,150900,0,-1,0,0,0,1,0,0,1,-1,-1,-1,-1,-1,0,0
100591,Bolt,52000000,40,-1,150910,0,-1,0,0,0,1,0,0,1,-1,-1,-1,-1,-1,0,0
100592,Neutralizing Boluses,900,600,-1,150920,0,5,0,3,0,1,0,0,1,-1,-1,-1,-1,-1,0,0
100593,Stanching Boluses,910,600,-1,150930,0,3,0,3,0,1,0,0,1,-1,-1,-1,-1,-1,0,0
100594,Stimulating Boluses,930,1500,-1,150940,0,2,0,3,0,1,0,0,1,-1,-1,-1,-1,-1,0,0
100600,Stonesword Key,8000,2000,-1,160000,0,1,0,3,0,1,0,0,1,-1,-1,-1,-1,-1,0,0
100601,Kukri,1730,60,-1,160080,0,-1,0,3,0,1,0,0,1,-1,-1,-1,-1,-1,0,0
100602,Red Thorn Roundshield,30070000,600,-1,160130,0,1,0,0,0,1,0,0,1,-1,-1,-1,-1,-1,0,0
100603,Round Shield,31070000,1000,-1,160140,0,1,0,0,0,1,0,0,1,-1,-1,-1,-1,-1,0,0
100604,Crimson Amber Medallion,1000,1500,-1,160160,0,1,0,2,0,1,0,0,1,-1,-1,-1,-1,-1,0,0
100605,Note: Demi-human Mobs,8708,500,-1,69680,0,1,0,3,0,1,0,0,1,-1,8758,-1,-1,-1,0,0
100606,Cracked Pot,9500,600,-1,66070,0,1,0,3,0,1,0,0,1,-1,-1,-1,-1,-1,0,0
100607,Bastard Sword,3000000,3000,-1,160190,0,1,0,0,0,1,0,0,1,-1,-1,-1,-1,-1,0,0
100608,Light Crossbow,43020000,1500,-1,160200,0,1,0,0,0,1,0,0,1,-1,-1,-1,-1,-1,0,0
100609,Arrow,50000000,20,-1,160210,0,-1,0,0,0,1,0,0,1,-1,-1,-1,-1,-1,0,0
100610,Bolt,52000000,40,-1,160220,0,-1,0,0,0,1,0,0,1,-1,-1,-1,-1,-1,0,0
100611,Great Arrow,51000000,300,-1,160230,0,8,0,0,0,1,0,0,1,-1,-1,-1,-1,-1,0,0
100612,Ballista Bolt,53000000,300,-1,160240,0,8,0,0,0,1,0,0,1,-1,-1,-1,-1,-1,0,0
100613,Iron Helmet,40000,1500,-1,180500,0,1,0,1,0,1,0,0,1,-1,-1,-1,-1,-1,0,0
100614,Scale Armor,40100,2400,-1,180510,0,1,0,1,0,1,0,0,1,-1,-1,-1,-1,-1,0,0
100615,Iron Gauntlets,40200,1500,-1,180520,0,1,0,1,0,1,0,0,1,-1,-1,-1,-1,-1,0,0
100616,Leather Trousers,40300,1500,-1,180530,0,1,0,1,0,1,0,0,1,-1,-1,-1,-1,-1,0,0
100625,Nomadic Warrior's Cookbook [11],9322,1500,-1,67220,0,1,0,3,0,1,0,0,1,-1,-1,-1,-1,-1,0,0
100633,Estoc,5000000,3000,-1,160330,0,1,0,0,0,1,0,0,1,-1,-1,-1,-1,-1,0,0
100634,Kite Shield,31000000,1000,-1,160340,0,1,0,0,0,1,0,0,1,-1,-1,-1,-1,-1,0,0
100641,Astrologer Hood,630000,1000,-1,160410,0,1,0,1,0,1,0,0,1,-1,-1,-1,-1,-1,0,0
100642,Astrologer Robe,630100,1500,-1,160420,0,1,0,1,0,1,0,0,1,-1,-1,-1,-1,-1,0,0
100643,Astrologer Gloves,630200,1000,-1,160430,0,1,0,1,0,1,0,0,1,-1,-1,-1,-1,-1,0,0
100644,Astrologer Trousers,630300,1000,-1,160440,0,1,0,1,0,1,0,0,1,-1,-1,-1,-1,-1,0,0
100645,Lantern,2070,1800,-1,160450,0,1,0,3,0,1,0,0,1,-1,-1,-1,-1,-1,0,0
100646,Astrologer's Staff,33130000,800,-1,160460,0,1,0,0,0,1,0,0,1,-1,-1,-1,-1,-1,0,0
100647,Arrow,50000000,20,-1,160470,0,-1,0,0,0,1,0,0,1,-1,-1,-1,-1,-1,0,0
100648,Bolt,52000000,40,-1,160480,0,-1,0,0,0,1,0,0,1,-1,-1,-1,-1,-1,0,0
100650,Note: Walking Mausoleum,8704,600,-1,69640,0,1,0,3,0,1,0,0,1,-1,8754,-1,-1,-1,0,0
100652,Stonesword Key,8000,2000,-1,160520,0,3,0,3,0,1,0,0,1,-1,-1,-1,-1,-1,0,0
100654,Arteria Leaf,20691,1000,-1,160540,0,5,0,3,0,1,0,0,1,-1,-1,-1,-1,-1,0,0
100656,Ballista Bolt,53000000,300,-1,160560,0,15,0,0,0,1,0,0,1,-1,-1,-1,-1,-1,0,0
100657,Sacrificial Twig,6070,3000,-1,160570,0,3,0,2,0,1,0,0,1,-1,-1,-1,-1,-1,0,0
100658,Lantern,2070,1800,-1,160580,0,1,0,3,0,1,0,0,1,-1,-1,-1,-1,-1,0,0
100659,Lost Ashes of War,10070,3000,-1,160590,0,1,0,3,0,1,0,0,1,-1,-1,-1,-1,-1,0,0
100660,Zweihander,4040000,3500,-1,160600,0,1,0,0,0,1,0,0,1,-1,-1,-1,-1,-1,0,0
100661,Arrow,50000000,20,-1,160610,0,-1,0,0,0,1,0,0,1,-1,-1,-1,-1,-1,0,0
100662,Bolt,52000000,40,-1,160620,0,-1,0,0,0,1,0,0,1,-1,-1,-1,-1,-1,0,0
100663,Great Arrow,51000000,300,-1,160630,0,15,0,0,0,1,0,0,1,-1,-1,-1,-1,-1,0,0
100675,Fevor's Cookbook [2],9422,3500,-1,68220,0,1,0,3,0,1,0,0,1,-1,-1,-1,-1,-1,0,0
100676,Trina's Lily,20651,1000,-1,160760,0,3,0,3,0,1,0,0,1,-1,-1,-1,-1,-1,0,0
100678,Eye of Yelough,20740,1500,-1,160780,0,1,0,3,0,1,0,0,1,-1,-1,-1,-1,-1,0,0
100680,Stonesword Key,8000,3000,-1,160800,0,3,0,3,0,1,0,0,1,-1,-1,-1,-1,-1,0,0
100681,Lost Ashes of War,10070,4000,-1,160810,0,1,0,3,0,1,0,0,1,-1,-1,-1,-1,-1,0,0
100682,Sacrificial Twig,6070,3000,-1,160820,0,3,0,2,0,1,0,0,1,-1,-1,-1,-1,-1,0,0
100686,Note: Revenants,8711,800,-1,69710,0,1,0,3,0,1,0,0,1,-1,8761,-1,-1,-1,0,0
100687,Note: Frenzied Flame Village,8715,800,-1,69750,0,1,0,3,0,1,0,0,1,-1,8765,-1,-1,-1,0,0
100688,Fanged Imp Ashes,203000,2000,-1,160880,0,1,0,3,0,1,0,0,1,-1,-1,-1,-1,-1,0,0
100689,St. Trina's Arrow,50040000,160,-1,160890,0,20,0,0,0,1,0,0,1,-1,-1,-1,-1,-1,0,0
100690,Meteor Bolt,52050000,120,-1,160900,0,-1,0,0,0,1,0,0,1,-1,-1,-1,-1,-1,0,0
100691,Blue Cloth Cowl,670000,1000,-1,160910,0,1,0,1,0,1,0,0,1,-1,-1,-1,-1,-1,0,0
100692,Blue Cloth Vest,670100,1500,-1,160920,0,1,0,1,0,1,0,0,1,-1,-1,-1,-1,-1,0,0
100693,Warrior Gauntlets,670200,1000,-1,160930,0,1,0,1,0,1,0,0,1,-1,-1,-1,-1,-1,0,0
100694,Warrior Greaves,670300,1000,-1,160940,0,1,0,1,0,1,0,0,1,-1,-1,-1,-1,-1,0,0
100700,Nomadic Warrior's Cookbook [13],9308,2000,-1,67080,0,1,0,3,0,1,0,0,1,-1,-1,-1,-1,-1,0,0
100704,Composite Bow,40050000,3500,-1,170040,0,1,0,0,0,1,0,0,1,-1,-1,-1,-1,-1,0,0
100705,Rift Shield,30110000,1800,-1,170050,0,1,0,0,0,1,0,0,1,-1,-1,-1,-1,-1,0,0
100706,Blue Crest Heater Shield,31300000,1500,-1,170060,0,1,0,0,0,1,0,0,1,-1,-1,-1,-1,-1,0,0
100714,Rune Arc,190,4000,-1,170140,0,3,0,3,0,1,0,0,1,-1,-1,-1,-1,-1,0,0
100715,Bewitching Branch,3350,1600,-1,170150,0,5,0,3,0,1,0,0,1,-1,-1,-1,-1,-1,0,0
100716,Arrow,50000000,20,-1,170160,0,-1,0,0,0,1,0,0,1,-1,-1,-1,-1,-1,0,0
100717,Bolt,52000000,40,-1,170170,0,-1,0,0,0,1,0,0,1,-1,-1,-1,-1,-1,0,0
100718,Immunizing White Cured Meat,1310,2000,-1,170180,0,3,0,3,0,1,0,0,1,-1,-1,-1,-1,-1,0,0
100719,Invigorating White Cured Meat,1320,2000,-1,170190,0,3,0,3,0,1,0,0,1,-1,-1,-1,-1,-1,0,0
100720,Clarifying White Cured Meat,1330,2000,-1,170200,0,3,0,3,0,1,0,0,1,-1,-1,-1,-1,-1,0,0
100725,Perfume Bottle,9510,2000,-1,66750,0,1,0,3,0,1,0,0,1,-1,-1,-1,-1,-1,0,0
100734,Golden Great Arrow,51020000,500,-1,170340,0,-1,0,0,0,1,0,0,1,-1,-1,-1,-1,-1,0,0
100735,Sentry's Torch,24070000,7000,-1,170350,0,1,0,0,0,1,0,0,1,-1,-1,-1,-1,-1,0,0
100736,Rune Arc,190,4000,-1,170360,0,3,0,3,0,1,0,0,1,-1,-1,-1,-1,-1,0,0
100737,Golden Sunflower,20683,300,-1,170370,0,10,0,3,0,1,0,0,1,-1,-1,-1,-1,-1,0,0
100738,Distinguished Greatshield,32020000,5500,-1,170380,0,1,0,0,0,1,0,0,1,-1,-1,-1,-1,-1,0,0
100739,Arrow,50000000,20,-1,170390,0,-1,0,0,0,1,0,0,1,-1,-1,-1,-1,-1,0,0
100740,Golden Arrow,50090000,120,-1,170400,0,-1,0,0,0,1,0,0,1,-1,-1,-1,-1,-1,0,0
100741,Bolt,52000000,40,-1,170410,0,-1,0,0,0,1,0,0,1,-1,-1,-1,-1,-1,0,0
100742,Golden Bolt,52070000,120,-1,170420,0,-1,0,0,0,1,0,0,1,-1,-1,-1,-1,-1,0,0
100743,Great Arrow,51000000,300,-1,170430,0,-1,0,0,0,1,0,0,1,-1,-1,-1,-1,-1,0,0
100744,Ballista Bolt,53000000,300,-1,170440,0,-1,0,0,0,1,0,0,1,-1,-1,-1,-1,-1,0,0
100745,Upper-Class Robe,962100,2400,-1,170450,0,1,0,1,0,1,0,0,1,-1,-1,-1,-1,-1,0,0
100746,Consort's Trousers,960300,1500,-1,170460,0,1,0,1,0,1,0,0,1,-1,-1,-1,-1,-1,0,0
100747,Prophet Blindfold,620000,1000,-1,170470,0,1,0,1,0,1,0,0,1,-1,-1,-1,-1,-1,0,0
100748,Prophet Trousers,620300,1000,-1,170480,0,1,0,1,0,1,0,0,1,-1,-1,-1,-1,-1,0,0
100749,Prophet Robe,622100,1500,-1,170490,0,1,0,1,0,1,0,0,1,-1,-1,-1,-1,-1,0,0
100750,Ancient Dragon Apostle's Cookbook [2],9401,4500,-1,68010,0,1,0,3,0,1,0,0,1,-1,-1,-1,-1,-1,0,0
100751,Note: Imp Shades,8701,1200,-1,69610,0,1,0,3,0,1,0,0,1,-1,8751,-1,-1,-1,0,0
100752,Note: Unseen Assassins,8705,2000,-1,69650,0,1,0,3,0,1,0,0,1,-1,8755,-1,-1,-1,0,0
100753,Stonesword Key,8000,4000,-1,170530,0,3,0,3,0,1,0,0,1,-1,-1,-1,-1,-1,0,0
100761,Lightning Bolt,52010000,160,-1,170610,0,-1,0,0,0,1,0,0,1,-1,-1,-1,-1,-1,0,0
100764,Scorpion Kite Shield,31080000,2000,-1,170640,0,1,0,0,0,1,0,0,1,-1,-1,-1,-1,-1,0,0
100765,Gravel Stone,20855,2000,-1,170650,0,8,0,3,0,1,0,0,1,-1,-1,-1,-1,-1,0,0
100766,Red Crest Heater Shield,31290000,2500,-1,170660,0,1,0,0,0,1,0,0,1,-1,-1,-1,-1,-1,0,0
100767,Crossed-Tree Towershield,32200000,3800,-1,170670,0,1,0,0,0,1,0,0,1,-1,-1,-1,-1,-1,0,0
100768,Arrow,50000000,20,-1,170680,0,-1,0,0,0,1,0,0,1,-1,-1,-1,-1,-1,0,0
100769,Bolt,52000000,40,-1,170690,0,-1,0,0,0,1,0,0,1,-1,-1,-1,-1,-1,0,0
100770,Tree Surcoat,1102100,3500,-1,170700,0,1,0,1,0,1,0,0,1,-1,-1,-1,-1,-1,0,0
100775,Nomadic Warrior's Cookbook [20],9323,3000,-1,67230,0,1,0,3,0,1,0,0,1,-1,-1,-1,-1,-1,0,0
100777,Stonesword Key,8000,5000,-1,170770,0,1,0,3,0,1,0,0,1,-1,-1,-1,-1,-1,0,0
100784,Explosive Greatbolt,53020000,800,-1,170840,0,-1,0,0,0,1,0,0,1,-1,-1,-1,-1,-1,0,0
100789,Arrow,50000000,20,-1,170890,0,-1,0,0,0,1,0,0,1,-1,-1,-1,-1,-1,0,0
100790,Great Arrow,51000000,300,-1,170900,0,-1,0,0,0,1,0,0,1,-1,-1,-1,-1,-1,0,0
100791,Bolt,52000000,40,-1,170910,0,-1,0,0,0,1,0,0,1,-1,-1,-1,-1,-1,0,0
100792,Explosive Bolt,52060000,160,-1,170920,0,-1,0,0,0,1,0,0,1,-1,-1,-1,-1,-1,0,0
100793,Ballista Bolt,53000000,300,-1,170930,0,-1,0,0,0,1,0,0,1,-1,-1,-1,-1,-1,0,0
100794,Confessor Hood,880000,1000,-1,170940,0,1,0,1,0,1,0,0,1,-1,-1,-1,-1,-1,0,0
100795,Confessor Armor,880100,1500,-1,170950,0,1,0,1,0,1,0,0,1,-1,-1,-1,-1,-1,0,0
100796,Confessor Gloves,880200,1000,-1,170960,0,1,0,1,0,1,0,0,1,-1,-1,-1,-1,-1,0,0
100797,Confessor Boots,880300,1000,-1,170970,0,1,0,1,0,1,0,0,1,-1,-1,-1,-1,-1,0,0
100798,Guilty Hood,160000,500,-1,170980,0,1,0,1,0,1,0,0,1,-1,-1,-1,-1,-1,0,0
100801,Poisonbone Dart,1720,120,-1,180010,0,-1,0,3,0,1,0,0,1,-1,-1,-1,-1,-1,0,0
100802,Poisoned Stone,1840,150,-1,180020,0,-1,0,3,0,1,0,0,1,-1,-1,-1,-1,-1,0,0
100803,Poisoned Stone Clump,1841,250,-1,180030,0,-1,0,3,0,1,0,0,1,-1,-1,-1,-1,-1,0,0
100813,Preserving Boluses,940,2500,-1,180130,0,3,0,3,0,1,0,0,1,-1,-1,-1,-1,-1,0,0
100814,Aeonian Butterfly,20801,1500,-1,180140,0,5,0,3,0,1,0,0,1,-1,-1,-1,-1,-1,0,0
100815,Arrow,50000000,20,-1,180150,0,-1,0,0,0,1,0,0,1,-1,-1,-1,-1,-1,0,0
100816,Fire Arrow,50010000,120,-1,180160,0,-1,0,0,0,1,0,0,1,-1,-1,-1,-1,-1,0,0
100817,Bolt,52000000,40,-1,180170,0,-1,0,0,0,1,0,0,1,-1,-1,-1,-1,-1,0,0
100825,Nomadic Warrior's Cookbook [15],9390,4000,-1,67900,0,1,0,3,0,1,0,0,1,-1,-1,-1,-1,-1,0,0
100826,Stonesword Key,8000,4000,-1,180260,0,1,0,3,0,1,0,0,1,-1,-1,-1,-1,-1,0,0
100827,Cracked Pot,9500,1500,-1,66180,0,1,0,3,0,1,0,0,1,-1,-1,-1,-1,-1,0,0
100837,Note: Gravity's Advantage,8710,800,-1,69700,0,1,0,3,0,1,0,0,1,-1,8760,-1,-1,-1,0,0
100838,Arrow,50000000,20,-1,180380,0,-1,0,0,0,1,0,0,1,-1,-1,-1,-1,-1,0,0
100839,Bolt,52000000,40,-1,180390,0,-1,0,0,0,1,0,0,1,-1,-1,-1,-1,-1,0,0
100840,Flaming Bolt,52190000,120,-1,180400,0,-1,0,0,0,1,0,0,1,-1,-1,-1,-1,-1,0,0
100841,Champion Headband,730000,1000,-1,180410,0,1,0,1,0,1,0,0,1,-1,-1,-1,-1,-1,0,0
100842,Champion Pauldron,730100,1500,-1,180420,0,1,0,1,0,1,0,0,1,-1,-1,-1,-1,-1,0,0
100843,Champion Bracers,730200,1000,-1,180430,0,1,0,1,0,1,0,0,1,-1,-1,-1,-1,-1,0,0
100844,Champion Gaiters,730300,1000,-1,180440,0,1,0,1,0,1,0,0,1,-1,-1,-1,-1,-1,0,0
100845,Greathelm,1101000,1800,-1,180450,0,1,0,1,0,1,0,0,1,-1,-1,-1,-1,-1,0,0
100875,Note: Hidden Cave,8700,1200,-1,69600,0,1,0,3,0,1,0,0,1,-1,8750,-1,-1,-1,0,0
100876,Ritual Pot,9501,3000,-1,66460,0,1,0,3,0,1,0,0,1,-1,-1,-1,-1,-1,0,0
100877,Lost Ashes of War,10070,5000,-1,180770,0,2,0,3,0,1,0,0,1,-1,-1,-1,-1,-1,0,0
100878,Gravel Stone,20855,2000,-1,180780,0,10,0,3,0,1,0,0,1,-1,-1,-1,-1,-1,0,0
100880,Sacrificial Twig,6070,3000,-1,180800,0,3,0,2,0,1,0,0,1,-1,-1,-1,-1,-1,0,0
100882,Land of Reeds Helm,870000,1000,-1,180820,0,1,0,1,0,1,0,0,1,-1,-1,-1,-1,-1,0,0
100883,Land of Reeds Armor,870100,1500,-1,180830,0,1,0,1,0,1,0,0,1,-1,-1,-1,-1,-1,0,0
100884,Land of Reeds Gauntlets,870200,1000,-1,180840,0,1,0,1,0,1,0,0,1,-1,-1,-1,-1,-1,0,0
100885,Land of Reeds Greaves,870300,1000,-1,180850,0,1,0,1,0,1,0,0,1,-1,-1,-1,-1,-1,0,0
100886,Note: Gateway,8713,1200,-1,69730,0,1,0,3,0,1,0,0,1,-1,8763,-1,-1,-1,0,0
100887,Dragonwound Grease,1480,3000,-1,180870,0,2,0,3,0,1,0,0,1,-1,-1,-1,-1,-1,0,0
100888,Spiked Caestus,21010000,4000,-1,180880,0,1,0,0,0,1,0,0,1,-1,-1,-1,-1,-1,0,0
100889,Beast-Repellent Torch,24060000,1200,-1,180890,0,1,0,0,0,1,0,0,1,-1,-1,-1,-1,-1,0,0
100890,Arrow,50000000,20,-1,180900,0,-1,0,0,0,1,0,0,1,-1,-1,-1,-1,-1,0,0
100891,Serpent Arrow,50020000,120,-1,180910,0,-1,0,0,0,1,0,0,1,-1,-1,-1,-1,-1,0,0
100892,Bolt,52000000,40,-1,180920,0,-1,0,0,0,1,0,0,1,-1,-1,-1,-1,-1,0,0
100900,Missionary's Cookbook [7],9423,7500,-1,68230,0,1,0,3,0,1,0,0,1,-1,-1,-1,-1,-1,0,0
100901,Stonesword Key,8000,5000,-1,190010,0,3,0,3,0,1,0,0,1,-1,-1,-1,-1,-1,0,0
100903,Thawfrost Boluses,920,1200,-1,190030,0,10,0,3,0,1,0,0,1,-1,-1,-1,-1,-1,0,0
100909,Rune Arc,190,8000,-1,190090,0,3,0,3,0,1,0,0,1,-1,-1,-1,-1,-1,0,0
100910,Arrow,50000000,20,-1,190100,0,-1,0,0,0,1,0,0,1,-1,-1,-1,-1,-1,0,0
100911,Bolt,52000000,40,-1,190110,0,-1,0,0,0,1,0,0,1,-1,-1,-1,-1,-1,0,0
100912,Great Arrow,51000000,300,-1,190120,0,-1,0,0,0,1,0,0,1,-1,-1,-1,-1,-1,0,0
100913,Ballista Bolt,53000000,300,-1,190130,0,-1,0,0,0,1,0,0,1,-1,-1,-1,-1,-1,0,0
100914,Lightning Greatbolt,53010000,500,-1,190140,0,-1,0,0,0,1,0,0,1,-1,-1,-1,-1,-1,0,0
100915,Vagabond Knight Helm,660000,1000,-1,190150,0,1,0,1,0,1,0,0,1,-1,-1,-1,-1,-1,0,0
100916,Vagabond Knight Armor,660100,1500,-1,190160,0,1,0,1,0,1,0,0,1,-1,-1,-1,-1,-1,0,0
100917,Vagabond Knight Gauntlets,660200,1000,-1,190170,0,1,0,1,0,1,0,0,1,-1,-1,-1,-1,-1,0,0
100918,Vagabond Knight Greaves,660300,1000,-1,190180,0,1,0,1,0,1,0,0,1,-1,-1,-1,-1,-1,0,0
100925,Nomadic Warrior's Cookbook [17],9310,1000,-1,67100,0,1,0,3,0,1,0,0,1,-1,-1,-1,-1,-1,0,0
100926,Nomadic Warrior's Cookbook [18],9327,6000,-1,67270,0,1,0,3,0,1,0,0,1,-1,-1,-1,-1,-1,0,0
100928,Stonesword Key,8000,2000,-1,190280,0,3,0,3,0,1,0,0,1,-1,-1,-1,-1,-1,0,0
100935,Dwelling Arrow,50100000,160,-1,190350,0,30,0,0,0,1,0,0,1,-1,-1,-1,-1,-1,0,0
100936,Larval Tear,8185,3000,-1,190360,0,1,0,3,0,1,0,0,1,-1,-1,-1,-1,-1,0,0
100937,Shotel,7020000,2500,-1,190370,0,1,0,0,0,1,0,0,1,-1,-1,-1,-1,-1,0,0
100938,Arrow,50000000,20,-1,190380,0,-1,0,0,0,1,0,0,1,-1,-1,-1,-1,-1,0,0
100939,Bolt,52000000,40,-1,190390,0,-1,0,0,0,1,0,0,1,-1,-1,-1,-1,-1,0,0
100940,Soap,2120,400,-1,190400,0,3,0,3,0,1,0,0,1,-1,-1,-1,-1,-1,0,0
100941,Nascent Butterfly,20800,1500,-1,190410,0,5,0,3,0,1,0,0,1,-1,-1,-1,-1,-1,0,0
100950,Nomadic Warrior's Cookbook [16],9329,2500,-1,67290,0,1,0,3,0,1,0,0,1,-1,-1,-1,-1,-1,0,0
100951,Perfumer's Cookbook [4],9392,3000,-1,67920,0,1,0,3,0,1,0,0,1,-1,-1,-1,-1,-1,0,0
100953,Lost Ashes of War,10070,3000,-1,190530,0,1,0,3,0,1,0,0,1,-1,-1,-1,-1,-1,0,0
100962,Celestial Dew,2130,7500,-1,190620,0,1,0,3,0,1,0,0,1,-1,-1,-1,-1,-1,0,0
100963,Gravity Stone Fan,3060,200,-1,190630,0,20,0,3,0,1,0,0,1,-1,-1,-1,-1,-1,0,0
100964,Gravity Stone Chunk,3070,300,-1,190640,0,10,0,3,0,1,0,0,1,-1,-1,-1,-1,-1,0,0
100965,Prisoner Iron Mask,890000,1000,-1,190650,0,1,0,1,0,1,0,0,1,-1,-1,-1,-1,-1,0,0
100966,Prisoner Clothing,890100,1500,-1,190660,0,1,0,1,0,1,0,0,1,-1,-1,-1,-1,-1,0,0
100967,Prisoner Trousers,890300,1000,-1,190670,0,1,0,1,0,1,0,0,1,-1,-1,-1,-1,-1,0,0
100976,Stonesword Key,8000,5000,-1,190760,0,5,0,3,0,1,0,0,1,-1,-1,-1,-1,-1,0,0
100977,Lost Ashes of War,10070,5000,-1,190770,0,1,0,3,0,1,0,0,1,-1,-1,-1,-1,-1,0,0
100981,Rune Arc,190,8000,-1,190810,0,3,0,3,0,1,0,0,1,-1,-1,-1,-1,-1,0,0
100982,Festering Bloody Finger,111,2000,-1,190820,0,10,0,3,0,1,0,0,1,-1,-1,-1,-1,-1,0,0
100983,Stanching Boluses,910,1200,-1,190830,0,3,0,3,0,1,0,0,1,-1,-1,-1,-1,-1,0,0
100984,Bloodrose,20723,800,-1,190840,0,-1,0,3,0,1,0,0,1,-1,-1,-1,-1,-1,0,0
100985,Dwelling Arrow,50100000,160,-1,190850,0,-1,0,0,0,1,0,0,1,-1,-1,-1,-1,-1,0,0
100986,Burred Bolt,52040000,200,-1,190860,0,-1,0,0,0,1,0,0,1,-1,-1,-1,-1,-1,0,0
101503,Elden Lord Crown,460000,12000,-1,250030,9107,1,0,1,0,1,0,0,1,-1,-1,-1,-1,-1,0,0
101504,Elden Lord Armor,460100,20000,-1,250040,9107,1,0,1,0,1,0,0,1,-1,-1,-1,-1,-1,0,0
101505,Elden Lord Bracers,460200,12000,-1,250050,9107,1,0,1,0,1,0,0,1,-1,-1,-1,-1,-1,0,0
101506,Elden Lord Greaves,460300,12000,-1,250060,9107,1,0,1,0,1,0,0,1,-1,-1,-1,-1,-1,0,0
101507,Radahn's Redmane Helm,470000,8000,-1,250070,9130,1,0,1,0,1,0,0,1,-1,-1,-1,-1,-1,0,0
101508,Radahn's Lion Armor,470100,12000,-1,250080,9130,1,0,1,0,1,0,0,1,-1,-1,-1,-1,-1,0,0
101509,Radahn's Gauntlets,470200,8000,-1,250090,9130,1,0,1,0,1,0,0,1,-1,-1,-1,-1,-1,0,0
101510,Radahn's Greaves,470300,8000,-1,250100,9130,1,0,1,0,1,0,0,1,-1,-1,-1,-1,-1,0,0
101511,Lord of Blood's Robe,480100,20000,-1,250110,9112,1,0,1,0,1,0,0,1,-1,-1,-1,-1,-1,0,0
101512,Queen's Crescent Crown,510000,7000,-1,250120,9118,1,0,1,0,1,0,0,1,-1,-1,-1,-1,-1,0,0
101513,Queen's Robe,510100,10000,-1,250130,9118,1,0,1,0,1,0,0,1,-1,-1,-1,-1,-1,0,0
101514,Queen's Bracelets,510200,7000,-1,250140,9118,1,0,1,0,1,0,0,1,-1,-1,-1,-1,-1,0,0
101515,Queen's Leggings,510300,7000,-1,250150,9118,1,0,1,0,1,0,0,1,-1,-1,-1,-1,-1,0,0
101516,Maliketh's Helm,760000,10000,-1,250160,9116,1,0,1,0,1,0,0,1,-1,-1,-1,-1,-1,0,0
101517,Maliketh's Armor,760100,15000,-1,250170,9116,1,0,1,0,1,0,0,1,-1,-1,-1,-1,-1,0,0
101518,Maliketh's Gauntlets,760200,10000,-1,250180,9116,1,0,1,0,1,0,0,1,-1,-1,-1,-1,-1,0,0
101519,Maliketh's Greaves,760300,10000,-1,250190,9116,1,0,1,0,1,0,0,1,-1,-1,-1,-1,-1,0,0
101520,Malenia's Winged Helm,770000,12000,-1,250200,9120,1,0,1,0,1,0,0,1,-1,-1,-1,-1,-1,0,0
101521,Malenia's Armor,770100,20000,-1,250210,9120,1,0,1,0,1,0,0,1,-1,-1,-1,-1,-1,0,0
101522,Malenia's Gauntlet,770200,12000,-1,250220,9120,1,0,1,0,1,0,0,1,-1,-1,-1,-1,-1,0,0
101523,Malenia's Greaves,770300,12000,-1,250230,9120,1,0,1,0,1,0,0,1,-1,-1,-1,-1,-1,0,0
101524,Fell Omen Cloak,1050100,12000,-1,250240,9104,1,0,1,0,1,0,0,1,-1,-1,-1,-1,-1,0,0
101525,Royal Knight Helm,280000,4000,-1,250250,9119,1,0,1,0,1,0,0,1,-1,-1,-1,-1,-1,0,0
101526,Royal Knight Armor,280100,6000,-1,250260,9119,1,0,1,0,1,0,0,1,-1,-1,-1,-1,-1,0,0
101527,Royal Knight Gauntlets,280200,4000,-1,250270,9119,1,0,1,0,1,0,0,1,-1,-1,-1,-1,-1,0,0
101528,Royal Knight Greaves,280300,4000,-1,250280,9119,1,0,1,0,1,0,0,1,-1,-1,-1,-1,-1,0,0
101529,Veteran's Helm,780000,4000,-1,250290,9184,1,0,1,0,1,0,0,1,-1,-1,-1,-1,-1,0,0
101530,Veteran's Armor,780100,6000,-1,250300,9184,1,0,1,0,1,0,0,1,-1,-1,-1,-1,-1,0,0
101531,Veteran's Gauntlets,780200,4000,-1,250310,9184,1,0,1,0,1,0,0,1,-1,-1,-1,-1,-1,0,0
101532,Veteran's Greaves,780300,4000,-1,250320,9184,1,0,1,0,1,0,0,1,-1,-1,-1,-1,-1,0,0
101549,Radahn's Spear,51040000,800,-1,250490,9130,-1,0,0,0,1,0,0,1,-1,-1,-1,-1,-1,0,0
101550,Briar Helm,210000,4000,-1,250500,9182,1,0,1,0,1,0,0,1,-1,-1,-1,-1,-1,0,0
101551,Briar Armor,210100,6000,-1,250510,9182,1,0,1,0,1,0,0,1,-1,-1,-1,-1,-1,0,0
101552,Briar Gauntlets,210200,4000,-1,250520,9182,1,0,1,0,1,0,0,1,-1,-1,-1,-1,-1,0,0
101553,Briar Greaves,210300,4000,-1,250530,9182,1,0,1,0,1,0,0,1,-1,-1,-1,-1,-1,0,0
101775,Remembrance of the Grafted,2950,0,-1,270750,9101,1,0,3,0,1,0,0,1,-1,-1,-1,-1,-1,0,0
101776,Remembrance of the Starscourge,2951,0,-1,270760,9130,1,0,3,0,1,0,0,1,-1,-1,-1,-1,-1,0,0
101777,Remembrance of the Omen King,2952,0,-1,270770,9104,1,0,3,0,1,0,0,1,-1,-1,-1,-1,-1,0,0
101778,Remembrance of the Blasphemous,2953,0,-1,270780,9122,1,0,3,0,1,0,0,1,-1,-1,-1,-1,-1,0,0
101779,Remembrance of the Rot Goddess,2954,0,-1,270790,9120,1,0,3,0,1,0,0,1,-1,-1,-1,-1,-1,0,0
101780,Remembrance of the Full Moon Queen,2959,0,-1,270800,9118,1,0,3,0,1,0,0,1,-1,-1,-1,-1,-1,0,0
101781,Remembrance of the Blood Lord,2955,0,-1,270810,9112,1,0,3,0,1,0,0,1,-1,-1,-1,-1,-1,0,0
101785,Remembrance of the Black Blade,2956,0,-1,270850,9116,1,0,3,0,1,0,0,1,-1,-1,-1,-1,-1,0,0
101786,Remembrance of Hoarah Loux,2957,0,-1,270860,9107,1,0,3,0,1,0,0,1,-1,-1,-1,-1,-1,0,0
101787,Remembrance of the Dragonlord,2958,0,-1,270870,9115,1,0,3,0,1,0,0,1,-1,-1,-1,-1,-1,0,0
101788,Remembrance of the Lichdragon,2960,0,-1,270880,9111,1,0,3,0,1,0,0,1,-1,-1,-1,-1,-1,0,0
101789,Remembrance of the Fire Giant,2961,0,-1,270890,9131,1,0,3,0,1,0,0,1,-1,-1,-1,-1,-1,0,0
101790,Remembrance of the Regal Ancestor,2962,0,-1,270900,9133,1,0,3,0,1,0,0,1,-1,-1,-1,-1,-1,0,0
101791,Elden Remembrance,2963,0,-1,270910,9123,1,0,3,0,1,0,0,1,-1,-1,-1,-1,-1,0,0
101792,Remembrance of the Naturalborn,2964,0,-1,270920,9108,1,0,3,0,1,0,0,1,-1,-1,-1,-1,-1,0,0

# REPLACE

101900,Axe of Godrick,15040000,0,900000,290000,0,1,0,0,0,1,0,0,1,-1,-1,-1,-1,-1,0,0
101901,Grafted Dragon,21060000,2000,900001,290010,0,1,0,0,0,1,0,0,1,-1,-1,-1,-1,-1,0,0
101902,Starscourge Greatsword,4050000,0,900002,290020,0,1,0,0,0,1,0,0,1,-1,-1,-1,-1,-1,0,0
101903,Lion Greatbow,42000000,0,900003,290030,0,1,0,0,0,1,0,0,1,-1,-1,-1,-1,-1,0,0
101904,Morgott's Cursed Sword,8100000,0,900004,290040,0,1,0,0,0,1,0,0,1,-1,-1,-1,-1,-1,0,0
101905,Regal Omen Bairn,3011,5000,900005,290050,0,1,0,3,0,1,0,0,1,-1,-1,-1,-1,-1,0,0
101906,Blasphemous Blade,3140000,0,900006,290060,0,1,0,0,0,1,0,0,1,-1,-1,-1,-1,-1,0,0
101907,[Sorcery] Rykard's Rancor,4830,0,900007,290070,0,1,0,3,0,1,0,0,1,-1,-1,-1,-1,-1,0,0
101908,Hand of Malenia,9020000,0,900008,290080,0,1,0,0,0,1,0,0,1,-1,-1,-1,-1,-1,0,0
101909,[Incantation] Scarlet Aeonia,7240,0,900009,290090,0,1,0,3,0,1,0,0,1,-1,-1,-1,-1,-1,0,0
101910,Mohgwyn's Sacred Spear,17010000,0,900010,290100,0,1,0,0,0,1,0,0,1,-1,-1,-1,-1,-1,0,0
101911,[Incantation] Bloodboon,6310,0,900011,290110,0,1,0,3,0,1,0,0,1,-1,-1,-1,-1,-1,0,0
101912,Maliketh's Black Blade,4020000,0,900012,290120,0,1,0,0,0,1,0,0,1,-1,-1,-1,-1,-1,0,0
101913,[Incantation] Black Blade,7530,0,900013,290130,0,1,0,3,0,1,0,0,1,-1,-1,-1,-1,-1,0,0
101914,Axe of Godfrey,23050000,0,900014,290140,0,1,0,0,0,1,0,0,1,-1,-1,-1,-1,-1,0,0
101915,Ash of War: Hoarah Loux's Earthshaker,50900,15000,900015,290150,0,1,0,4,0,1,0,0,1,-1,-1,-1,-1,-1,0,0
101916,Dragon King's Cragblade,6040000,20000,900016,290160,0,1,0,0,0,1,0,0,1,-1,-1,-1,-1,-1,0,0
101917,[Incantation] Placidusax's Ruin,7050,0,900017,290170,0,1,0,3,0,1,0,0,1,-1,-1,-1,-1,-1,0,0
101918,Carian Regal Scepter,33090000,0,900018,290180,0,1,0,0,0,1,0,0,1,-1,-1,-1,-1,-1,0,0
101919,[Sorcery] Rennala's Full Moon,4360,0,900019,290190,0,1,0,3,0,1,0,0,1,-1,-1,-1,-1,-1,0,0
101920,[Incantation] Fortissax's Lightning Spear,6941,0,900020,290200,0,1,0,3,0,1,0,0,1,-1,-1,-1,-1,-1,0,0
101921,[Sorcery] Death Lightning,5040,0,900021,290210,0,1,0,3,0,1,0,0,1,-1,-1,-1,-1,-1,0,0
101922,Giant's Red Braid,20060000,10000,900022,290220,0,1,0,0,0,1,0,0,1,-1,-1,-1,-1,-1,0,0
101923,[Incantation] Burn,6120,0,900023,290230,0,1,0,3,0,1,0,0,1,-1,-1,-1,-1,-1,0,0
101924,Winged Greathorn,15110000,3000,900024,290240,0,1,0,0,0,1,0,0,1,-1,-1,-1,-1,-1,0,0
101925,Ancestral Spirit's Horn,6110,3000,900025,290250,0,1,0,2,0,1,0,0,1,-1,-1,-1,-1,-1,0,0
101926,Marika's Hammer,11150000,0,900026,290260,0,1,0,0,0,1,0,0,1,-1,-1,-1,-1,-1,0,0
101927,Sacred Relic Sword,3100000,20000,900027,290270,0,1,0,0,0,1,0,0,1,-1,-1,-1,-1,-1,0,0
101928,Bastard's Stars,13030000,10000,900028,290280,0,1,0,0,0,1,0,0,1,-1,-1,-1,-1,-1,0,0
101929,Ash of War: Waves of Darkness,50800,10000,900029,290290,0,1,0,4,0,1,0,0,1,-1,-1,-1,-1,-1,0,0
101950,[Incantation] Dragonfire,7000,1,-1,290500,0,1,0,3,1,1,0,0,1,-1,-1,-1,-1,-1,0,0
101951,[Incantation] Dragonice,7020,1,-1,290510,0,1,0,3,1,1,0,0,1,-1,-1,-1,-1,-1,0,0
101952,[Incantation] Glintstone Breath,7040,1,-1,290520,0,1,0,3,1,1,0,0,1,-1,-1,-1,-1,-1,0,0
101953,[Incantation] Rotten Breath,7030,1,-1,290530,0,1,0,3,1,1,0,0,1,-1,-1,-1,-1,-1,0,0
101954,[Incantation] Agheel's Flame,7001,2,-1,290540,1043360800,1,0,3,1,1,0,0,1,-1,-1,-1,-1,-1,0,0
101955,[Incantation] Borealis's Mist,7021,2,-1,290550,1254560800,1,0,3,1,1,0,0,1,-1,-1,-1,-1,-1,0,0
101956,[Incantation] Smarag's Glintstone Breath,7041,2,-1,290560,1034450800,1,0,3,1,1,0,0,1,-1,-1,-1,-1,-1,0,0
101957,[Incantation] Ekzykes's Decay,7031,2,-1,290570,1048370800,1,0,3,1,1,0,0,1,-1,-1,-1,-1,-1,0,0
101958,[Incantation] Dragonclaw,7060,1,-1,290750,0,1,0,3,1,1,0,0,1,-1,-1,-1,-1,-1,0,0
101959,[Incantation] Dragonmaw,7080,1,-1,290760,0,1,0,3,1,1,0,0,1,-1,-1,-1,-1,-1,0,0
101960,[Incantation] Magma Breath,7010,1,-1,290770,1035530800,1,0,3,1,1,0,0,1,-1,-1,-1,-1,-1,0,0
101961,[Incantation] Theodorix's Magma,7011,2,-1,290780,1050560800,1,0,3,1,1,0,0,1,-1,-1,-1,-1,-1,0,0
101962,[Incantation] Greyoll's Roar,7090,3,-1,290790,1050400800,1,0,3,1,1,0,0,1,-1,-1,-1,-1,-1,0,0
101975,[Incantation] Dragonclaw,7060,1,-1,290750,0,1,0,3,1,1,0,0,1,-1,-1,-1,-1,-1,0,0
101976,[Incantation] Dragonmaw,7080,1,-1,290760,0,1,0,3,1,1,0,0,1,-1,-1,-1,-1,-1,0,0
101980,[Incantation] Dragonfire,7000,1,-1,290500,0,1,0,3,1,1,0,0,1,-1,-1,-1,-1,-1,0,0
110000,Drake Knight Helm (Altered),61000,0,900100,0,0,-1,0,1,0,1,0,0,1,-1,-1,-1,-1,-1,0,0
110001,Drake Knight Armor (Altered),61100,0,900101,0,0,-1,0,1,0,1,0,0,1,-1,-1,-1,-1,-1,0,0
110002,Scaled Armor (Altered),81100,0,900102,0,0,-1,0,1,0,1,0,0,1,-1,-1,-1,-1,-1,0,0
110003,Perfumer Robe (Altered),91100,0,900103,0,0,-1,0,1,0,1,0,0,1,-1,-1,-1,-1,-1,0,0
110004,Perfumer's Traveling Garb (Altered),101100,0,900104,0,0,-1,0,1,0,1,0,0,1,-1,-1,-1,-1,-1,0,0
110005,Spellblade's Traveling Attire (Altered),131100,0,900105,0,0,-1,0,1,0,1,0,0,1,-1,-1,-1,-1,-1,0,0
110006,Ronin's Armor (Altered),151100,0,900106,0,0,-1,0,1,0,1,0,0,1,-1,-1,-1,-1,-1,0,0
110007,Blaidd's Armor (Altered),171100,0,900107,0,0,-1,0,1,0,1,0,0,1,-1,-1,-1,-1,-1,0,0
110008,Black Knife Armor (Altered),181100,0,900108,0,0,-1,0,1,0,1,0,0,1,-1,-1,-1,-1,-1,0,0
110009,Briar Armor (Altered),211100,0,900109,0,0,-1,0,1,0,1,0,0,1,-1,-1,-1,-1,-1,0,0
110010,Page Garb (Altered),221100,0,900110,0,0,-1,0,1,0,1,0,0,1,-1,-1,-1,-1,-1,0,0
110011,Night's Cavalry Helm (Altered),231000,0,900111,0,0,-1,0,1,0,1,0,0,1,-1,-1,-1,-1,-1,0,0
110012,Night's Cavalry Armor (Altered),231100,0,900112,0,0,-1,0,1,0,1,0,0,1,-1,-1,-1,-1,-1,0,0
110013,Blue Silver Mail Armor (Altered),241100,0,900113,0,0,-1,0,1,0,1,0,0,1,-1,-1,-1,-1,-1,0,0
110014,Nomadic Merchant's Finery (Altered),251100,0,900114,0,0,-1,0,1,0,1,0,0,1,-1,-1,-1,-1,-1,0,0
110015,Tree Sentinel Armor (Altered),271100,0,900115,0,0,-1,0,1,0,1,0,0,1,-1,-1,-1,-1,-1,0,0
110016,Royal Knight Armor (Altered),281100,0,900116,0,0,-1,0,1,0,1,0,0,1,-1,-1,-1,-1,-1,0,0
110017,Nox Monk Hood (Altered),291000,0,900117,0,0,-1,0,1,0,1,0,0,1,-1,-1,-1,-1,-1,0,0
110018,Nox Monk Armor (Altered),291100,0,900118,0,0,-1,0,1,0,1,0,0,1,-1,-1,-1,-1,-1,0,0
110019,Nox Swordstress Crown (Altered),294000,0,900119,0,0,-1,0,1,0,1,0,0,1,-1,-1,-1,-1,-1,0,0
110020,Nox Swordstress Armor (Altered),294100,0,900120,0,0,-1,0,1,0,1,0,0,1,-1,-1,-1,-1,-1,0,0
110021,Gravekeeper Cloak (Altered),311100,0,900121,0,0,-1,0,1,0,1,0,0,1,-1,-1,-1,-1,-1,0,0
110022,Cleanrot Helm (Altered),341000,0,900122,0,0,-1,0,1,0,1,0,0,1,-1,-1,-1,-1,-1,0,0
110023,Cleanrot Armor (Altered),341100,0,900123,0,0,-1,0,1,0,1,0,0,1,-1,-1,-1,-1,-1,0,0
110024,Depraved Perfumer Robe (Altered),541100,0,900124,0,0,-1,0,1,0,1,0,0,1,-1,-1,-1,-1,-1,0,0
110025,All-Knowing Armor (Altered),591100,0,900125,0,0,-1,0,1,0,1,0,0,1,-1,-1,-1,-1,-1,0,0
110026,Twinned Armor (Altered),601100,0,900126,0,0,-1,0,1,0,1,0,0,1,-1,-1,-1,-1,-1,0,0
110029,Prophet Robe (Altered),621100,0,900129,0,0,-1,0,1,0,1,0,0,1,-1,-1,-1,-1,-1,0,0
110030,Astrologer Robe (Altered),631100,0,900130,0,0,-1,0,1,0,1,0,0,1,-1,-1,-1,-1,-1,0,0
110031,Lionel's Armor (Altered),641100,0,900131,0,0,-1,0,1,0,1,0,0,1,-1,-1,-1,-1,-1,0,0
110032,Hoslow's Armor (Altered),652100,0,900132,0,0,-1,0,1,0,1,0,0,1,-1,-1,-1,-1,-1,0,0
110033,Vagabond Knight Armor (Altered),661100,0,900133,0,0,-1,0,1,0,1,0,0,1,-1,-1,-1,-1,-1,0,0
110034,War Surgeon Gown (Altered),681100,0,900134,0,0,-1,0,1,0,1,0,0,1,-1,-1,-1,-1,-1,0,0
110036,Veteran's Armor (Altered),781100,0,900136,0,0,-1,0,1,0,1,0,0,1,-1,-1,-1,-1,-1,0,0
110037,Bloodhound Knight Armor (Altered),791100,0,900137,0,0,-1,0,1,0,1,0,0,1,-1,-1,-1,-1,-1,0,0
110038,Festive Hood (Altered),801000,0,900138,0,0,-1,0,1,0,1,0,0,1,-1,-1,-1,-1,-1,0,0
110039,Commoner's Garb (Altered),811100,0,900139,0,0,-1,0,1,0,1,0,0,1,-1,-1,-1,-1,-1,0,0
110040,Commoner's Simple Garb (Altered),812100,0,900140,0,0,-1,0,1,0,1,0,0,1,-1,-1,-1,-1,-1,0,0
110041,Raging Wolf Armor (Altered),861100,0,900141,0,0,-1,0,1,0,1,0,0,1,-1,-1,-1,-1,-1,0,0
110042,Land of Reeds Armor (Altered),871100,0,900142,0,0,-1,0,1,0,1,0,0,1,-1,-1,-1,-1,-1,0,0
110043,Confessor Hood (Altered),881000,0,900143,0,0,-1,0,1,0,1,0,0,1,-1,-1,-1,-1,-1,0,0
110044,Confessor Armor (Altered),881100,0,900144,0,0,-1,0,1,0,1,0,0,1,-1,-1,-1,-1,-1,0,0
110045,Finger Maiden Robe (Altered),903100,0,900145,0,0,-1,0,1,0,1,0,0,1,-1,-1,-1,-1,-1,0,0
110047,Preceptor's Long Gown (Altered),911100,0,900147,0,0,-1,0,1,0,1,0,0,1,-1,-1,-1,-1,-1,0,0
110049,Eccentric's Hood (Altered),941000,0,900149,0,0,-1,0,1,0,1,0,0,1,-1,-1,-1,-1,-1,0,0
110050,Fingerprint Armor (Altered),951100,0,900150,0,0,-1,0,1,0,1,0,0,1,-1,-1,-1,-1,-1,0,0
110051,Carian Knight Armor (Altered),981100,0,900151,0,0,-1,0,1,0,1,0,0,1,-1,-1,-1,-1,-1,0,0
110052,Errant Sorcerer Robe (Altered),991100,0,900152,0,0,-1,0,1,0,1,0,0,1,-1,-1,-1,-1,-1,0,0
110053,Gelmir Knight Armor (Altered),1761100,0,900153,0,0,-1,0,1,0,1,0,0,1,-1,-1,-1,-1,-1,0,0
110054,Godrick Knight Armor (Altered),1771100,0,900154,0,0,-1,0,1,0,1,0,0,1,-1,-1,-1,-1,-1,0,0
110055,Cuckoo Knight Armor (Altered),1781100,0,900155,0,0,-1,0,1,0,1,0,0,1,-1,-1,-1,-1,-1,0,0
110056,Leyndell Knight Armor (Altered),1791100,0,900156,0,0,-1,0,1,0,1,0,0,1,-1,-1,-1,-1,-1,0,0
110057,Redmane Knight Armor (Altered),1801100,0,900157,0,0,-1,0,1,0,1,0,0,1,-1,-1,-1,-1,-1,0,0
110058,Mausoleum Knight Armor (Altered),1811100,0,900158,0,0,-1,0,1,0,1,0,0,1,-1,-1,-1,-1,-1,0,0
110059,Haligtree Knight Armor (Altered),1821100,0,900159,0,0,-1,0,1,0,1,0,0,1,-1,-1,-1,-1,-1,0,0
110060,High Page Clothes (Altered),1991100,0,900160,0,0,-1,0,1,0,1,0,0,1,-1,-1,-1,-1,-1,0,0
110061,Rotten Gravekeeper Cloak (Altered),2001100,0,900161,0,0,-1,0,1,0,1,0,0,1,-1,-1,-1,-1,-1,0,0
110062,Beast Champion Armor (Altered),721100,0,900162,0,0,-1,0,1,0,1,0,0,1,-1,-1,-1,-1,-1,0,0
110063,Snow Witch Robe (Altered),1011100,0,900163,0,0,-1,0,1,0,1,0,0,1,-1,-1,-1,-1,-1,0,0
110064,Crucible Axe Armor (Altered),572100,0,900164,0,0,-1,0,1,0,1,0,0,1,-1,-1,-1,-1,-1,0,0
110065,Crucible Tree Armor (Altered),573100,0,900165,0,0,-1,0,1,0,1,0,0,1,-1,-1,-1,-1,-1,0,0
110066,Fia's Robe (Altered),1941100,0,900166,0,0,-1,0,1,0,1,0,0,1,-1,-1,-1,-1,-1,0,0
110067,Alberich's Pointed Hat (Altered),121000,0,900167,0,0,-1,0,1,0,1,0,0,1,-1,-1,-1,-1,-1,0,0
110068,Alberich's Robe (Altered),121100,0,900168,0,0,-1,0,1,0,1,0,0,1,-1,-1,-1,-1,-1,0,0
110069,Traveling Maiden Robe (Altered),901100,0,900169,0,0,-1,0,1,0,1,0,0,1,-1,-1,-1,-1,-1,0,0
110100,Elden Lord Armor (Altered),461100,0,900200,0,1036489208,-1,0,1,0,1,0,0,1,-1,-1,-1,-1,-1,0,0
110101,Radahn's Lion Armor (Altered),471100,0,900201,0,1036489208,-1,0,1,0,1,0,0,1,-1,-1,-1,-1,-1,0,0
110102,Lord of Blood's Robe (Altered),481100,0,900202,0,1036489208,-1,0,1,0,1,0,0,1,-1,-1,-1,-1,-1,0,0
110103,Maliketh's Armor (Altered),761100,0,900203,0,1036489208,-1,0,1,0,1,0,0,1,-1,-1,-1,-1,-1,0,0
110104,Malenia's Armor (Altered),771100,0,900204,0,1036489208,-1,0,1,0,1,0,0,1,-1,-1,-1,-1,-1,0,0
110200,Drake Knight Helm,60000,0,900300,0,0,-1,0,1,0,1,0,0,1,-1,-1,-1,-1,-1,0,0
110201,Drake Knight Armor,60100,0,900301,0,0,-1,0,1,0,1,0,0,1,-1,-1,-1,-1,-1,0,0
110202,Scaled Armor,80100,0,900302,0,0,-1,0,1,0,1,0,0,1,-1,-1,-1,-1,-1,0,0
110203,Perfumer Robe,90100,0,900303,0,0,-1,0,1,0,1,0,0,1,-1,-1,-1,-1,-1,0,0
110204,Perfumer's Traveling Garb,100100,0,900304,0,0,-1,0,1,0,1,0,0,1,-1,-1,-1,-1,-1,0,0
110205,Spellblade's Traveling Attire,130100,0,900305,0,0,-1,0,1,0,1,0,0,1,-1,-1,-1,-1,-1,0,0
110206,Ronin's Armor,150100,0,900306,0,0,-1,0,1,0,1,0,0,1,-1,-1,-1,-1,-1,0,0
110207,Blaidd's Armor,170100,0,900307,0,0,-1,0,1,0,1,0,0,1,-1,-1,-1,-1,-1,0,0
110208,Black Knife Armor,180100,0,900308,0,0,-1,0,1,0,1,0,0,1,-1,-1,-1,-1,-1,0,0
110209,Briar Armor,210100,0,900309,0,0,-1,0,1,0,1,0,0,1,-1,-1,-1,-1,-1,0,0
110210,Page Garb,220100,0,900310,0,0,-1,0,1,0,1,0,0,1,-1,-1,-1,-1,-1,0,0
110211,Night's Cavalry Helm,230000,0,900311,0,0,-1,0,1,0,1,0,0,1,-1,-1,-1,-1,-1,0,0
110212,Night's Cavalry Armor,230100,0,900312,0,0,-1,0,1,0,1,0,0,1,-1,-1,-1,-1,-1,0,0
110213,Blue Silver Mail Armor,240100,0,900313,0,0,-1,0,1,0,1,0,0,1,-1,-1,-1,-1,-1,0,0
110214,Nomadic Merchant's Finery,250100,0,900314,0,0,-1,0,1,0,1,0,0,1,-1,-1,-1,-1,-1,0,0
110215,Tree Sentinel Armor,270100,0,900315,0,0,-1,0,1,0,1,0,0,1,-1,-1,-1,-1,-1,0,0
110216,Royal Knight Armor,280100,0,900316,0,0,-1,0,1,0,1,0,0,1,-1,-1,-1,-1,-1,0,0
110217,Nox Monk Hood,290000,0,900317,0,0,-1,0,1,0,1,0,0,1,-1,-1,-1,-1,-1,0,0
110218,Nox Monk Armor,290100,0,900318,0,0,-1,0,1,0,1,0,0,1,-1,-1,-1,-1,-1,0,0
110219,Nox Swordstress Crown,292000,0,900319,0,0,-1,0,1,0,1,0,0,1,-1,-1,-1,-1,-1,0,0
110220,Nox Swordstress Armor,292100,0,900320,0,0,-1,0,1,0,1,0,0,1,-1,-1,-1,-1,-1,0,0
110221,Gravekeeper Cloak,310100,0,900321,0,0,-1,0,1,0,1,0,0,1,-1,-1,-1,-1,-1,0,0
110222,Cleanrot Helm,340000,0,900322,0,0,-1,0,1,0,1,0,0,1,-1,-1,-1,-1,-1,0,0
110223,Cleanrot Armor,340100,0,900323,0,0,-1,0,1,0,1,0,0,1,-1,-1,-1,-1,-1,0,0
110224,Depraved Perfumer Robe,540100,0,900324,0,0,-1,0,1,0,1,0,0,1,-1,-1,-1,-1,-1,0,0
110225,All-Knowing Armor,590100,0,900325,0,0,-1,0,1,0,1,0,0,1,-1,-1,-1,-1,-1,0,0
110226,Twinned Armor,600100,0,900326,0,0,-1,0,1,0,1,0,0,1,-1,-1,-1,-1,-1,0,0
110229,Prophet Robe,622100,0,900329,0,0,-1,0,1,0,1,0,0,1,-1,-1,-1,-1,-1,0,0
110230,Astrologer Robe,630100,0,900330,0,0,-1,0,1,0,1,0,0,1,-1,-1,-1,-1,-1,0,0
110231,Lionel's Armor,640100,0,900331,0,0,-1,0,1,0,1,0,0,1,-1,-1,-1,-1,-1,0,0
110232,Hoslow's Armor,650100,0,900332,0,0,-1,0,1,0,1,0,0,1,-1,-1,-1,-1,-1,0,0
110233,Vagabond Knight Armor,660100,0,900333,0,0,-1,0,1,0,1,0,0,1,-1,-1,-1,-1,-1,0,0
110234,War Surgeon Gown,680100,0,900334,0,0,-1,0,1,0,1,0,0,1,-1,-1,-1,-1,-1,0,0
110236,Veteran's Armor,780100,0,900336,0,0,-1,0,1,0,1,0,0,1,-1,-1,-1,-1,-1,0,0
110237,Bloodhound Knight Armor,790100,0,900337,0,0,-1,0,1,0,1,0,0,1,-1,-1,-1,-1,-1,0,0
110238,Festive Hood,800000,0,900338,0,0,-1,0,1,0,1,0,0,1,-1,-1,-1,-1,-1,0,0
110239,Commoner's Garb,810100,0,900339,0,0,-1,0,1,0,1,0,0,1,-1,-1,-1,-1,-1,0,0
110240,Commoner's Simple Garb,812000,0,900340,0,0,-1,0,1,0,1,0,0,1,-1,-1,-1,-1,-1,0,0
110241,Raging Wolf Armor,860100,0,900341,0,0,-1,0,1,0,1,0,0,1,-1,-1,-1,-1,-1,0,0
110242,Land of Reeds Armor,870100,0,900342,0,0,-1,0,1,0,1,0,0,1,-1,-1,-1,-1,-1,0,0
110243,Confessor Hood,880000,0,900343,0,0,-1,0,1,0,1,0,0,1,-1,-1,-1,-1,-1,0,0
110244,Confessor Armor,880100,0,900344,0,0,-1,0,1,0,1,0,0,1,-1,-1,-1,-1,-1,0,0
110245,Finger Maiden Robe,902100,0,900345,0,0,-1,0,1,0,1,0,0,1,-1,-1,-1,-1,-1,0,0
110247,Preceptor's Long Gown,910100,0,900347,0,0,-1,0,1,0,1,0,0,1,-1,-1,-1,-1,-1,0,0
110249,Eccentric's Hood,940000,0,900349,0,0,-1,0,1,0,1,0,0,1,-1,-1,-1,-1,-1,0,0
110250,Fingerprint Armor,950100,0,900350,0,0,-1,0,1,0,1,0,0,1,-1,-1,-1,-1,-1,0,0
110251,Carian Knight Armor,980100,0,900351,0,0,-1,0,1,0,1,0,0,1,-1,-1,-1,-1,-1,0,0
110252,Errant Sorcerer Robe,990100,0,900352,0,0,-1,0,1,0,1,0,0,1,-1,-1,-1,-1,-1,0,0
110253,Gelmir Knight Armor,1760100,0,900353,0,0,-1,0,1,0,1,0,0,1,-1,-1,-1,-1,-1,0,0
110254,Godrick Knight Armor,1770100,0,900354,0,0,-1,0,1,0,1,0,0,1,-1,-1,-1,-1,-1,0,0
110255,Cuckoo Knight Armor,1780100,0,900355,0,0,-1,0,1,0,1,0,0,1,-1,-1,-1,-1,-1,0,0
110256,Leyndell Knight Armor,1790100,0,900356,0,0,-1,0,1,0,1,0,0,1,-1,-1,-1,-1,-1,0,0
110257,Redmane Knight Armor,1800100,0,900357,0,0,-1,0,1,0,1,0,0,1,-1,-1,-1,-1,-1,0,0
110258,Mausoleum Knight Armor,1810100,0,900358,0,0,-1,0,1,0,1,0,0,1,-1,-1,-1,-1,-1,0,0
110259,Haligtree Knight Armor,1820100,0,900359,0,0,-1,0,1,0,1,0,0,1,-1,-1,-1,-1,-1,0,0
110260,High Page Clothes,1990100,0,900360,0,0,-1,0,1,0,1,0,0,1,-1,-1,-1,-1,-1,0,0
110261,Rotten Gravekeeper Cloak,2000100,0,900361,0,0,-1,0,1,0,1,0,0,1,-1,-1,-1,-1,-1,0,0
110262,Beast Champion Armor,720100,0,900362,0,0,-1,0,1,0,1,0,0,1,-1,-1,-1,-1,-1,0,0
110263,Snow Witch Robe,1010100,0,900363,0,0,-1,0,1,0,1,0,0,1,-1,-1,-1,-1,-1,0,0
110264,Crucible Axe Armor,570100,0,900364,0,0,-1,0,1,0,1,0,0,1,-1,-1,-1,-1,-1,0,0
110265,Crucible Tree Armor,571100,0,900365,0,0,-1,0,1,0,1,0,0,1,-1,-1,-1,-1,-1,0,0
110266,Fia's Robe,1940100,0,900366,0,0,-1,0,1,0,1,0,0,1,-1,-1,-1,-1,-1,0,0
110267,Alberich's Pointed Hat,120000,0,900367,0,0,-1,0,1,0,1,0,0,1,-1,-1,-1,-1,-1,0,0
110268,Alberich's Robe,120100,0,900368,0,0,-1,0,1,0,1,0,0,1,-1,-1,-1,-1,-1,0,0
110269,Traveling Maiden Robe,900100,0,900369,0,0,-1,0,1,0,1,0,0,1,-1,-1,-1,-1,-1,0,0
110300,Elden Lord Armor,460100,0,900400,0,1036489208,-1,0,1,0,1,0,0,1,-1,-1,-1,-1,-1,0,0
110301,Radahn's Lion Armor,470100,0,900401,0,1036489208,-1,0,1,0,1,0,0,1,-1,-1,-1,-1,-1,0,0
110302,Lord of Blood's Robe,480100,0,900402,0,1036489208,-1,0,1,0,1,0,0,1,-1,-1,-1,-1,-1,0,0
110303,Maliketh's Armor,760100,0,900403,0,1036489208,-1,0,1,0,1,0,0,1,-1,-1,-1,-1,-1,0,0
110304,Malenia's Armor,770100,0,900404,0,1036489208,-1,0,1,0,1,0,0,1,-1,-1,-1,-1,-1,0,0
111000,Drake Knight Helm (Altered),61000,500,900100,0,0,-1,0,1,0,1,0,0,1,-1,-1,-1,-1,-1,0,0
111001,Drake Knight Armor (Altered),61100,500,900101,0,0,-1,0,1,0,1,0,0,1,-1,-1,-1,-1,-1,0,0
111002,Scaled Armor (Altered),81100,500,900102,0,0,-1,0,1,0,1,0,0,1,-1,-1,-1,-1,-1,0,0
111003,Perfumer Robe (Altered),91100,500,900103,0,0,-1,0,1,0,1,0,0,1,-1,-1,-1,-1,-1,0,0
111004,Perfumer's Traveling Garb (Altered),101100,500,900104,0,0,-1,0,1,0,1,0,0,1,-1,-1,-1,-1,-1,0,0
111005,Spellblade's Traveling Attire (Altered),131100,500,900105,0,0,-1,0,1,0,1,0,0,1,-1,-1,-1,-1,-1,0,0
111006,Ronin's Armor (Altered),151100,500,900106,0,0,-1,0,1,0,1,0,0,1,-1,-1,-1,-1,-1,0,0
111007,Blaidd's Armor (Altered),171100,500,900107,0,0,-1,0,1,0,1,0,0,1,-1,-1,-1,-1,-1,0,0
111008,Black Knife Armor (Altered),181100,500,900108,0,0,-1,0,1,0,1,0,0,1,-1,-1,-1,-1,-1,0,0
111009,Briar Armor (Altered),211100,500,900109,0,0,-1,0,1,0,1,0,0,1,-1,-1,-1,-1,-1,0,0
111010,Page Garb (Altered),221100,500,900110,0,0,-1,0,1,0,1,0,0,1,-1,-1,-1,-1,-1,0,0
111011,Night's Cavalry Helm (Altered),231000,500,900111,0,0,-1,0,1,0,1,0,0,1,-1,-1,-1,-1,-1,0,0
111012,Night's Cavalry Armor (Altered),231100,500,900112,0,0,-1,0,1,0,1,0,0,1,-1,-1,-1,-1,-1,0,0
111013,Blue Silver Mail Armor (Altered),241100,500,900113,0,0,-1,0,1,0,1,0,0,1,-1,-1,-1,-1,-1,0,0
111014,Nomadic Merchant's Finery (Altered),251100,500,900114,0,0,-1,0,1,0,1,0,0,1,-1,-1,-1,-1,-1,0,0
111015,Tree Sentinel Armor (Altered),271100,500,900115,0,0,-1,0,1,0,1,0,0,1,-1,-1,-1,-1,-1,0,0
111016,Royal Knight Armor (Altered),281100,500,900116,0,0,-1,0,1,0,1,0,0,1,-1,-1,-1,-1,-1,0,0
111017,Nox Monk Hood (Altered),291000,500,900117,0,0,-1,0,1,0,1,0,0,1,-1,-1,-1,-1,-1,0,0
111018,Nox Monk Armor (Altered),291100,500,900118,0,0,-1,0,1,0,1,0,0,1,-1,-1,-1,-1,-1,0,0
111019,Nox Swordstress Crown (Altered),294000,500,900119,0,0,-1,0,1,0,1,0,0,1,-1,-1,-1,-1,-1,0,0
111020,Nox Swordstress Armor (Altered),294100,500,900120,0,0,-1,0,1,0,1,0,0,1,-1,-1,-1,-1,-1,0,0
111021,Gravekeeper Cloak (Altered),311100,500,900121,0,0,-1,0,1,0,1,0,0,1,-1,-1,-1,-1,-1,0,0
111022,Cleanrot Helm (Altered),341000,500,900122,0,0,-1,0,1,0,1,0,0,1,-1,-1,-1,-1,-1,0,0
111023,Cleanrot Armor (Altered),341100,500,900123,0,0,-1,0,1,0,1,0,0,1,-1,-1,-1,-1,-1,0,0
111024,Depraved Perfumer Robe (Altered),541100,500,900124,0,0,-1,0,1,0,1,0,0,1,-1,-1,-1,-1,-1,0,0
111025,All-Knowing Armor (Altered),591100,500,900125,0,0,-1,0,1,0,1,0,0,1,-1,-1,-1,-1,-1,0,0
111026,Twinned Armor (Altered),601100,500,900126,0,0,-1,0,1,0,1,0,0,1,-1,-1,-1,-1,-1,0,0
111029,Prophet Robe (Altered),621100,500,900129,0,0,-1,0,1,0,1,0,0,1,-1,-1,-1,-1,-1,0,0
111030,Astrologer Robe (Altered),631100,500,900130,0,0,-1,0,1,0,1,0,0,1,-1,-1,-1,-1,-1,0,0
111031,Lionel's Armor (Altered),641100,500,900131,0,0,-1,0,1,0,1,0,0,1,-1,-1,-1,-1,-1,0,0
111032,Hoslow's Armor (Altered),652100,500,900132,0,0,-1,0,1,0,1,0,0,1,-1,-1,-1,-1,-1,0,0
111033,Vagabond Knight Armor (Altered),661100,500,900133,0,0,-1,0,1,0,1,0,0,1,-1,-1,-1,-1,-1,0,0
111034,War Surgeon Gown (Altered),681100,500,900134,0,0,-1,0,1,0,1,0,0,1,-1,-1,-1,-1,-1,0,0
111036,Veteran's Armor (Altered),781100,500,900136,0,0,-1,0,1,0,1,0,0,1,-1,-1,-1,-1,-1,0,0
111037,Bloodhound Knight Armor (Altered),791100,500,900137,0,0,-1,0,1,0,1,0,0,1,-1,-1,-1,-1,-1,0,0
111038,Festive Hood (Altered),801000,500,900138,0,0,-1,0,1,0,1,0,0,1,-1,-1,-1,-1,-1,0,0
111039,Commoner's Garb (Altered),811100,500,900139,0,0,-1,0,1,0,1,0,0,1,-1,-1,-1,-1,-1,0,0
111040,Commoner's Simple Garb (Altered),812100,500,900140,0,0,-1,0,1,0,1,0,0,1,-1,-1,-1,-1,-1,0,0
111041,Raging Wolf Armor (Altered),861100,500,900141,0,0,-1,0,1,0,1,0,0,1,-1,-1,-1,-1,-1,0,0
111042,Land of Reeds Armor (Altered),871100,500,900142,0,0,-1,0,1,0,1,0,0,1,-1,-1,-1,-1,-1,0,0
111043,Confessor Hood (Altered),881000,500,900143,0,0,-1,0,1,0,1,0,0,1,-1,-1,-1,-1,-1,0,0
111044,Confessor Armor (Altered),881100,500,900144,0,0,-1,0,1,0,1,0,0,1,-1,-1,-1,-1,-1,0,0
111045,Finger Maiden Robe (Altered),903100,500,900145,0,0,-1,0,1,0,1,0,0,1,-1,-1,-1,-1,-1,0,0
111047,Preceptor's Long Gown (Altered),911100,500,900147,0,0,-1,0,1,0,1,0,0,1,-1,-1,-1,-1,-1,0,0
111049,Eccentric's Hood (Altered),941000,500,900149,0,0,-1,0,1,0,1,0,0,1,-1,-1,-1,-1,-1,0,0
111050,Fingerprint Armor (Altered),951100,500,900150,0,0,-1,0,1,0,1,0,0,1,-1,-1,-1,-1,-1,0,0
111051,Carian Knight Armor (Altered),981100,500,900151,0,0,-1,0,1,0,1,0,0,1,-1,-1,-1,-1,-1,0,0
111052,Errant Sorcerer Robe (Altered),991100,500,900152,0,0,-1,0,1,0,1,0,0,1,-1,-1,-1,-1,-1,0,0
111053,Gelmir Knight Armor (Altered),1761100,500,900153,0,0,-1,0,1,0,1,0,0,1,-1,-1,-1,-1,-1,0,0
111054,Godrick Knight Armor (Altered),1771100,500,900154,0,0,-1,0,1,0,1,0,0,1,-1,-1,-1,-1,-1,0,0
111055,Cuckoo Knight Armor (Altered),1781100,500,900155,0,0,-1,0,1,0,1,0,0,1,-1,-1,-1,-1,-1,0,0
111056,Leyndell Knight Armor (Altered),1791100,500,900156,0,0,-1,0,1,0,1,0,0,1,-1,-1,-1,-1,-1,0,0
111057,Redmane Knight Armor (Altered),1801100,500,900157,0,0,-1,0,1,0,1,0,0,1,-1,-1,-1,-1,-1,0,0
111058,Mausoleum Knight Armor (Altered),1811100,500,900158,0,0,-1,0,1,0,1,0,0,1,-1,-1,-1,-1,-1,0,0
111059,Haligtree Knight Armor (Altered),1821100,500,900159,0,0,-1,0,1,0,1,0,0,1,-1,-1,-1,-1,-1,0,0
111060,High Page Clothes (Altered),1991100,500,900160,0,0,-1,0,1,0,1,0,0,1,-1,-1,-1,-1,-1,0,0
111061,Rotten Gravekeeper Cloak (Altered),2001100,500,900161,0,0,-1,0,1,0,1,0,0,1,-1,-1,-1,-1,-1,0,0
111062,Beast Champion Armor (Altered),721100,500,900162,0,0,-1,0,1,0,1,0,0,1,-1,-1,-1,-1,-1,0,0
111063,Snow Witch Robe (Altered),1011100,500,900163,0,0,-1,0,1,0,1,0,0,1,-1,-1,-1,-1,-1,0,0
111064,Crucible Axe Armor (Altered),572100,500,900164,0,0,-1,0,1,0,1,0,0,1,-1,-1,-1,-1,-1,0,0
111065,Crucible Tree Armor (Altered),573100,500,900165,0,0,-1,0,1,0,1,0,0,1,-1,-1,-1,-1,-1,0,0
111066,Fia's Robe (Altered),1941100,500,900166,0,0,-1,0,1,0,1,0,0,1,-1,-1,-1,-1,-1,0,0
111067,Alberich's Pointed Hat (Altered),121000,500,900167,0,0,-1,0,1,0,1,0,0,1,-1,-1,-1,-1,-1,0,0
111068,Alberich's Robe (Altered),121100,500,900168,0,0,-1,0,1,0,1,0,0,1,-1,-1,-1,-1,-1,0,0
111069,Traveling Maiden Robe (Altered),901100,500,900169,0,0,-1,0,1,0,1,0,0,1,-1,-1,-1,-1,-1,0,0
111100,Elden Lord Armor (Altered),461100,500,900200,0,60150,-1,0,1,0,1,0,0,1,-1,-1,-1,-1,-1,0,0
111101,Radahn's Lion Armor (Altered),471100,500,900201,0,60150,-1,0,1,0,1,0,0,1,-1,-1,-1,-1,-1,0,0
111102,Lord of Blood's Robe (Altered),481100,500,900202,0,60150,-1,0,1,0,1,0,0,1,-1,-1,-1,-1,-1,0,0
111103,Maliketh's Armor (Altered),761100,500,900203,0,60150,-1,0,1,0,1,0,0,1,-1,-1,-1,-1,-1,0,0
111104,Malenia's Armor (Altered),771100,500,900204,0,60150,-1,0,1,0,1,0,0,1,-1,-1,-1,-1,-1,0,0
111200,Drake Knight Helm,60000,500,900300,0,0,-1,0,1,0,1,0,0,1,-1,-1,-1,-1,-1,0,0
111201,Drake Knight Armor,60100,500,900301,0,0,-1,0,1,0,1,0,0,1,-1,-1,-1,-1,-1,0,0
111202,Scaled Armor,80100,500,900302,0,0,-1,0,1,0,1,0,0,1,-1,-1,-1,-1,-1,0,0
111203,Perfumer Robe,90100,500,900303,0,0,-1,0,1,0,1,0,0,1,-1,-1,-1,-1,-1,0,0
111204,Perfumer's Traveling Garb,100100,500,900304,0,0,-1,0,1,0,1,0,0,1,-1,-1,-1,-1,-1,0,0
111205,Spellblade's Traveling Attire,130100,500,900305,0,0,-1,0,1,0,1,0,0,1,-1,-1,-1,-1,-1,0,0
111206,Ronin's Armor,150100,500,900306,0,0,-1,0,1,0,1,0,0,1,-1,-1,-1,-1,-1,0,0
111207,Blaidd's Armor,170100,500,900307,0,0,-1,0,1,0,1,0,0,1,-1,-1,-1,-1,-1,0,0
111208,Black Knife Armor,180100,500,900308,0,0,-1,0,1,0,1,0,0,1,-1,-1,-1,-1,-1,0,0
111209,Briar Armor,210100,500,900309,0,0,-1,0,1,0,1,0,0,1,-1,-1,-1,-1,-1,0,0
111210,Page Garb,220100,500,900310,0,0,-1,0,1,0,1,0,0,1,-1,-1,-1,-1,-1,0,0
111211,Night's Cavalry Helm,230000,500,900311,0,0,-1,0,1,0,1,0,0,1,-1,-1,-1,-1,-1,0,0
111212,Night's Cavalry Armor,230100,500,900312,0,0,-1,0,1,0,1,0,0,1,-1,-1,-1,-1,-1,0,0
111213,Blue Silver Mail Armor,240100,500,900313,0,0,-1,0,1,0,1,0,0,1,-1,-1,-1,-1,-1,0,0
111214,Nomadic Merchant's Finery,250100,500,900314,0,0,-1,0,1,0,1,0,0,1,-1,-1,-1,-1,-1,0,0
111215,Tree Sentinel Armor,270100,500,900315,0,0,-1,0,1,0,1,0,0,1,-1,-1,-1,-1,-1,0,0
111216,Royal Knight Armor,280100,500,900316,0,0,-1,0,1,0,1,0,0,1,-1,-1,-1,-1,-1,0,0
111217,Nox Monk Hood,290000,500,900317,0,0,-1,0,1,0,1,0,0,1,-1,-1,-1,-1,-1,0,0
111218,Nox Monk Armor,290100,500,900318,0,0,-1,0,1,0,1,0,0,1,-1,-1,-1,-1,-1,0,0
111219,Nox Swordstress Crown,292000,500,900319,0,0,-1,0,1,0,1,0,0,1,-1,-1,-1,-1,-1,0,0
111220,Nox Swordstress Armor,292100,500,900320,0,0,-1,0,1,0,1,0,0,1,-1,-1,-1,-1,-1,0,0
111221,Gravekeeper Cloak,310100,500,900321,0,0,-1,0,1,0,1,0,0,1,-1,-1,-1,-1,-1,0,0
111222,Cleanrot Helm,340000,500,900322,0,0,-1,0,1,0,1,0,0,1,-1,-1,-1,-1,-1,0,0
111223,Cleanrot Armor,340100,500,900323,0,0,-1,0,1,0,1,0,0,1,-1,-1,-1,-1,-1,0,0
111224,Depraved Perfumer Robe,540100,500,900324,0,0,-1,0,1,0,1,0,0,1,-1,-1,-1,-1,-1,0,0
111225,All-Knowing Armor,590100,500,900325,0,0,-1,0,1,0,1,0,0,1,-1,-1,-1,-1,-1,0,0
111226,Twinned Armor,600100,500,900326,0,0,-1,0,1,0,1,0,0,1,-1,-1,-1,-1,-1,0,0
111229,Prophet Robe,622100,500,900329,0,0,-1,0,1,0,1,0,0,1,-1,-1,-1,-1,-1,0,0
111230,Astrologer Robe,630100,500,900330,0,0,-1,0,1,0,1,0,0,1,-1,-1,-1,-1,-1,0,0
111231,Lionel's Armor,640100,500,900331,0,0,-1,0,1,0,1,0,0,1,-1,-1,-1,-1,-1,0,0
111232,Hoslow's Armor,650100,500,900332,0,0,-1,0,1,0,1,0,0,1,-1,-1,-1,-1,-1,0,0
111233,Vagabond Knight Armor,660100,500,900333,0,0,-1,0,1,0,1,0,0,1,-1,-1,-1,-1,-1,0,0
111234,War Surgeon Gown,680100,500,900334,0,0,-1,0,1,0,1,0,0,1,-1,-1,-1,-1,-1,0,0
111236,Veteran's Armor,780100,500,900336,0,0,-1,0,1,0,1,0,0,1,-1,-1,-1,-1,-1,0,0
111237,Bloodhound Knight Armor,790100,500,900337,0,0,-1,0,1,0,1,0,0,1,-1,-1,-1,-1,-1,0,0
111238,Festive Hood,800000,500,900338,0,0,-1,0,1,0,1,0,0,1,-1,-1,-1,-1,-1,0,0
111239,Commoner's Garb,810100,500,900339,0,0,-1,0,1,0,1,0,0,1,-1,-1,-1,-1,-1,0,0
111240,Commoner's Simple Garb,812000,500,900340,0,0,-1,0,1,0,1,0,0,1,-1,-1,-1,-1,-1,0,0
111241,Raging Wolf Armor,860100,500,900341,0,0,-1,0,1,0,1,0,0,1,-1,-1,-1,-1,-1,0,0
111242,Land of Reeds Armor,870100,500,900342,0,0,-1,0,1,0,1,0,0,1,-1,-1,-1,-1,-1,0,0
111243,Confessor Hood,880000,500,900343,0,0,-1,0,1,0,1,0,0,1,-1,-1,-1,-1,-1,0,0
111244,Confessor Armor,880100,500,900344,0,0,-1,0,1,0,1,0,0,1,-1,-1,-1,-1,-1,0,0
111245,Finger Maiden Robe,902100,500,900345,0,0,-1,0,1,0,1,0,0,1,-1,-1,-1,-1,-1,0,0
111247,Preceptor's Long Gown,910100,500,900347,0,0,-1,0,1,0,1,0,0,1,-1,-1,-1,-1,-1,0,0
111249,Eccentric's Hood,940000,500,900349,0,0,-1,0,1,0,1,0,0,1,-1,-1,-1,-1,-1,0,0
111250,Fingerprint Armor,950100,500,900350,0,0,-1,0,1,0,1,0,0,1,-1,-1,-1,-1,-1,0,0
111251,Carian Knight Armor,980100,500,900351,0,0,-1,0,1,0,1,0,0,1,-1,-1,-1,-1,-1,0,0
111252,Errant Sorcerer Robe,990100,500,900352,0,0,-1,0,1,0,1,0,0,1,-1,-1,-1,-1,-1,0,0
111253,Gelmir Knight Armor,1760100,500,900353,0,0,-1,0,1,0,1,0,0,1,-1,-1,-1,-1,-1,0,0
111254,Godrick Knight Armor,1770100,500,900354,0,0,-1,0,1,0,1,0,0,1,-1,-1,-1,-1,-1,0,0
111255,Cuckoo Knight Armor,1780100,500,900355,0,0,-1,0,1,0,1,0,0,1,-1,-1,-1,-1,-1,0,0
111256,Leyndell Knight Armor,1790100,500,900356,0,0,-1,0,1,0,1,0,0,1,-1,-1,-1,-1,-1,0,0
111257,Redmane Knight Armor,1800100,500,900357,0,0,-1,0,1,0,1,0,0,1,-1,-1,-1,-1,-1,0,0
111258,Mausoleum Knight Armor,1810100,500,900358,0,0,-1,0,1,0,1,0,0,1,-1,-1,-1,-1,-1,0,0
111259,Haligtree Knight Armor,1820100,500,900359,0,0,-1,0,1,0,1,0,0,1,-1,-1,-1,-1,-1,0,0
111260,High Page Clothes,1990100,500,900360,0,0,-1,0,1,0,1,0,0,1,-1,-1,-1,-1,-1,0,0
111261,Rotten Gravekeeper Cloak,2000100,500,900361,0,0,-1,0,1,0,1,0,0,1,-1,-1,-1,-1,-1,0,0
111262,Beast Champion Armor,720100,500,900362,0,0,-1,0,1,0,1,0,0,1,-1,-1,-1,-1,-1,0,0
111263,Snow Witch Robe,1010100,500,900363,0,0,-1,0,1,0,1,0,0,1,-1,-1,-1,-1,-1,0,0
111264,Crucible Axe Armor,570100,500,900364,0,0,-1,0,1,0,1,0,0,1,-1,-1,-1,-1,-1,0,0
111265,Crucible Tree Armor,571100,500,900365,0,0,-1,0,1,0,1,0,0,1,-1,-1,-1,-1,-1,0,0
111266,Fia's Robe,1940100,500,900366,0,0,-1,0,1,0,1,0,0,1,-1,-1,-1,-1,-1,0,0
111267,Alberich's Pointed Hat,120000,500,900367,0,0,-1,0,1,0,1,0,0,1,-1,-1,-1,-1,-1,0,0
111268,Alberich's Robe,120100,500,900368,0,0,-1,0,1,0,1,0,0,1,-1,-1,-1,-1,-1,0,0
111269,Traveling Maiden Robe,900100,500,900369,0,0,-1,0,1,0,1,0,0,1,-1,-1,-1,-1,-1,0,0
111300,Elden Lord Armor,460100,500,900400,0,60150,-1,0,1,0,1,0,0,1,-1,-1,-1,-1,-1,0,0
111301,Radahn's Lion Armor,470100,500,900401,0,60150,-1,0,1,0,1,0,0,1,-1,-1,-1,-1,-1,0,0
111302,Lord of Blood's Robe,480100,500,900402,0,60150,-1,0,1,0,1,0,0,1,-1,-1,-1,-1,-1,0,0
111303,Maliketh's Armor,760100,500,900403,0,60150,-1,0,1,0,1,0,0,1,-1,-1,-1,-1,-1,0,0
111304,Malenia's Armor,770100,500,900404,0,60150,-1,0,1,0,1,0,0,1,-1,-1,-1,-1,-1,0,0
112000,Ash of War: Impaling Thrust,10100,1,-1,0,65810,-1,0,4,4,1,0,0,1,-1,-1,-1,-1,-1,0,0
112001,Ash of War: Piercing Fang,10200,1,-1,0,65811,-1,0,4,4,1,0,0,1,-1,-1,-1,-1,-1,0,0
112002,Ash of War: Spinning Slash,10300,1,-1,0,65812,-1,0,4,4,1,0,0,1,-1,-1,-1,-1,-1,0,0
112003,Ash of War: Repeating Thrust,10900,1,-1,0,65813,-1,0,4,4,1,0,0,1,-1,-1,-1,-1,-1,0,0
112004,Ash of War: Double Slash,11200,1,-1,0,65814,-1,0,4,4,1,0,0,1,-1,-1,-1,-1,-1,0,0
112005,Ash of War: Unsheathe,11400,1,-1,0,65815,-1,0,4,4,1,0,0,1,-1,-1,-1,-1,-1,0,0
112006,Ash of War: Sword Dance,12400,1,-1,0,65816,-1,0,4,4,1,0,0,1,-1,-1,-1,-1,-1,0,0
112008,Ash of War: Quickstep,80000,1,-1,0,65818,-1,0,4,4,1,0,0,1,-1,-1,-1,-1,-1,0,0
112009,Ash of War: Bloodhound's Step,80100,1,-1,0,65819,-1,0,4,4,1,0,0,1,-1,-1,-1,-1,-1,0,0
112010,Ash of War: Lion's Claw,10000,1,-1,0,65820,-1,0,4,4,1,0,0,1,-1,-1,-1,-1,-1,0,0
112011,Ash of War: Stamp (Upward Cut),10600,1,-1,0,65821,-1,0,4,4,1,0,0,1,-1,-1,-1,-1,-1,0,0
112012,Ash of War: Stamp (Sweep),10700,1,-1,0,65822,-1,0,4,4,1,0,0,1,-1,-1,-1,-1,-1,0,0
112013,Ash of War: Wild Strikes,11000,1,-1,0,65823,-1,0,4,4,1,0,0,1,-1,-1,-1,-1,-1,0,0
112014,Ash of War: Earthshaker,21200,1,-1,0,65824,-1,0,4,4,1,0,0,1,-1,-1,-1,-1,-1,0,0
112015,Ash of War: Kick,50300,1,-1,0,65825,-1,0,4,4,1,0,0,1,-1,-1,-1,-1,-1,0,0
112016,Ash of War: Ground Slam,50600,1,-1,0,65826,-1,0,4,4,1,0,0,1,-1,-1,-1,-1,-1,0,0
112017,Ash of War: Hoarah Loux's Earthshaker,50900,1,-1,0,65827,-1,0,4,4,1,0,0,1,-1,-1,-1,-1,-1,0,0
112018,Ash of War: Barbaric Roar,65000,1,-1,0,65828,-1,0,4,4,1,0,0,1,-1,-1,-1,-1,-1,0,0
112019,Ash of War: War Cry,65100,1,-1,0,65829,-1,0,4,4,1,0,0,1,-1,-1,-1,-1,-1,0,0
112020,Ash of War: Troll's Roar,65300,1,-1,0,65830,-1,0,4,4,1,0,0,1,-1,-1,-1,-1,-1,0,0
112021,Ash of War: Braggart's Roar,65400,1,-1,0,65831,-1,0,4,4,1,0,0,1,-1,-1,-1,-1,-1,0,0
112022,Ash of War: Endure,70000,1,-1,0,65832,-1,0,4,4,1,0,0,1,-1,-1,-1,-1,-1,0,0
112023,Ash of War: Charge Forth,10500,1,-1,0,65833,-1,0,4,4,1,0,0,1,-1,-1,-1,-1,-1,0,0
112024,Ash of War: Square Off,11500,1,-1,0,65834,-1,0,4,4,1,0,0,1,-1,-1,-1,-1,-1,0,0
112025,Ash of War: Giant Hunt,11600,1,-1,0,65835,-1,0,4,4,1,0,0,1,-1,-1,-1,-1,-1,0,0
112026,Ash of War: Spinning Strikes,11100,1,-1,0,65836,-1,0,4,4,1,0,0,1,-1,-1,-1,-1,-1,0,0
112027,Ash of War: Storm Assault,12200,1,-1,0,65837,-1,0,4,4,1,0,0,1,-1,-1,-1,-1,-1,0,0
112028,Ash of War: Stormcaller,12300,1,-1,0,65838,-1,0,4,4,1,0,0,1,-1,-1,-1,-1,-1,0,0
112029,Ash of War: Storm Blade,21000,1,-1,0,65839,-1,0,4,4,1,0,0,1,-1,-1,-1,-1,-1,0,0
112030,Ash of War: Vacuum Slice,22000,1,-1,0,65840,-1,0,4,4,1,0,0,1,-1,-1,-1,-1,-1,0,0
112031,Ash of War: Storm Stomp,50200,1,-1,0,65841,-1,0,4,4,1,0,0,1,-1,-1,-1,-1,-1,0,0
112032,Ash of War: Determination,60000,1,-1,0,65842,-1,0,4,4,1,0,0,1,-1,-1,-1,-1,-1,0,0
112033,Ash of War: Royal Knight's Resolve,60100,1,-1,0,65843,-1,0,4,4,1,0,0,1,-1,-1,-1,-1,-1,0,0
112034,Ash of War: Prelate's Charge,11300,1,-1,0,65844,-1,0,4,4,1,0,0,1,-1,-1,-1,-1,-1,0,0
112035,Ash of War: Eruption,20700,1,-1,0,65845,-1,0,4,4,1,0,0,1,-1,-1,-1,-1,-1,0,0
112036,Ash of War: Flaming Strike,21400,1,-1,0,65846,-1,0,4,4,1,0,0,1,-1,-1,-1,-1,-1,0,0
112037,Ash of War: Black Flame Tornado,22100,1,-1,0,65847,-1,0,4,4,1,0,0,1,-1,-1,-1,-1,-1,0,0
112038,Ash of War: Flame of the Redmanes,50500,1,-1,0,65848,-1,0,4,4,1,0,0,1,-1,-1,-1,-1,-1,0,0
112039,Ash of War: Thunderbolt,21600,1,-1,0,65849,-1,0,4,4,1,0,0,1,-1,-1,-1,-1,-1,0,0
112040,Ash of War: Lightning Slash,21700,1,-1,0,65850,-1,0,4,4,1,0,0,1,-1,-1,-1,-1,-1,0,0
112041,Ash of War: Lightning Ram,50400,1,-1,0,65851,-1,0,4,4,1,0,0,1,-1,-1,-1,-1,-1,0,0
112042,Ash of War: Loretta's Slash,11800,1,-1,0,65852,-1,0,4,4,1,0,0,1,-1,-1,-1,-1,-1,0,0
112043,Ash of War: Spinning Weapon,12000,1,-1,0,65853,-1,0,4,4,1,0,0,1,-1,-1,-1,-1,-1,0,0
112044,Ash of War: Glintblade Phalanx,20000,1,-1,0,65854,-1,0,4,4,1,0,0,1,-1,-1,-1,-1,-1,0,0
112045,Ash of War: Glintstone Pebble,20300,1,-1,0,65855,-1,0,4,4,1,0,0,1,-1,-1,-1,-1,-1,0,0
112046,Ash of War: Gravitas,20900,1,-1,0,65856,-1,0,4,4,1,0,0,1,-1,-1,-1,-1,-1,0,0
112047,Ash of War: Carian Grandeur,21800,1,-1,0,65857,-1,0,4,4,1,0,0,1,-1,-1,-1,-1,-1,0,0
112048,Ash of War: Carian Greatsword,21900,1,-1,0,65858,-1,0,4,4,1,0,0,1,-1,-1,-1,-1,-1,0,0
112049,Ash of War: Waves of Darkness,50800,1,-1,0,65859,-1,0,4,4,1,0,0,1,-1,-1,-1,-1,-1,0,0
112050,Ash of War: Cragblade,60700,1,-1,0,65860,-1,0,4,4,1,0,0,1,-1,-1,-1,-1,-1,0,0
112051,Ash of War: Sacred Blade,20100,1,-1,0,65861,-1,0,4,4,1,0,0,1,-1,-1,-1,-1,-1,0,0
112052,Ash of War: Prayerful Strike,20800,1,-1,0,65862,-1,0,4,4,1,0,0,1,-1,-1,-1,-1,-1,0,0
112053,Ash of War: Golden Land,21300,1,-1,0,65863,-1,0,4,4,1,0,0,1,-1,-1,-1,-1,-1,0,0
112054,Ash of War: Sacred Ring of Light,22200,1,-1,0,65864,-1,0,4,4,1,0,0,1,-1,-1,-1,-1,-1,0,0
112055,Ash of War: Golden Slam,50700,1,-1,0,65865,-1,0,4,4,1,0,0,1,-1,-1,-1,-1,-1,0,0
112056,Ash of War: Golden Vow,60300,1,-1,0,65866,-1,0,4,4,1,0,0,1,-1,-1,-1,-1,-1,0,0
112057,Ash of War: Sacred Order,60400,1,-1,0,65867,-1,0,4,4,1,0,0,1,-1,-1,-1,-1,-1,0,0
112058,Ash of War: Shared Order,60500,1,-1,0,65868,-1,0,4,4,1,0,0,1,-1,-1,-1,-1,-1,0,0
112059,Ash of War: Beast's Roar,65200,1,-1,0,65869,-1,0,4,4,1,0,0,1,-1,-1,-1,-1,-1,0,0
112060,Ash of War: Phantom Slash,22500,1,-1,0,65870,-1,0,4,4,1,0,0,1,-1,-1,-1,-1,-1,0,0
112061,Ash of War: Spectral Lance,22600,1,-1,0,65871,-1,0,4,4,1,0,0,1,-1,-1,-1,-1,-1,0,0
112062,Ash of War: Raptor of the Mists,80200,1,-1,0,65872,-1,0,4,4,1,0,0,1,-1,-1,-1,-1,-1,0,0
112063,Ash of War: White Shadow's Lure,85000,1,-1,0,65873,-1,0,4,4,1,0,0,1,-1,-1,-1,-1,-1,0,0
112064,Ash of War: Poison Moth Flight,11900,1,-1,0,65874,-1,0,4,4,1,0,0,1,-1,-1,-1,-1,-1,0,0
112065,Ash of War: Poisonous Mist,22800,1,-1,0,65875,-1,0,4,4,1,0,0,1,-1,-1,-1,-1,-1,0,0
112066,Ash of War: Blood Tax,10800,1,-1,0,65876,-1,0,4,4,1,0,0,1,-1,-1,-1,-1,-1,0,0
112067,Ash of War: Bloody Slash,20400,1,-1,0,65877,-1,0,4,4,1,0,0,1,-1,-1,-1,-1,-1,0,0
112068,Ash of War: Lifesteal Fist,20500,1,-1,0,65878,-1,0,4,4,1,0,0,1,-1,-1,-1,-1,-1,0,0
112069,Ash of War: Blood Blade,22400,1,-1,0,65879,-1,0,4,4,1,0,0,1,-1,-1,-1,-1,-1,0,0
112070,Ash of War: Assassin's Gambit,60200,1,-1,0,65880,-1,0,4,4,1,0,0,1,-1,-1,-1,-1,-1,0,0
112071,Ash of War: Seppuku,60600,1,-1,0,65881,-1,0,4,4,1,0,0,1,-1,-1,-1,-1,-1,0,0
112072,Ash of War: Ice Spear,20200,1,-1,0,65882,-1,0,4,4,1,0,0,1,-1,-1,-1,-1,-1,0,0
112073,Ash of War: Chilling Mist,22700,1,-1,0,65883,-1,0,4,4,1,0,0,1,-1,-1,-1,-1,-1,0,0
112074,Ash of War: Hoarfrost Stomp,50100,1,-1,0,65884,-1,0,4,4,1,0,0,1,-1,-1,-1,-1,-1,0,0
112075,Ash of War: No Skill,30900,1,-1,0,65885,-1,0,4,4,1,0,0,1,-1,-1,-1,-1,-1,0,0
112076,Ash of War: Shield Bash,30000,1,-1,0,65886,-1,0,4,4,1,0,0,1,-1,-1,-1,-1,-1,0,0
112077,Ash of War: Shield Crash,30800,1,-1,0,65887,-1,0,4,4,1,0,0,1,-1,-1,-1,-1,-1,0,0
112078,Ash of War: Barricade Shield,30100,1,-1,0,65888,-1,0,4,4,1,0,0,1,-1,-1,-1,-1,-1,0,0
112079,Ash of War: Parry,30200,1,-1,0,65889,-1,0,4,4,1,0,0,1,-1,-1,-1,-1,-1,0,0
112080,Ash of War: Carian Retaliation,30500,1,-1,0,65890,-1,0,4,4,1,0,0,1,-1,-1,-1,-1,-1,0,0
112081,Ash of War: Storm Wall,30600,1,-1,0,65891,-1,0,4,4,1,0,0,1,-1,-1,-1,-1,-1,0,0
112082,Ash of War: Golden Parry,30700,1,-1,0,65892,-1,0,4,4,1,0,0,1,-1,-1,-1,-1,-1,0,0
112083,Ash of War: Thops's Barrier,31000,1,-1,0,65893,-1,0,4,4,1,0,0,1,-1,-1,-1,-1,-1,0,0
112084,Ash of War: Holy Ground,70200,1,-1,0,65894,-1,0,4,4,1,0,0,1,-1,-1,-1,-1,-1,0,0
112085,Ash of War: Vow of the Indomitable,70100,1,-1,0,65895,-1,0,4,4,1,0,0,1,-1,-1,-1,-1,-1,0,0
112086,Ash of War: Barrage,40100,1,-1,0,65896,-1,0,4,4,1,0,0,1,-1,-1,-1,-1,-1,0,0
112087,Ash of War: Mighty Shot,40200,1,-1,0,65897,-1,0,4,4,1,0,0,1,-1,-1,-1,-1,-1,0,0
112088,Ash of War: Sky Shot,40500,1,-1,0,65898,-1,0,4,4,1,0,0,1,-1,-1,-1,-1,-1,0,0
112089,Ash of War: Through and Through,40000,1,-1,0,65899,-1,0,4,4,1,0,0,1,-1,-1,-1,-1,-1,0,0
112090,Ash of War: Enchanted Shot,40400,1,-1,0,65900,-1,0,4,4,1,0,0,1,-1,-1,-1,-1,-1,0,0
112091,Ash of War: Rain of Arrows,40600,1,-1,0,65901,-1,0,4,4,1,0,0,1,-1,-1,-1,-1,-1,0,0
600000,Dagger,1000000,400,-1,220500,0,1,0,0,0,1,0,0,1,-1,-1,-1,-1,-1,0,0
600001,Longsword,2000000,600,-1,220510,0,1,0,0,0,1,0,0,1,-1,-1,-1,-1,-1,0,0
600002,Short Spear,16000000,800,-1,220520,0,1,0,0,0,1,0,0,1,-1,-1,-1,-1,-1,0,0
600003,Mace,11000000,800,-1,220530,0,1,0,0,0,1,0,0,1,-1,-1,-1,-1,-1,0,0
600004,Longbow,41000000,800,-1,220540,0,1,0,0,0,1,0,0,1,-1,-1,-1,-1,-1,0,0
600005,Falchion,7000000,800,-1,220550,0,1,0,0,0,1,0,0,1,-1,-1,-1,-1,-1,0,0
600006,Hand Axe,14020000,800,-1,220560,0,1,0,0,0,1,0,0,1,-1,-1,-1,-1,-1,0,0
600007,Buckler,30000000,1000,-1,220570,0,1,0,0,0,1,0,0,1,-1,-1,-1,-1,-1,0,0
600008,Round Shield,31070000,1000,-1,220580,0,1,0,0,0,1,0,0,1,-1,-1,-1,-1,-1,0,0
600009,Blue Cloth Cowl,670000,1200,-1,220590,0,1,0,1,0,1,0,0,1,-1,-1,-1,-1,-1,0,0
600010,Blue Cloth Vest,670100,1600,-1,220600,0,1,0,1,0,1,0,0,1,-1,-1,-1,-1,-1,0,0
600011,Warrior Gauntlets,670200,1200,-1,220610,0,1,0,1,0,1,0,0,1,-1,-1,-1,-1,-1,0,0
600012,Warrior Greaves,670300,1200,-1,220620,0,1,0,1,0,1,0,0,1,-1,-1,-1,-1,-1,0,0
600013,Lone Wolf Ashes,232000,500,-1,220630,0,1,0,3,0,1,0,0,1,-1,-1,-1,-1,-1,0,0
600014,Cracked Pot,9500,300,-1,220640,0,3,0,3,0,1,0,0,1,-1,-1,-1,-1,-1,0,0
600015,,8550,500,-1,220650,0,1,0,3,0,1,0,0,1,-1,-1,-1,-1,-1,0,0
600016,Arrow,50000000,20,-1,220660,0,-1,0,0,0,1,0,0,1,-1,-1,-1,-1,-1,0,0
600017,String,15400,50,-1,220670,0,-1,0,3,0,1,0,0,1,-1,-1,-1,-1,-1,0,0
600018,Note: Imp Shades,8701,300,-1,220680,0,1,0,3,0,1,0,0,1,-1,8751,-1,-1,-1,0,0
600019,Note: Flask of Wondrous Physick,8702,300,-1,220690,0,1,0,3,0,1,0,0,1,-1,8752,-1,-1,-1,0,0
600020,,15390,100,-1,220700,0,-1,0,3,0,1,0,0,1,-1,-1,-1,-1,-1,0,0
600021,Miranda Powder,15150,150,-1,220710,0,-1,0,3,0,1,0,0,1,-1,-1,-1,-1,-1,0,0
600022,,15210,150,-1,220720,0,-1,0,3,0,1,0,0,1,-1,-1,-1,-1,-1,0,0
900000,[Incantation] Dragonfire,7000,1,-1,190000,0,1,0,3,1,1,0,0,1,-1,-1,-1,-1,-1,0,0
900001,[Incantation] Agheel's Flame,7001,2,-1,190010,0,1,0,3,1,1,0,0,1,-1,-1,-1,-1,-1,0,0
900002,[Incantation] Magma Breath,7010,3,-1,190020,0,1,0,3,1,1,0,0,1,-1,-1,-1,-1,-1,0,0
900003,[Incantation] Dragonice,7020,4,-1,190030,0,1,0,3,1,1,0,0,1,-1,-1,-1,-1,-1,0,0
900004,[Incantation] Rotten Breath,7030,5,-1,190040,0,1,0,3,1,1,0,0,1,-1,-1,-1,-1,-1,0,0
900010,[Incantation] Dragonfire,7000,1,-1,190000,0,1,0,3,2,1,0,0,1,-1,-1,-1,-1,-1,0,0
900011,[Incantation] Agheel's Flame,7001,2,-1,190010,0,1,0,3,2,1,0,0,1,-1,-1,-1,-1,-1,0,0
900012,[Incantation] Magma Breath,7010,3,-1,190020,0,1,0,3,2,1,0,0,1,-1,-1,-1,-1,-1,0,0
900013,[Incantation] Dragonice,7020,4,-1,190030,0,1,0,3,2,1,0,0,1,-1,-1,-1,-1,-1,0,0
900014,[Incantation] Rotten Breath,7030,5,-1,190040,0,1,0,3,2,1,0,0,1,-1,-1,-1,-1,-1,0,0
900020,[Incantation] Dragonfire,7000,1,-1,190000,0,1,0,3,3,1,0,0,1,-1,-1,-1,-1,-1,0,0
900021,[Incantation] Agheel's Flame,7001,2,-1,190010,0,1,0,3,3,1,0,0,1,-1,-1,-1,-1,-1,0,0
900022,[Incantation] Magma Breath,7010,3,-1,190020,0,1,0,3,3,1,0,0,1,-1,-1,-1,-1,-1,0,0
900023,[Incantation] Dragonice,7020,4,-1,190030,0,1,0,3,3,1,0,0,1,-1,-1,-1,-1,-1,0,0
900024,[Incantation] Rotten Breath,7030,5,-1,190040,0,1,0,3,3,1,0,0,1,-1,-1,-1,-1,-1,0,0
900030,[Incantation] Dragonfire,7000,1,-1,190000,0,1,0,3,4,1,0,0,1,-1,-1,-1,-1,-1,0,0
900031,[Incantation] Agheel's Flame,7001,2,-1,190010,0,1,0,3,4,1,0,0,1,-1,-1,-1,-1,-1,0,0
900032,[Incantation] Magma Breath,7010,3,-1,190020,0,1,0,3,4,1,0,0,1,-1,-1,-1,-1,-1,0,0
900033,[Incantation] Dragonice,7020,4,-1,190030,0,1,0,3,4,1,0,0,1,-1,-1,-1,-1,-1,0,0
900034,[Incantation] Rotten Breath,7030,5,-1,190040,0,1,0,3,4,1,0,0,1,-1,-1,-1,-1,-1,0,0
1600101,Dagger,1000000,400,-1,220500,99019775,1,0,0,0,1,0,0,1,-1,-1,-1,-1,-1,0,0
1600102,Longsword,2000000,600,-1,220510,99019775,1,0,0,0,1,0,0,1,-1,-1,-1,-1,-1,0,0
1600103,Short Spear,16000000,800,-1,220520,99019775,1,0,0,0,1,0,0,1,-1,-1,-1,-1,-1,0,0
1600104,Mace,11000000,800,-1,220530,99019775,1,0,0,0,1,0,0,1,-1,-1,-1,-1,-1,0,0
1600105,Longbow,41000000,800,-1,220540,99019775,1,0,0,0,1,0,0,1,-1,-1,-1,-1,-1,0,0
1600106,Falchion,7000000,800,-1,220550,99019775,1,0,0,0,1,0,0,1,-1,-1,-1,-1,-1,0,0
1600107,Hand Axe,14020000,800,-1,220560,99019775,1,0,0,0,1,0,0,1,-1,-1,-1,-1,-1,0,0
1600108,Buckler,30000000,1000,-1,220570,99019775,1,0,0,0,1,0,0,1,-1,-1,-1,-1,-1,0,0
1600109,Round Shield,31070000,1000,-1,220580,99019775,1,0,0,0,1,0,0,1,-1,-1,-1,-1,-1,0,0
1600110,Blue Cloth Cowl,670000,1200,-1,220590,99019775,1,0,1,0,1,0,0,1,-1,-1,-1,-1,-1,0,0
1600111,Blue Cloth Vest,670100,1600,-1,220600,99019775,1,0,1,0,1,0,0,1,-1,-1,-1,-1,-1,0,0
1600112,Warrior Gauntlets,670200,1200,-1,220610,99019775,1,0,1,0,1,0,0,1,-1,-1,-1,-1,-1,0,0
1600113,Warrior Greaves,670300,1200,-1,220620,99019775,1,0,1,0,1,0,0,1,-1,-1,-1,-1,-1,0,0
1600114,,2529,500,-1,220630,99019775,1,0,3,0,1,0,0,1,-1,-1,-1,-1,-1,0,0
1600115,Cracked Pot,9500,300,-1,220640,99019775,3,0,3,0,1,0,0,1,-1,-1,-1,-1,-1,0,0
1600116,,8550,500,-1,220650,99019775,1,0,3,0,1,0,0,1,-1,-1,-1,-1,-1,0,0
1600117,Arrow,50000000,20,-1,220660,99019775,-1,0,0,0,1,0,0,1,-1,-1,-1,-1,-1,0,0
1600118,String,15400,50,-1,220670,99019775,-1,0,3,0,1,0,0,1,-1,-1,-1,-1,-1,0,0
1600119,Note: Imp Shades,8701,300,-1,220680,99019775,1,0,3,0,1,0,0,1,-1,8751,-1,-1,-1,0,0
1600120,Note: Flask of Wondrous Physick,8702,300,-1,220690,99019775,1,0,3,0,1,0,0,1,-1,8752,-1,-1,-1,0,0
1600121,,15390,100,-1,220700,99019775,-1,0,3,0,1,0,0,1,-1,-1,-1,-1,-1,0,0
1600122,Miranda Powder,15150,150,-1,220710,99019775,-1,0,3,0,1,0,0,1,-1,-1,-1,-1,-1,0,0
1600123,,15210,150,-1,220720,99019775,-1,0,3,0,1,0,0,1,-1,-1,-1,-1,-1,0,0
1600401,Glintstone Staff,33000000,1000,-1,230000,99019780,1,0,0,0,1,0,0,1,-1,-1,-1,-1,-1,0,0
1600402,Finger Seal,34000000,1500,-1,230010,99019780,1,0,0,0,1,0,0,1,-1,-1,-1,-1,-1,0,0
1600403,Clawmark Seal,34040000,1500,-1,230020,99019780,1,0,0,0,1,0,0,1,-1,-1,-1,-1,-1,0,0
1600404,[Sorcery] Glintstone Pebble,4000,800,-1,230030,99019780,1,0,3,0,1,0,0,1,-1,-1,-1,-1,-1,0,0
1600405,[Sorcery] Stars of Ruin,4220,1200,-1,230040,99019780,1,0,3,0,1,0,0,1,-1,-1,-1,-1,-1,0,0
1600406,,5510,600,-1,230050,99019780,1,0,3,0,1,0,0,1,-1,-1,-1,-1,-1,0,0
1600407,[Incantation] Flame,6020,1000,-1,230060,99019780,1,0,3,0,1,0,0,1,-1,-1,-1,-1,-1,0,0
1600408,[Incantation] Frenzied Burst,7320,1000,-1,230070,99019780,1,0,3,0,1,0,0,1,-1,-1,-1,-1,-1,0,0
1600409,Carian Knight Helm,980000,1600,-1,230080,99019780,1,0,1,0,1,0,0,1,-1,-1,-1,-1,-1,0,0
1600410,Carian Knight Armor (Altered),981100,2000,-1,230090,99019780,1,0,1,0,1,0,0,1,-1,-1,-1,-1,-1,0,0
1600411,Carian Knight Gauntlets,980200,1600,-1,230100,99019780,1,0,1,0,1,0,0,1,-1,-1,-1,-1,-1,0,0
1600412,Carian Knight Greaves,980300,1600,-1,230110,99019780,1,0,1,0,1,0,0,1,-1,-1,-1,-1,-1,0,0
1600413,Champion Headband,730000,1600,-1,230120,99019780,1,0,1,0,1,0,0,1,-1,-1,-1,-1,-1,0,0
1600414,Champion Pauldron,730100,2000,-1,230130,99019780,1,0,1,0,1,0,0,1,-1,-1,-1,-1,-1,0,0
1600415,Champion Bracers,730200,1600,-1,230140,99019780,1,0,1,0,1,0,0,1,-1,-1,-1,-1,-1,0,0
1600416,Champion Gaiters,730300,1600,-1,230150,99019780,1,0,1,0,1,0,0,1,-1,-1,-1,-1,-1,0,0
1600417,Crimson Amber Medallion,1000,800,-1,230160,99019780,1,0,2,0,1,0,0,1,-1,-1,-1,-1,-1,0,0
1600418,Axe Talisman,2130,1000,-1,230170,99019780,1,0,2,0,1,0,0,1,-1,-1,-1,-1,-1,0,0
1600419,Fire Arrow,50010000,100,-1,230180,99019780,-1,0,0,0,1,0,0,1,-1,-1,-1,-1,-1,0,0
1600420,Note: Stonedigger Trolls,8703,500,-1,230190,99019780,1,0,3,0,1,0,0,1,-1,8753,-1,-1,-1,0,0
9000000,Forked Greatsword,3010000,0,900000,400000,0,1,0,0,0,1,0,0,1,-1,-1,-1,-1,-1,0,0
9000001,Iron Greatsword,3020000,0,900001,400010,0,1,0,0,0,1,0,0,1,-1,-1,-1,-1,-1,0,0
9000002,Lordsworn's Greatsword,3030000,0,900002,400020,0,1,0,0,0,1,0,0,1,-1,-1,-1,-1,-1,0,0
9000003,Knight's Greatsword,3040000,0,900003,400030,0,1,0,0,0,1,0,0,1,-1,-1,-1,-1,-1,0,0
9000004,Ordovis's Greatsword,3060000,0,900004,400040,0,1,0,0,0,1,0,0,1,-1,-1,-1,-1,-1,0,0
9001000,Omen Helm,970000,0,901000,400000,0,1,0,1,0,1,0,0,1,-1,-1,-1,-1,-1,0,0
9001001,Omen Armor,970100,0,901001,400010,0,1,0,1,0,1,0,0,1,-1,-1,-1,-1,-1,0,0
9001002,Omen Gauntlets,970200,0,901002,400020,0,1,0,1,0,1,0,0,1,-1,-1,-1,-1,-1,0,0
9001003,Omen Greaves,970300,0,901003,400030,0,1,0,1,0,1,0,0,1,-1,-1,-1,-1,-1,0,0
9001004,,970400,0,901004,400040,0,1,0,1,0,1,0,0,1,-1,-1,-1,-1,-1,0,0
