Row ID;Row Name;mapId;TransitionSrcWeather;isFireAsh;reserved2;AssetId0;AssetId1;AssetId2;AssetId3;AssetId4;AssetId5;AssetId6;AssetId7;CreateAssetLimitId0;CreateAssetLimitId1;CreateAssetLimitId2;CreateAssetLimitId3
1000100;;10000099;0;0;0;-1;96603;-1;96611;-1;-1;-1;-1;-1;-1;-1;-1;
1000101;;10000099;1;0;0;-1;96603;-1;96611;-1;-1;-1;-1;-1;-1;-1;-1;
1000110;;10000099;10;0;0;-1;96603;-1;96611;-1;-1;-1;-1;-1;-1;-1;-1;
1000111;;10000099;11;0;0;-1;96603;-1;96611;-1;-1;-1;-1;-1;-1;-1;-1;
1000120;;10000099;20;0;0;-1;96603;-1;96611;-1;-1;-1;-1;-1;-1;-1;-1;
1000121;;10000099;21;0;0;-1;-1;-1;96611;-1;-1;-1;-1;-1;-1;-1;-1;
1000130;;10000099;30;0;0;-1;96603;-1;96611;-1;-1;-1;-1;-1;-1;-1;-1;
1000131;;10000099;31;0;0;-1;96603;-1;96611;-1;-1;-1;-1;-1;-1;-1;-1;
1000140;;10000099;40;0;0;-1;96603;-1;96611;-1;-1;-1;-1;-1;-1;-1;-1;
1000141;;10000099;41;0;0;-1;96603;-1;96611;-1;-1;-1;-1;-1;-1;-1;-1;
1000150;;10000099;50;0;0;-1;96603;-1;96611;-1;-1;-1;-1;-1;-1;-1;-1;
1000151;;10000099;51;0;0;-1;-1;-1;96611;-1;-1;-1;-1;-1;-1;-1;-1;
1000152;;10000099;52;0;0;-1;96603;-1;96611;-1;-1;-1;-1;-1;-1;-1;-1;
1000160;;10000099;60;0;0;-1;96603;-1;96611;-1;-1;-1;-1;-1;-1;-1;-1;
1000199;;10000099;99;0;0;96101;-1;-1;-1;-1;-1;-1;-1;-1;-1;-1;-1;
1000200;;10000099;0;1;0;-1;96603;-1;96611;-1;-1;-1;-1;-1;-1;-1;-1;
1000201;;10000099;1;1;0;-1;96603;-1;96611;-1;-1;-1;-1;-1;-1;-1;-1;
1000210;;10000099;10;1;0;-1;96603;-1;96611;-1;-1;-1;-1;-1;-1;-1;-1;
1000211;;10000099;11;1;0;-1;96603;-1;96611;-1;-1;-1;-1;-1;-1;-1;-1;
1000220;;10000099;20;1;0;-1;96603;-1;96611;-1;-1;-1;-1;-1;-1;-1;-1;
1000221;;10000099;21;1;0;-1;-1;-1;96611;-1;-1;-1;-1;-1;-1;-1;-1;
1000230;;10000099;30;1;0;-1;96603;-1;96611;-1;-1;-1;-1;-1;-1;-1;-1;
1000231;;10000099;31;1;0;-1;96603;-1;96611;-1;-1;-1;-1;-1;-1;-1;-1;
1000240;;10000099;40;1;0;-1;96603;-1;96611;-1;-1;-1;-1;-1;-1;-1;-1;
1000241;;10000099;41;1;0;-1;96603;-1;96611;-1;-1;-1;-1;-1;-1;-1;-1;
1000250;;10000099;50;1;0;-1;96603;-1;96611;-1;-1;-1;-1;-1;-1;-1;-1;
1000251;;10000099;51;1;0;-1;-1;-1;96611;-1;-1;-1;-1;-1;-1;-1;-1;
1000252;;10000099;52;1;0;-1;96603;-1;96611;-1;-1;-1;-1;-1;-1;-1;-1;
1000260;;10000099;60;1;0;-1;96603;-1;96611;-1;-1;-1;-1;-1;-1;-1;-1;
1000299;;10000099;99;1;0;96101;-1;-1;-1;-1;-1;-1;-1;-1;-1;-1;-1;
1098100;;10000098;0;0;0;-1;96603;96390;96611;-1;-1;-1;-1;-1;-1;-1;-1;
1098101;;10000098;1;0;0;-1;96603;96390;96611;-1;-1;-1;-1;-1;-1;-1;-1;
1098110;;10000098;10;0;0;-1;96603;96390;96611;-1;-1;-1;-1;-1;-1;-1;-1;
1098111;;10000098;11;0;0;-1;96603;96390;96611;-1;-1;-1;-1;-1;-1;-1;-1;
1098120;;10000098;20;0;0;-1;96603;96390;96611;-1;-1;-1;-1;-1;-1;-1;-1;
1098121;;10000098;21;0;0;-1;96603;96390;96611;-1;-1;-1;-1;-1;-1;-1;-1;
1098130;;10000098;30;0;0;-1;96603;96390;96611;-1;-1;-1;-1;-1;-1;-1;-1;
1098131;;10000098;31;0;0;-1;96603;96390;96611;-1;-1;-1;-1;-1;-1;-1;-1;
1098140;;10000098;40;0;0;-1;96603;96390;96611;-1;-1;-1;-1;-1;-1;-1;-1;
1098141;;10000098;41;0;0;-1;96603;96390;96611;-1;-1;-1;-1;-1;-1;-1;-1;
1098150;;10000098;50;0;0;-1;96603;96390;96611;-1;-1;-1;-1;-1;-1;-1;-1;
1098151;;10000098;51;0;0;-1;96603;96390;96611;-1;-1;-1;-1;-1;-1;-1;-1;
1098152;;10000098;52;0;0;-1;96603;96390;96611;-1;-1;-1;-1;-1;-1;-1;-1;
1098160;;10000098;60;0;0;-1;96603;96390;96611;-1;-1;-1;-1;-1;-1;-1;-1;
1098199;;10000098;99;0;0;96101;-1;-1;-1;-1;-1;-1;-1;-1;-1;-1;-1;
1100100;;11000099;0;0;0;-1;96620;-1;-1;-1;-1;-1;-1;-1;-1;-1;-1;
1100101;;11000099;1;0;0;-1;96620;-1;-1;-1;-1;-1;-1;-1;-1;-1;-1;
1100110;;11000099;10;0;0;-1;96620;-1;-1;-1;-1;-1;-1;-1;-1;-1;-1;
1100111;;11000099;11;0;0;-1;96620;-1;-1;-1;-1;-1;-1;-1;-1;-1;-1;
1100120;;11000099;20;0;0;-1;96624;-1;-1;-1;-1;-1;-1;-1;-1;-1;-1;
1100121;;11000099;21;0;0;-1;-1;-1;-1;-1;-1;-1;-1;-1;-1;-1;-1;
1100130;;11000099;30;0;0;-1;96620;-1;-1;-1;-1;-1;-1;-1;-1;-1;-1;
1100131;;11000099;31;0;0;-1;96620;-1;-1;-1;-1;-1;-1;-1;-1;-1;-1;
1100140;;11000099;40;0;0;-1;96620;-1;-1;-1;-1;-1;-1;-1;-1;-1;-1;
1100141;;11000099;41;0;0;-1;96620;-1;-1;-1;-1;-1;-1;-1;-1;-1;-1;
1100150;;11000099;50;0;0;-1;-1;-1;-1;-1;-1;-1;-1;-1;-1;-1;-1;
1100151;;11000099;51;0;0;-1;-1;-1;-1;-1;-1;-1;-1;-1;-1;-1;-1;
1100152;;11000099;52;0;0;-1;96620;-1;-1;-1;-1;-1;-1;-1;-1;-1;-1;
1100160;;11000099;60;0;0;-1;96620;-1;-1;-1;-1;-1;-1;-1;-1;-1;-1;
1100199;;11000099;99;0;0;96101;-1;-1;-1;-1;-1;-1;-1;-1;-1;-1;-1;
1105200;;11050099;0;1;0;-1;96625;-1;-1;-1;-1;-1;-1;-1;-1;-1;-1;
1105201;;11050099;1;1;0;-1;96625;-1;-1;-1;-1;-1;-1;-1;-1;-1;-1;
1105210;;11050099;10;1;0;-1;96625;-1;-1;-1;-1;-1;-1;-1;-1;-1;-1;
1105211;;11050099;11;1;0;-1;96625;-1;-1;-1;-1;-1;-1;-1;-1;-1;-1;
1105220;;11050099;20;1;0;-1;96625;-1;-1;-1;-1;-1;-1;-1;-1;-1;-1;
1105221;;11050099;21;1;0;-1;-1;-1;-1;-1;-1;-1;-1;-1;-1;-1;-1;
1105230;;11050099;30;1;0;-1;96625;-1;-1;-1;-1;-1;-1;-1;-1;-1;-1;
1105231;;11050099;31;1;0;-1;96625;-1;-1;-1;-1;-1;-1;-1;-1;-1;-1;
1105240;;11050099;40;1;0;-1;96625;-1;-1;-1;-1;-1;-1;-1;-1;-1;-1;
1105241;;11050099;41;1;0;-1;96625;-1;-1;-1;-1;-1;-1;-1;-1;-1;-1;
1105250;;11050099;50;1;0;-1;-1;-1;-1;-1;-1;-1;-1;-1;-1;-1;-1;
1105251;;11050099;51;1;0;-1;-1;-1;-1;-1;-1;-1;-1;-1;-1;-1;-1;
1105252;;11050099;52;1;0;-1;96625;-1;-1;-1;-1;-1;-1;-1;-1;-1;-1;
1105260;;11050099;60;1;0;-1;96625;-1;-1;-1;-1;-1;-1;-1;-1;-1;-1;
1105299;;11050099;99;1;0;96101;-1;-1;-1;-1;-1;-1;-1;-1;-1;-1;-1;
1110100;;11100099;0;0;0;-1;-1;-1;-1;-1;-1;-1;-1;-1;-1;-1;-1;
1110101;;11100099;1;0;0;96622;-1;-1;-1;-1;-1;-1;-1;-1;-1;-1;-1;
1110110;;11100099;10;0;0;-1;-1;-1;-1;-1;-1;-1;-1;-1;-1;-1;-1;
1110111;;11100099;11;0;0;-1;-1;-1;-1;-1;-1;-1;-1;-1;-1;-1;-1;
1110120;;11100099;20;0;0;-1;-1;-1;-1;-1;-1;-1;-1;-1;-1;-1;-1;
1110121;;11100099;21;0;0;-1;-1;-1;-1;-1;-1;-1;-1;-1;-1;-1;-1;
1110130;;11100099;30;0;0;-1;-1;-1;-1;-1;-1;-1;-1;-1;-1;-1;-1;
1110131;;11100099;31;0;0;-1;-1;-1;-1;-1;-1;-1;-1;-1;-1;-1;-1;
1110140;;11100099;40;0;0;-1;-1;-1;-1;-1;-1;-1;-1;-1;-1;-1;-1;
1110141;;11100099;41;0;0;-1;-1;-1;-1;-1;-1;-1;-1;-1;-1;-1;-1;
1110150;;11100099;50;0;0;-1;-1;-1;-1;-1;-1;-1;-1;-1;-1;-1;-1;
1110151;;11100099;51;0;0;-1;-1;-1;-1;-1;-1;-1;-1;-1;-1;-1;-1;
1110152;;11100099;52;0;0;-1;-1;-1;-1;-1;-1;-1;-1;-1;-1;-1;-1;
1110160;;11100099;60;0;0;96621;-1;-1;-1;-1;-1;-1;-1;-1;-1;-1;-1;
1110199;;11100099;99;0;0;-1;-1;-1;-1;-1;-1;-1;-1;-1;-1;-1;-1;
1110200;;11100099;0;1;0;-1;-1;-1;-1;-1;-1;-1;-1;-1;-1;-1;-1;
1110201;;11100099;1;1;0;96622;-1;-1;-1;-1;-1;-1;-1;-1;-1;-1;-1;
1110210;;11100099;10;1;0;-1;-1;-1;-1;-1;-1;-1;-1;-1;-1;-1;-1;
1110211;;11100099;11;1;0;-1;-1;-1;-1;-1;-1;-1;-1;-1;-1;-1;-1;
1110220;;11100099;20;1;0;-1;-1;-1;-1;-1;-1;-1;-1;-1;-1;-1;-1;
1110221;;11100099;21;1;0;-1;-1;-1;-1;-1;-1;-1;-1;-1;-1;-1;-1;
1110230;;11100099;30;1;0;-1;-1;-1;-1;-1;-1;-1;-1;-1;-1;-1;-1;
1110231;;11100099;31;1;0;-1;-1;-1;-1;-1;-1;-1;-1;-1;-1;-1;-1;
1110240;;11100099;40;1;0;-1;-1;-1;-1;-1;-1;-1;-1;-1;-1;-1;-1;
1110241;;11100099;41;1;0;-1;-1;-1;-1;-1;-1;-1;-1;-1;-1;-1;-1;
1110250;;11100099;50;1;0;-1;-1;-1;-1;-1;-1;-1;-1;-1;-1;-1;-1;
1110251;;11100099;51;1;0;-1;-1;-1;-1;-1;-1;-1;-1;-1;-1;-1;-1;
1110252;;11100099;52;1;0;-1;-1;-1;-1;-1;-1;-1;-1;-1;-1;-1;-1;
1110260;;11100099;60;1;0;96621;-1;-1;-1;-1;-1;-1;-1;-1;-1;-1;-1;
1110299;;11100099;99;1;0;-1;-1;-1;-1;-1;-1;-1;-1;-1;-1;-1;-1;
1171100;;11710099;0;0;0;-1;96954;-1;-1;-1;-1;-1;-1;-1;-1;-1;-1;
1171101;;11710099;1;0;0;-1;96954;-1;-1;-1;-1;-1;-1;-1;-1;-1;-1;
1171110;;11710099;10;0;0;-1;96954;-1;-1;-1;-1;-1;-1;-1;-1;-1;-1;
1171111;;11710099;11;0;0;-1;96955;-1;-1;-1;-1;-1;-1;-1;-1;-1;-1;
1171120;;11710099;20;0;0;-1;96954;-1;-1;-1;-1;-1;-1;-1;-1;-1;-1;
1171121;;11710099;21;0;0;-1;96954;-1;-1;-1;-1;-1;-1;-1;-1;-1;-1;
1171130;;11710099;30;0;0;-1;96954;-1;-1;-1;-1;-1;-1;-1;-1;-1;-1;
1171131;;11710099;31;0;0;-1;96954;-1;-1;-1;-1;-1;-1;-1;-1;-1;-1;
1171140;;11710099;40;0;0;-1;96954;-1;-1;-1;-1;-1;-1;-1;-1;-1;-1;
1171141;;11710099;41;0;0;-1;96954;-1;-1;-1;-1;-1;-1;-1;-1;-1;-1;
1171150;;11710099;50;0;0;-1;96954;-1;-1;-1;-1;-1;-1;-1;-1;-1;-1;
1171151;;11710099;51;0;0;-1;96954;-1;-1;-1;-1;-1;-1;-1;-1;-1;-1;
1171152;;11710099;52;0;0;-1;96954;-1;-1;-1;-1;-1;-1;-1;-1;-1;-1;
1171160;;11710099;60;0;0;96101;96954;-1;-1;-1;-1;-1;-1;-1;-1;-1;-1;
1171199;;11710099;99;0;0;-1;96954;-1;-1;-1;-1;-1;-1;-1;-1;-1;-1;
1171200;;11710099;0;1;0;-1;96954;-1;-1;-1;-1;-1;-1;-1;-1;-1;-1;
1171201;;11710099;1;1;0;-1;96954;-1;-1;-1;-1;-1;-1;-1;-1;-1;-1;
1171210;;11710099;10;1;0;-1;96954;-1;-1;-1;-1;-1;-1;-1;-1;-1;-1;
1171211;;11710099;11;1;0;-1;96955;-1;-1;-1;-1;-1;-1;-1;-1;-1;-1;
1171220;;11710099;20;1;0;-1;96954;-1;-1;-1;-1;-1;-1;-1;-1;-1;-1;
1171221;;11710099;21;1;0;-1;96954;-1;-1;-1;-1;-1;-1;-1;-1;-1;-1;
1171230;;11710099;30;1;0;-1;96954;-1;-1;-1;-1;-1;-1;-1;-1;-1;-1;
1171231;;11710099;31;1;0;-1;96954;-1;-1;-1;-1;-1;-1;-1;-1;-1;-1;
1171240;;11710099;40;1;0;-1;96954;-1;-1;-1;-1;-1;-1;-1;-1;-1;-1;
1171241;;11710099;41;1;0;-1;96954;-1;-1;-1;-1;-1;-1;-1;-1;-1;-1;
1171250;;11710099;50;1;0;-1;96954;-1;-1;-1;-1;-1;-1;-1;-1;-1;-1;
1171251;;11710099;51;1;0;-1;96954;-1;-1;-1;-1;-1;-1;-1;-1;-1;-1;
1171252;;11710099;52;1;0;-1;96954;-1;-1;-1;-1;-1;-1;-1;-1;-1;-1;
1171260;;11710099;60;1;0;96101;96954;-1;-1;-1;-1;-1;-1;-1;-1;-1;-1;
1171299;;11710099;99;1;0;-1;96954;-1;-1;-1;-1;-1;-1;-1;-1;-1;-1;
1203100;;12030099;0;0;0;-1;-1;-1;-1;-1;-1;-1;-1;-1;-1;-1;-1;
1203101;;12030099;1;0;0;-1;-1;-1;-1;-1;-1;-1;-1;-1;-1;-1;-1;
1203110;;12030099;10;0;0;-1;-1;-1;-1;-1;-1;-1;-1;-1;-1;-1;-1;
1203111;;12030099;11;0;0;96645;-1;-1;-1;-1;-1;-1;-1;-1;-1;-1;-1;
1203120;;12030099;20;0;0;-1;-1;-1;-1;-1;-1;-1;-1;-1;-1;-1;-1;
1203121;;12030099;21;0;0;-1;-1;-1;-1;-1;-1;-1;-1;-1;-1;-1;-1;
1203130;;12030099;30;0;0;-1;-1;-1;-1;-1;-1;-1;-1;-1;-1;-1;-1;
1203131;;12030099;31;0;0;-1;-1;-1;-1;-1;-1;-1;-1;-1;-1;-1;-1;
1203140;;12030099;40;0;0;-1;-1;-1;-1;-1;-1;-1;-1;-1;-1;-1;-1;
1203141;;12030099;41;0;0;-1;-1;-1;-1;-1;-1;-1;-1;-1;-1;-1;-1;
1203150;;12030099;50;0;0;-1;-1;-1;-1;-1;-1;-1;-1;-1;-1;-1;-1;
1203151;;12030099;51;0;0;-1;-1;-1;-1;-1;-1;-1;-1;-1;-1;-1;-1;
1203152;;12030099;52;0;0;-1;-1;-1;-1;-1;-1;-1;-1;-1;-1;-1;-1;
1203160;;12030099;60;0;0;-1;-1;-1;-1;-1;-1;-1;-1;-1;-1;-1;-1;
1203199;;12030099;99;0;0;-1;-1;-1;-1;-1;-1;-1;-1;-1;-1;-1;-1;
1203200;;12030099;0;1;0;-1;-1;-1;-1;-1;-1;-1;-1;-1;-1;-1;-1;
1203201;;12030099;1;1;0;-1;-1;-1;-1;-1;-1;-1;-1;-1;-1;-1;-1;
1203210;;12030099;10;1;0;-1;-1;-1;-1;-1;-1;-1;-1;-1;-1;-1;-1;
1203211;;12030099;11;1;0;96645;-1;-1;-1;-1;-1;-1;-1;-1;-1;-1;-1;
1203220;;12030099;20;1;0;-1;-1;-1;-1;-1;-1;-1;-1;-1;-1;-1;-1;
1203221;;12030099;21;1;0;-1;-1;-1;-1;-1;-1;-1;-1;-1;-1;-1;-1;
1203230;;12030099;30;1;0;-1;-1;-1;-1;-1;-1;-1;-1;-1;-1;-1;-1;
1203231;;12030099;31;1;0;-1;-1;-1;-1;-1;-1;-1;-1;-1;-1;-1;-1;
1203240;;12030099;40;1;0;-1;-1;-1;-1;-1;-1;-1;-1;-1;-1;-1;-1;
1203241;;12030099;41;1;0;-1;-1;-1;-1;-1;-1;-1;-1;-1;-1;-1;-1;
1203250;;12030099;50;1;0;-1;-1;-1;-1;-1;-1;-1;-1;-1;-1;-1;-1;
1203251;;12030099;51;1;0;-1;-1;-1;-1;-1;-1;-1;-1;-1;-1;-1;-1;
1203252;;12030099;52;1;0;-1;-1;-1;-1;-1;-1;-1;-1;-1;-1;-1;-1;
1203260;;12030099;60;1;0;-1;-1;-1;-1;-1;-1;-1;-1;-1;-1;-1;-1;
1203299;;12030099;99;1;0;-1;-1;-1;-1;-1;-1;-1;-1;-1;-1;-1;-1;
1300100;;13000099;0;0;0;-1;96660;96661;-1;-1;-1;-1;-1;-1;-1;-1;-1;
1300101;;13000099;1;0;0;-1;96660;96661;-1;-1;-1;-1;-1;-1;-1;-1;-1;
1300110;;13000099;10;0;0;-1;96662;96663;-1;-1;-1;-1;-1;-1;-1;-1;-1;
1300111;;13000099;11;0;0;-1;96660;96661;-1;-1;-1;-1;-1;-1;-1;-1;-1;
1300120;;13000099;20;0;0;-1;96660;96661;-1;-1;-1;-1;-1;-1;-1;-1;-1;
1300121;;13000099;21;0;0;-1;96660;96661;-1;-1;-1;-1;-1;-1;-1;-1;-1;
1300130;;13000099;30;0;0;-1;96662;-1;-1;-1;-1;-1;-1;-1;-1;-1;-1;
1300131;;13000099;31;0;0;-1;96660;96661;-1;-1;-1;-1;-1;-1;-1;-1;-1;
1300140;;13000099;40;0;0;-1;96660;96661;-1;-1;-1;-1;-1;-1;-1;-1;-1;
1300141;;13000099;41;0;0;-1;96660;96661;-1;-1;-1;-1;-1;-1;-1;-1;-1;
1300150;;13000099;50;0;0;-1;96660;96661;-1;-1;-1;-1;-1;-1;-1;-1;-1;
1300151;;13000099;51;0;0;-1;96660;96661;-1;-1;-1;-1;-1;-1;-1;-1;-1;
1300152;;13000099;52;0;0;-1;96660;96661;-1;-1;-1;-1;-1;-1;-1;-1;-1;
1300160;;13000099;60;0;0;-1;96662;-1;-1;-1;-1;-1;-1;-1;-1;-1;-1;
1300199;;13000099;99;0;0;96101;-1;-1;-1;-1;-1;-1;-1;-1;-1;-1;-1;
1300200;;13000099;0;1;0;-1;96660;96661;-1;-1;-1;-1;-1;-1;-1;-1;-1;
1300201;;13000099;1;1;0;-1;96660;96661;-1;-1;-1;-1;-1;-1;-1;-1;-1;
1300210;;13000099;10;1;0;-1;96662;96663;-1;-1;-1;-1;-1;-1;-1;-1;-1;
1300211;;13000099;11;1;0;-1;96660;96661;-1;-1;-1;-1;-1;-1;-1;-1;-1;
1300220;;13000099;20;1;0;-1;96660;96661;-1;-1;-1;-1;-1;-1;-1;-1;-1;
1300221;;13000099;21;1;0;-1;96660;96661;-1;-1;-1;-1;-1;-1;-1;-1;-1;
1300230;;13000099;30;1;0;-1;96662;-1;-1;-1;-1;-1;-1;-1;-1;-1;-1;
1300231;;13000099;31;1;0;-1;96660;96661;-1;-1;-1;-1;-1;-1;-1;-1;-1;
1300240;;13000099;40;1;0;-1;96660;96661;-1;-1;-1;-1;-1;-1;-1;-1;-1;
1300241;;13000099;41;1;0;-1;96660;96661;-1;-1;-1;-1;-1;-1;-1;-1;-1;
1300250;;13000099;50;1;0;-1;96660;96661;-1;-1;-1;-1;-1;-1;-1;-1;-1;
1300251;;13000099;51;1;0;-1;96660;96661;-1;-1;-1;-1;-1;-1;-1;-1;-1;
1300252;;13000099;52;1;0;-1;96660;96661;-1;-1;-1;-1;-1;-1;-1;-1;-1;
1300260;;13000099;60;1;0;-1;96662;-1;-1;-1;-1;-1;-1;-1;-1;-1;-1;
1300299;;13000099;99;1;0;96101;-1;-1;-1;-1;-1;-1;-1;-1;-1;-1;-1;
1400100;;14000099;0;0;0;-1;96680;96685;-1;-1;-1;-1;-1;-1;-1;-1;-1;
1400101;;14000099;1;0;0;96013;-1;96685;-1;-1;-1;-1;-1;-1;-1;-1;-1;
1400110;;14000099;10;0;0;-1;96680;96685;-1;-1;-1;-1;-1;-1;-1;-1;-1;
1400111;;14000099;11;0;0;-1;96680;96685;-1;-1;-1;-1;-1;-1;-1;-1;-1;
1400120;;14000099;20;0;0;-1;96680;96685;-1;-1;-1;-1;-1;-1;-1;-1;-1;
1400121;;14000099;21;0;0;-1;96680;96685;-1;-1;-1;-1;-1;-1;-1;-1;-1;
1400130;;14000099;30;0;0;-1;96680;96685;-1;-1;-1;-1;-1;-1;-1;-1;-1;
1400131;;14000099;31;0;0;-1;96680;96685;-1;-1;-1;-1;-1;-1;-1;-1;-1;
1400140;;14000099;40;0;0;-1;96680;96685;-1;-1;-1;-1;-1;-1;-1;-1;-1;
1400141;;14000099;41;0;0;-1;96680;96685;-1;-1;-1;-1;-1;-1;-1;-1;-1;
1400150;;14000099;50;0;0;-1;96680;96685;-1;-1;-1;-1;-1;-1;-1;-1;-1;
1400151;;14000099;51;0;0;-1;96680;96685;-1;-1;-1;-1;-1;-1;-1;-1;-1;
1400152;;14000099;52;0;0;-1;96680;96685;-1;-1;-1;-1;-1;-1;-1;-1;-1;
1400160;;14000099;60;0;0;-1;96680;96685;-1;-1;-1;-1;-1;-1;-1;-1;-1;
1400199;;14000099;99;0;0;96101;-1;-1;-1;-1;-1;-1;-1;-1;-1;-1;-1;
1400200;;14000099;0;1;0;-1;96680;96685;-1;-1;-1;-1;-1;-1;-1;-1;-1;
1400201;;14000099;1;1;0;96013;-1;96685;-1;-1;-1;-1;-1;-1;-1;-1;-1;
1400210;;14000099;10;1;0;-1;96680;96685;-1;-1;-1;-1;-1;-1;-1;-1;-1;
1400211;;14000099;11;1;0;-1;96680;96685;-1;-1;-1;-1;-1;-1;-1;-1;-1;
1400220;;14000099;20;1;0;-1;96680;96685;-1;-1;-1;-1;-1;-1;-1;-1;-1;
1400221;;14000099;21;1;0;-1;96680;96685;-1;-1;-1;-1;-1;-1;-1;-1;-1;
1400230;;14000099;30;1;0;-1;96680;96685;-1;-1;-1;-1;-1;-1;-1;-1;-1;
1400231;;14000099;31;1;0;-1;96680;96685;-1;-1;-1;-1;-1;-1;-1;-1;-1;
1400240;;14000099;40;1;0;-1;96680;96685;-1;-1;-1;-1;-1;-1;-1;-1;-1;
1400241;;14000099;41;1;0;-1;96680;96685;-1;-1;-1;-1;-1;-1;-1;-1;-1;
1400250;;14000099;50;1;0;-1;96680;96685;-1;-1;-1;-1;-1;-1;-1;-1;-1;
1400251;;14000099;51;1;0;-1;96680;96685;-1;-1;-1;-1;-1;-1;-1;-1;-1;
1400252;;14000099;52;1;0;-1;96680;96685;-1;-1;-1;-1;-1;-1;-1;-1;-1;
1400260;;14000099;60;1;0;-1;96680;96685;-1;-1;-1;-1;-1;-1;-1;-1;-1;
1400299;;14000099;99;1;0;96101;-1;-1;-1;-1;-1;-1;-1;-1;-1;-1;-1;
1500100;;15000099;0;0;0;-1;96700;-1;-1;-1;-1;-1;-1;-1;-1;-1;-1;
1500101;;15000099;1;0;0;-1;96700;-1;-1;-1;-1;-1;-1;-1;-1;-1;-1;
1500110;;15000099;10;0;0;-1;96700;-1;-1;-1;-1;-1;-1;-1;-1;-1;-1;
1500111;;15000099;11;0;0;-1;96700;-1;-1;-1;-1;-1;-1;-1;-1;-1;-1;
1500120;;15000099;20;0;0;-1;96702;-1;-1;-1;-1;-1;-1;-1;-1;-1;-1;
1500121;;15000099;21;0;0;-1;96702;-1;-1;-1;-1;-1;-1;-1;-1;-1;-1;
1500130;;15000099;30;0;0;-1;96702;-1;-1;-1;-1;-1;-1;-1;-1;-1;-1;
1500131;;15000099;31;0;0;-1;96702;-1;-1;-1;-1;-1;-1;-1;-1;-1;-1;
1500140;;15000099;40;0;0;-1;96702;-1;-1;-1;-1;-1;-1;-1;-1;-1;-1;
1500141;;15000099;41;0;0;-1;96702;-1;-1;-1;-1;-1;-1;-1;-1;-1;-1;
1500150;;15000099;50;0;0;-1;96702;-1;-1;-1;-1;-1;-1;-1;-1;-1;-1;
1500151;;15000099;51;0;0;-1;96702;-1;-1;-1;-1;-1;-1;-1;-1;-1;-1;
1500152;;15000099;52;0;0;-1;96702;-1;-1;-1;-1;-1;-1;-1;-1;-1;-1;
1500160;;15000099;60;0;0;-1;96702;-1;-1;-1;-1;-1;-1;-1;-1;-1;-1;
1500199;;15000099;99;0;0;96101;-1;-1;-1;-1;-1;-1;-1;-1;-1;-1;-1;
1500200;;15000099;0;1;0;-1;96700;-1;-1;-1;-1;-1;-1;-1;-1;-1;-1;
1500201;;15000099;1;1;0;-1;96700;-1;-1;-1;-1;-1;-1;-1;-1;-1;-1;
1500210;;15000099;10;1;0;-1;96700;-1;-1;-1;-1;-1;-1;-1;-1;-1;-1;
1500211;;15000099;11;1;0;-1;96700;-1;-1;-1;-1;-1;-1;-1;-1;-1;-1;
1500220;;15000099;20;1;0;-1;96702;-1;-1;-1;-1;-1;-1;-1;-1;-1;-1;
1500221;;15000099;21;1;0;-1;96702;-1;-1;-1;-1;-1;-1;-1;-1;-1;-1;
1500230;;15000099;30;1;0;-1;96702;-1;-1;-1;-1;-1;-1;-1;-1;-1;-1;
1500231;;15000099;31;1;0;-1;96702;-1;-1;-1;-1;-1;-1;-1;-1;-1;-1;
1500240;;15000099;40;1;0;-1;96702;-1;-1;-1;-1;-1;-1;-1;-1;-1;-1;
1500241;;15000099;41;1;0;-1;96702;-1;-1;-1;-1;-1;-1;-1;-1;-1;-1;
1500250;;15000099;50;1;0;-1;96702;-1;-1;-1;-1;-1;-1;-1;-1;-1;-1;
1500251;;15000099;51;1;0;-1;96702;-1;-1;-1;-1;-1;-1;-1;-1;-1;-1;
1500252;;15000099;52;1;0;-1;96702;-1;-1;-1;-1;-1;-1;-1;-1;-1;-1;
1500260;;15000099;60;1;0;-1;96702;-1;-1;-1;-1;-1;-1;-1;-1;-1;-1;
1500299;;15000099;99;1;0;96101;-1;-1;-1;-1;-1;-1;-1;-1;-1;-1;-1;
1600100;;16000099;0;0;0;-1;96720;-1;-1;-1;-1;-1;-1;-1;-1;-1;-1;
1600101;;16000099;1;0;0;-1;96720;-1;-1;-1;-1;-1;-1;-1;-1;-1;-1;
1600110;;16000099;10;0;0;-1;96720;-1;-1;-1;-1;-1;-1;-1;-1;-1;-1;
1600111;;16000099;11;0;0;-1;96720;-1;-1;-1;-1;-1;-1;-1;-1;-1;-1;
1600120;;16000099;20;0;0;-1;96720;-1;-1;-1;-1;-1;-1;-1;-1;-1;-1;
1600121;;16000099;21;0;0;-1;96720;-1;-1;-1;-1;-1;-1;-1;-1;-1;-1;
1600130;;16000099;30;0;0;-1;96720;-1;-1;-1;-1;-1;-1;-1;-1;-1;-1;
1600131;;16000099;31;0;0;-1;96720;-1;-1;-1;-1;-1;-1;-1;-1;-1;-1;
1600140;;16000099;40;0;0;-1;96720;-1;-1;-1;-1;-1;-1;-1;-1;-1;-1;
1600141;;16000099;41;0;0;-1;96720;-1;-1;-1;-1;-1;-1;-1;-1;-1;-1;
1600150;;16000099;50;0;0;-1;96720;-1;-1;-1;-1;-1;-1;-1;-1;-1;-1;
1600151;;16000099;51;0;0;-1;96720;-1;-1;-1;-1;-1;-1;-1;-1;-1;-1;
1600152;;16000099;52;0;0;-1;96720;-1;-1;-1;-1;-1;-1;-1;-1;-1;-1;
1600160;;16000099;60;0;0;-1;96720;-1;-1;-1;-1;-1;-1;-1;-1;-1;-1;
1600199;;16000099;99;0;0;96101;-1;-1;-1;-1;-1;-1;-1;-1;-1;-1;-1;
1600200;;16000099;0;1;0;-1;96720;-1;-1;-1;-1;-1;-1;-1;-1;-1;-1;
1600201;;16000099;1;1;0;-1;96720;-1;-1;-1;-1;-1;-1;-1;-1;-1;-1;
1600210;;16000099;10;1;0;-1;96720;-1;-1;-1;-1;-1;-1;-1;-1;-1;-1;
1600211;;16000099;11;1;0;-1;96720;-1;-1;-1;-1;-1;-1;-1;-1;-1;-1;
1600220;;16000099;20;1;0;-1;96720;-1;-1;-1;-1;-1;-1;-1;-1;-1;-1;
1600221;;16000099;21;1;0;-1;96720;-1;-1;-1;-1;-1;-1;-1;-1;-1;-1;
1600230;;16000099;30;1;0;-1;96720;-1;-1;-1;-1;-1;-1;-1;-1;-1;-1;
1600231;;16000099;31;1;0;-1;96720;-1;-1;-1;-1;-1;-1;-1;-1;-1;-1;
1600240;;16000099;40;1;0;-1;96720;-1;-1;-1;-1;-1;-1;-1;-1;-1;-1;
1600241;;16000099;41;1;0;-1;96720;-1;-1;-1;-1;-1;-1;-1;-1;-1;-1;
1600250;;16000099;50;1;0;-1;96720;-1;-1;-1;-1;-1;-1;-1;-1;-1;-1;
1600251;;16000099;51;1;0;-1;96720;-1;-1;-1;-1;-1;-1;-1;-1;-1;-1;
1600252;;16000099;52;1;0;-1;96720;-1;-1;-1;-1;-1;-1;-1;-1;-1;-1;
1600260;;16000099;60;1;0;-1;96720;-1;-1;-1;-1;-1;-1;-1;-1;-1;-1;
1600299;;16000099;99;1;0;96101;-1;-1;-1;-1;-1;-1;-1;-1;-1;-1;-1;
3410100;;34100099;0;0;0;-1;-1;-1;-1;-1;-1;-1;-1;-1;-1;-1;-1;
3410101;;34100099;1;0;0;-1;-1;-1;-1;-1;-1;-1;-1;-1;-1;-1;-1;
3410110;;34100099;10;0;0;-1;-1;-1;-1;-1;-1;-1;-1;-1;-1;-1;-1;
3410111;;34100099;11;0;0;-1;-1;-1;-1;-1;-1;-1;-1;-1;-1;-1;-1;
3410120;;34100099;20;0;0;-1;-1;-1;-1;-1;-1;-1;-1;-1;-1;-1;-1;
3410121;;34100099;21;0;0;-1;96941;-1;-1;-1;-1;-1;-1;-1;-1;-1;-1;
3410130;;34100099;30;0;0;-1;-1;-1;-1;-1;-1;-1;-1;-1;-1;-1;-1;
3410131;;34100099;31;0;0;-1;-1;-1;-1;-1;-1;-1;-1;-1;-1;-1;-1;
3410140;;34100099;40;0;0;-1;-1;-1;-1;-1;-1;-1;-1;-1;-1;-1;-1;
3410141;;34100099;41;0;0;-1;-1;-1;-1;-1;-1;-1;-1;-1;-1;-1;-1;
3410150;;34100099;50;0;0;-1;-1;-1;-1;-1;-1;-1;-1;-1;-1;-1;-1;
3410151;;34100099;51;0;0;-1;96940;-1;-1;-1;-1;-1;-1;-1;-1;-1;-1;
3410152;;34100099;52;0;0;-1;-1;-1;-1;-1;-1;-1;-1;-1;-1;-1;-1;
3410160;;34100099;60;0;0;-1;-1;-1;-1;-1;-1;-1;-1;-1;-1;-1;-1;
3410199;;34100099;99;0;0;-1;-1;-1;-1;-1;-1;-1;-1;-1;-1;-1;-1;
3410200;;34100099;0;1;0;-1;-1;-1;-1;-1;-1;-1;-1;-1;-1;-1;-1;
3410201;;34100099;1;1;0;-1;-1;-1;-1;-1;-1;-1;-1;-1;-1;-1;-1;
3410210;;34100099;10;1;0;-1;-1;-1;-1;-1;-1;-1;-1;-1;-1;-1;-1;
3410211;;34100099;11;1;0;-1;-1;-1;-1;-1;-1;-1;-1;-1;-1;-1;-1;
3410220;;34100099;20;1;0;-1;-1;-1;-1;-1;-1;-1;-1;-1;-1;-1;-1;
3410221;;34100099;21;1;0;-1;96941;-1;-1;-1;-1;-1;-1;-1;-1;-1;-1;
3410230;;34100099;30;1;0;-1;-1;-1;-1;-1;-1;-1;-1;-1;-1;-1;-1;
3410231;;34100099;31;1;0;-1;-1;-1;-1;-1;-1;-1;-1;-1;-1;-1;-1;
3410240;;34100099;40;1;0;-1;-1;-1;-1;-1;-1;-1;-1;-1;-1;-1;-1;
3410241;;34100099;41;1;0;-1;-1;-1;-1;-1;-1;-1;-1;-1;-1;-1;-1;
3410250;;34100099;50;1;0;-1;-1;-1;-1;-1;-1;-1;-1;-1;-1;-1;-1;
3410251;;34100099;51;1;0;-1;96940;-1;-1;-1;-1;-1;-1;-1;-1;-1;-1;
3410252;;34100099;52;1;0;-1;-1;-1;-1;-1;-1;-1;-1;-1;-1;-1;-1;
3410260;;34100099;60;1;0;-1;-1;-1;-1;-1;-1;-1;-1;-1;-1;-1;-1;
3410299;;34100099;99;1;0;-1;-1;-1;-1;-1;-1;-1;-1;-1;-1;-1;-1;
3411100;;34110099;0;0;0;-1;-1;-1;-1;-1;-1;-1;-1;-1;-1;-1;-1;
3411101;;34110099;1;0;0;-1;-1;-1;-1;-1;-1;-1;-1;-1;-1;-1;-1;
3411110;;34110099;10;0;0;-1;-1;-1;-1;-1;-1;-1;-1;-1;-1;-1;-1;
3411111;;34110099;11;0;0;-1;-1;-1;-1;-1;-1;-1;-1;-1;-1;-1;-1;
3411120;;34110099;20;0;0;-1;-1;-1;-1;-1;-1;-1;-1;-1;-1;-1;-1;
3411121;;34110099;21;0;0;-1;96941;-1;-1;-1;-1;-1;-1;-1;-1;-1;-1;
3411130;;34110099;30;0;0;-1;-1;-1;-1;-1;-1;-1;-1;-1;-1;-1;-1;
3411131;;34110099;31;0;0;-1;-1;-1;-1;-1;-1;-1;-1;-1;-1;-1;-1;
3411140;;34110099;40;0;0;-1;-1;-1;-1;-1;-1;-1;-1;-1;-1;-1;-1;
3411141;;34110099;41;0;0;-1;-1;-1;-1;-1;-1;-1;-1;-1;-1;-1;-1;
3411150;;34110099;50;0;0;-1;-1;-1;-1;-1;-1;-1;-1;-1;-1;-1;-1;
3411151;;34110099;51;0;0;-1;96940;-1;-1;-1;-1;-1;-1;-1;-1;-1;-1;
3411152;;34110099;52;0;0;-1;-1;-1;-1;-1;-1;-1;-1;-1;-1;-1;-1;
3411160;;34110099;60;0;0;-1;-1;-1;-1;-1;-1;-1;-1;-1;-1;-1;-1;
3411199;;34110099;99;0;0;-1;-1;-1;-1;-1;-1;-1;-1;-1;-1;-1;-1;
3411200;;34110099;0;1;0;-1;-1;-1;-1;-1;-1;-1;-1;-1;-1;-1;-1;
3411201;;34110099;1;1;0;-1;-1;-1;-1;-1;-1;-1;-1;-1;-1;-1;-1;
3411210;;34110099;10;1;0;-1;-1;-1;-1;-1;-1;-1;-1;-1;-1;-1;-1;
3411211;;34110099;11;1;0;-1;-1;-1;-1;-1;-1;-1;-1;-1;-1;-1;-1;
3411220;;34110099;20;1;0;-1;-1;-1;-1;-1;-1;-1;-1;-1;-1;-1;-1;
3411221;;34110099;21;1;0;-1;96941;-1;-1;-1;-1;-1;-1;-1;-1;-1;-1;
3411230;;34110099;30;1;0;-1;-1;-1;-1;-1;-1;-1;-1;-1;-1;-1;-1;
3411231;;34110099;31;1;0;-1;-1;-1;-1;-1;-1;-1;-1;-1;-1;-1;-1;
3411240;;34110099;40;1;0;-1;-1;-1;-1;-1;-1;-1;-1;-1;-1;-1;-1;
3411241;;34110099;41;1;0;-1;-1;-1;-1;-1;-1;-1;-1;-1;-1;-1;-1;
3411250;;34110099;50;1;0;-1;-1;-1;-1;-1;-1;-1;-1;-1;-1;-1;-1;
3411251;;34110099;51;1;0;-1;96940;-1;-1;-1;-1;-1;-1;-1;-1;-1;-1;
3411252;;34110099;52;1;0;-1;-1;-1;-1;-1;-1;-1;-1;-1;-1;-1;-1;
3411260;;34110099;60;1;0;-1;-1;-1;-1;-1;-1;-1;-1;-1;-1;-1;-1;
3411299;;34110099;99;1;0;-1;-1;-1;-1;-1;-1;-1;-1;-1;-1;-1;-1;
3412100;;34120099;0;0;0;-1;-1;-1;-1;-1;-1;-1;-1;-1;-1;-1;-1;
3412101;;34120099;1;0;0;-1;-1;-1;-1;-1;-1;-1;-1;-1;-1;-1;-1;
3412110;;34120099;10;0;0;-1;-1;-1;-1;-1;-1;-1;-1;-1;-1;-1;-1;
3412111;;34120099;11;0;0;-1;-1;-1;-1;-1;-1;-1;-1;-1;-1;-1;-1;
3412120;;34120099;20;0;0;-1;-1;-1;-1;-1;-1;-1;-1;-1;-1;-1;-1;
3412121;;34120099;21;0;0;-1;-1;-1;-1;-1;-1;-1;-1;-1;-1;-1;-1;
3412130;;34120099;30;0;0;-1;-1;-1;-1;-1;-1;-1;-1;-1;-1;-1;-1;
3412131;;34120099;31;0;0;-1;-1;-1;-1;-1;-1;-1;-1;-1;-1;-1;-1;
3412140;;34120099;40;0;0;-1;-1;-1;-1;-1;-1;-1;-1;-1;-1;-1;-1;
3412141;;34120099;41;0;0;-1;-1;-1;-1;-1;-1;-1;-1;-1;-1;-1;-1;
3412150;;34120099;50;0;0;-1;-1;-1;-1;-1;-1;-1;-1;-1;-1;-1;-1;
3412151;;34120099;51;0;0;-1;96940;-1;-1;-1;-1;-1;-1;-1;-1;-1;-1;
3412152;;34120099;52;0;0;-1;-1;-1;-1;-1;-1;-1;-1;-1;-1;-1;-1;
3412160;;34120099;60;0;0;-1;-1;-1;-1;-1;-1;-1;-1;-1;-1;-1;-1;
3412199;;34120099;99;0;0;-1;-1;-1;-1;-1;-1;-1;-1;-1;-1;-1;-1;
3412200;;34120099;0;1;0;-1;-1;-1;-1;-1;-1;-1;-1;-1;-1;-1;-1;
3412201;;34120099;1;1;0;-1;-1;-1;-1;-1;-1;-1;-1;-1;-1;-1;-1;
3412210;;34120099;10;1;0;-1;-1;-1;-1;-1;-1;-1;-1;-1;-1;-1;-1;
3412211;;34120099;11;1;0;-1;-1;-1;-1;-1;-1;-1;-1;-1;-1;-1;-1;
3412220;;34120099;20;1;0;-1;-1;-1;-1;-1;-1;-1;-1;-1;-1;-1;-1;
3412221;;34120099;21;1;0;-1;-1;-1;-1;-1;-1;-1;-1;-1;-1;-1;-1;
3412230;;34120099;30;1;0;-1;-1;-1;-1;-1;-1;-1;-1;-1;-1;-1;-1;
3412231;;34120099;31;1;0;-1;-1;-1;-1;-1;-1;-1;-1;-1;-1;-1;-1;
3412240;;34120099;40;1;0;-1;-1;-1;-1;-1;-1;-1;-1;-1;-1;-1;-1;
3412241;;34120099;41;1;0;-1;-1;-1;-1;-1;-1;-1;-1;-1;-1;-1;-1;
3412250;;34120099;50;1;0;-1;-1;-1;-1;-1;-1;-1;-1;-1;-1;-1;-1;
3412251;;34120099;51;1;0;-1;96940;-1;-1;-1;-1;-1;-1;-1;-1;-1;-1;
3412252;;34120099;52;1;0;-1;-1;-1;-1;-1;-1;-1;-1;-1;-1;-1;-1;
3412260;;34120099;60;1;0;-1;-1;-1;-1;-1;-1;-1;-1;-1;-1;-1;-1;
3412299;;34120099;99;1;0;-1;-1;-1;-1;-1;-1;-1;-1;-1;-1;-1;-1;
3413100;;34130099;0;0;0;-1;-1;-1;-1;-1;-1;-1;-1;-1;-1;-1;-1;
3413101;;34130099;1;0;0;-1;-1;-1;-1;-1;-1;-1;-1;-1;-1;-1;-1;
3413110;;34130099;10;0;0;-1;-1;-1;-1;-1;-1;-1;-1;-1;-1;-1;-1;
3413111;;34130099;11;0;0;-1;-1;-1;-1;-1;-1;-1;-1;-1;-1;-1;-1;
3413120;;34130099;20;0;0;-1;-1;-1;-1;-1;-1;-1;-1;-1;-1;-1;-1;
3413121;;34130099;21;0;0;-1;-1;-1;-1;-1;-1;-1;-1;-1;-1;-1;-1;
3413130;;34130099;30;0;0;-1;-1;-1;-1;-1;-1;-1;-1;-1;-1;-1;-1;
3413131;;34130099;31;0;0;-1;-1;-1;-1;-1;-1;-1;-1;-1;-1;-1;-1;
3413140;;34130099;40;0;0;-1;-1;-1;-1;-1;-1;-1;-1;-1;-1;-1;-1;
3413141;;34130099;41;0;0;-1;-1;-1;-1;-1;-1;-1;-1;-1;-1;-1;-1;
3413150;;34130099;50;0;0;-1;-1;-1;-1;-1;-1;-1;-1;-1;-1;-1;-1;
3413151;;34130099;51;0;0;-1;96940;-1;-1;-1;-1;-1;-1;-1;-1;-1;-1;
3413152;;34130099;52;0;0;-1;-1;-1;-1;-1;-1;-1;-1;-1;-1;-1;-1;
3413160;;34130099;60;0;0;-1;-1;-1;-1;-1;-1;-1;-1;-1;-1;-1;-1;
3413199;;34130099;99;0;0;-1;-1;-1;-1;-1;-1;-1;-1;-1;-1;-1;-1;
3413200;;34130099;0;1;0;-1;-1;-1;-1;-1;-1;-1;-1;-1;-1;-1;-1;
3413201;;34130099;1;1;0;-1;-1;-1;-1;-1;-1;-1;-1;-1;-1;-1;-1;
3413210;;34130099;10;1;0;-1;-1;-1;-1;-1;-1;-1;-1;-1;-1;-1;-1;
3413211;;34130099;11;1;0;-1;-1;-1;-1;-1;-1;-1;-1;-1;-1;-1;-1;
3413220;;34130099;20;1;0;-1;-1;-1;-1;-1;-1;-1;-1;-1;-1;-1;-1;
3413221;;34130099;21;1;0;-1;-1;-1;-1;-1;-1;-1;-1;-1;-1;-1;-1;
3413230;;34130099;30;1;0;-1;-1;-1;-1;-1;-1;-1;-1;-1;-1;-1;-1;
3413231;;34130099;31;1;0;-1;-1;-1;-1;-1;-1;-1;-1;-1;-1;-1;-1;
3413240;;34130099;40;1;0;-1;-1;-1;-1;-1;-1;-1;-1;-1;-1;-1;-1;
3413241;;34130099;41;1;0;-1;-1;-1;-1;-1;-1;-1;-1;-1;-1;-1;-1;
3413250;;34130099;50;1;0;-1;-1;-1;-1;-1;-1;-1;-1;-1;-1;-1;-1;
3413251;;34130099;51;1;0;-1;96940;-1;-1;-1;-1;-1;-1;-1;-1;-1;-1;
3413252;;34130099;52;1;0;-1;-1;-1;-1;-1;-1;-1;-1;-1;-1;-1;-1;
3413260;;34130099;60;1;0;-1;-1;-1;-1;-1;-1;-1;-1;-1;-1;-1;-1;
3413299;;34130099;99;1;0;-1;-1;-1;-1;-1;-1;-1;-1;-1;-1;-1;-1;
3414100;;34140099;0;0;0;-1;-1;-1;-1;-1;-1;-1;-1;-1;-1;-1;-1;
3414101;;34140099;1;0;0;-1;-1;-1;-1;-1;-1;-1;-1;-1;-1;-1;-1;
3414110;;34140099;10;0;0;-1;-1;-1;-1;-1;-1;-1;-1;-1;-1;-1;-1;
3414111;;34140099;11;0;0;-1;-1;-1;-1;-1;-1;-1;-1;-1;-1;-1;-1;
3414120;;34140099;20;0;0;-1;-1;-1;-1;-1;-1;-1;-1;-1;-1;-1;-1;
3414121;;34140099;21;0;0;-1;96941;-1;-1;-1;-1;-1;-1;-1;-1;-1;-1;
3414130;;34140099;30;0;0;-1;-1;-1;-1;-1;-1;-1;-1;-1;-1;-1;-1;
3414131;;34140099;31;0;0;-1;-1;-1;-1;-1;-1;-1;-1;-1;-1;-1;-1;
3414140;;34140099;40;0;0;-1;-1;-1;-1;-1;-1;-1;-1;-1;-1;-1;-1;
3414141;;34140099;41;0;0;-1;-1;-1;-1;-1;-1;-1;-1;-1;-1;-1;-1;
3414150;;34140099;50;0;0;-1;96941;-1;-1;-1;-1;-1;-1;-1;-1;-1;-1;
3414151;;34140099;51;0;0;-1;96940;-1;-1;-1;-1;-1;-1;-1;-1;-1;-1;
3414152;;34140099;52;0;0;-1;-1;-1;-1;-1;-1;-1;-1;-1;-1;-1;-1;
3414160;;34140099;60;0;0;-1;-1;-1;-1;-1;-1;-1;-1;-1;-1;-1;-1;
3414199;;34140099;99;0;0;-1;-1;-1;-1;-1;-1;-1;-1;-1;-1;-1;-1;
3414200;;34140099;0;1;0;-1;-1;-1;-1;-1;-1;-1;-1;-1;-1;-1;-1;
3414201;;34140099;1;1;0;-1;-1;-1;-1;-1;-1;-1;-1;-1;-1;-1;-1;
3414210;;34140099;10;1;0;-1;-1;-1;-1;-1;-1;-1;-1;-1;-1;-1;-1;
3414211;;34140099;11;1;0;-1;-1;-1;-1;-1;-1;-1;-1;-1;-1;-1;-1;
3414220;;34140099;20;1;0;-1;-1;-1;-1;-1;-1;-1;-1;-1;-1;-1;-1;
3414221;;34140099;21;1;0;-1;96941;-1;-1;-1;-1;-1;-1;-1;-1;-1;-1;
3414230;;34140099;30;1;0;-1;-1;-1;-1;-1;-1;-1;-1;-1;-1;-1;-1;
3414231;;34140099;31;1;0;-1;-1;-1;-1;-1;-1;-1;-1;-1;-1;-1;-1;
3414240;;34140099;40;1;0;-1;-1;-1;-1;-1;-1;-1;-1;-1;-1;-1;-1;
3414241;;34140099;41;1;0;-1;-1;-1;-1;-1;-1;-1;-1;-1;-1;-1;-1;
3414250;;34140099;50;1;0;-1;96941;-1;-1;-1;-1;-1;-1;-1;-1;-1;-1;
3414251;;34140099;51;1;0;-1;96940;-1;-1;-1;-1;-1;-1;-1;-1;-1;-1;
3414252;;34140099;52;1;0;-1;-1;-1;-1;-1;-1;-1;-1;-1;-1;-1;-1;
3414260;;34140099;60;1;0;-1;-1;-1;-1;-1;-1;-1;-1;-1;-1;-1;-1;
3414299;;34140099;99;1;0;-1;-1;-1;-1;-1;-1;-1;-1;-1;-1;-1;-1;
3415100;;34150099;0;0;0;-1;96940;-1;-1;-1;-1;-1;-1;-1;-1;-1;-1;
3415101;;34150099;1;0;0;-1;96940;-1;-1;-1;-1;-1;-1;-1;-1;-1;-1;
3415110;;34150099;10;0;0;-1;96940;-1;-1;-1;-1;-1;-1;-1;-1;-1;-1;
3415111;;34150099;11;0;0;-1;96940;-1;-1;-1;-1;-1;-1;-1;-1;-1;-1;
3415120;;34150099;20;0;0;-1;96940;-1;-1;-1;-1;-1;-1;-1;-1;-1;-1;
3415121;;34150099;21;0;0;-1;96940;-1;-1;-1;-1;-1;-1;-1;-1;-1;-1;
3415130;;34150099;30;0;0;-1;96940;-1;-1;-1;-1;-1;-1;-1;-1;-1;-1;
3415131;;34150099;31;0;0;-1;96940;-1;-1;-1;-1;-1;-1;-1;-1;-1;-1;
3415140;;34150099;40;0;0;-1;96940;-1;-1;-1;-1;-1;-1;-1;-1;-1;-1;
3415141;;34150099;41;0;0;-1;96940;-1;-1;-1;-1;-1;-1;-1;-1;-1;-1;
3415150;;34150099;50;0;0;-1;96940;-1;-1;-1;-1;-1;-1;-1;-1;-1;-1;
3415151;;34150099;51;0;0;-1;96940;-1;-1;-1;-1;-1;-1;-1;-1;-1;-1;
3415152;;34150099;52;0;0;-1;96940;-1;-1;-1;-1;-1;-1;-1;-1;-1;-1;
3415160;;34150099;60;0;0;-1;96940;-1;-1;-1;-1;-1;-1;-1;-1;-1;-1;
3415199;;34150099;99;0;0;-1;96101;-1;-1;-1;-1;-1;-1;-1;-1;-1;-1;
3415200;;34150099;0;1;0;-1;96940;-1;-1;-1;-1;-1;-1;-1;-1;-1;-1;
3415201;;34150099;1;1;0;-1;96940;-1;-1;-1;-1;-1;-1;-1;-1;-1;-1;
3415210;;34150099;10;1;0;-1;96940;-1;-1;-1;-1;-1;-1;-1;-1;-1;-1;
3415211;;34150099;11;1;0;-1;96940;-1;-1;-1;-1;-1;-1;-1;-1;-1;-1;
3415220;;34150099;20;1;0;-1;96940;-1;-1;-1;-1;-1;-1;-1;-1;-1;-1;
3415221;;34150099;21;1;0;-1;96940;-1;-1;-1;-1;-1;-1;-1;-1;-1;-1;
3415230;;34150099;30;1;0;-1;96940;-1;-1;-1;-1;-1;-1;-1;-1;-1;-1;
3415231;;34150099;31;1;0;-1;96940;-1;-1;-1;-1;-1;-1;-1;-1;-1;-1;
3415240;;34150099;40;1;0;-1;96940;-1;-1;-1;-1;-1;-1;-1;-1;-1;-1;
3415241;;34150099;41;1;0;-1;96940;-1;-1;-1;-1;-1;-1;-1;-1;-1;-1;
3415250;;34150099;50;1;0;-1;96940;-1;-1;-1;-1;-1;-1;-1;-1;-1;-1;
3415251;;34150099;51;1;0;-1;96940;-1;-1;-1;-1;-1;-1;-1;-1;-1;-1;
3415252;;34150099;52;1;0;-1;96940;-1;-1;-1;-1;-1;-1;-1;-1;-1;-1;
3415260;;34150099;60;1;0;-1;96940;-1;-1;-1;-1;-1;-1;-1;-1;-1;-1;
3415299;;34150099;99;1;0;-1;96101;-1;-1;-1;-1;-1;-1;-1;-1;-1;-1;
3920100;;39200099;0;0;0;-1;96865;-1;-1;-1;-1;-1;-1;-1;-1;-1;-1;
3920101;;39200099;1;0;0;96011;-1;-1;-1;-1;-1;-1;-1;-1;-1;-1;-1;
3920110;;39200099;10;0;0;-1;96865;-1;-1;-1;-1;-1;-1;-1;-1;-1;-1;
3920111;;39200099;11;0;0;-1;96865;-1;-1;-1;-1;-1;-1;-1;-1;-1;-1;
3920120;;39200099;20;0;0;-1;96865;-1;-1;-1;-1;-1;-1;-1;-1;-1;-1;
3920121;;39200099;21;0;0;-1;96865;-1;-1;-1;-1;-1;-1;-1;-1;-1;-1;
3920130;;39200099;30;0;0;-1;96865;-1;-1;-1;-1;-1;-1;-1;-1;-1;-1;
3920131;;39200099;31;0;0;-1;96865;-1;-1;-1;-1;-1;-1;-1;-1;-1;-1;
3920140;;39200099;40;0;0;-1;96865;-1;-1;-1;-1;-1;-1;-1;-1;-1;-1;
3920141;;39200099;41;0;0;-1;96865;-1;-1;-1;-1;-1;-1;-1;-1;-1;-1;
3920150;;39200099;50;0;0;-1;96865;-1;-1;-1;-1;-1;-1;-1;-1;-1;-1;
3920151;;39200099;51;0;0;-1;96865;-1;-1;-1;-1;-1;-1;-1;-1;-1;-1;
3920152;;39200099;52;0;0;-1;96865;-1;-1;-1;-1;-1;-1;-1;-1;-1;-1;
3920160;;39200099;60;0;0;-1;96865;-1;-1;-1;-1;-1;-1;-1;-1;-1;-1;
3920199;;39200099;99;0;0;96101;-1;-1;-1;-1;-1;-1;-1;-1;-1;-1;-1;
3920200;;39200099;0;1;0;-1;96865;-1;-1;-1;-1;-1;-1;-1;-1;-1;-1;
3920201;;39200099;1;1;0;96011;-1;-1;-1;-1;-1;-1;-1;-1;-1;-1;-1;
3920210;;39200099;10;1;0;-1;96865;-1;-1;-1;-1;-1;-1;-1;-1;-1;-1;
3920211;;39200099;11;1;0;-1;96865;-1;-1;-1;-1;-1;-1;-1;-1;-1;-1;
3920220;;39200099;20;1;0;-1;96865;-1;-1;-1;-1;-1;-1;-1;-1;-1;-1;
3920221;;39200099;21;1;0;-1;96865;-1;-1;-1;-1;-1;-1;-1;-1;-1;-1;
3920230;;39200099;30;1;0;-1;96865;-1;-1;-1;-1;-1;-1;-1;-1;-1;-1;
3920231;;39200099;31;1;0;-1;96865;-1;-1;-1;-1;-1;-1;-1;-1;-1;-1;
3920240;;39200099;40;1;0;-1;96865;-1;-1;-1;-1;-1;-1;-1;-1;-1;-1;
3920241;;39200099;41;1;0;-1;96865;-1;-1;-1;-1;-1;-1;-1;-1;-1;-1;
3920250;;39200099;50;1;0;-1;96865;-1;-1;-1;-1;-1;-1;-1;-1;-1;-1;
3920251;;39200099;51;1;0;-1;96865;-1;-1;-1;-1;-1;-1;-1;-1;-1;-1;
3920252;;39200099;52;1;0;-1;96865;-1;-1;-1;-1;-1;-1;-1;-1;-1;-1;
3920260;;39200099;60;1;0;-1;96865;-1;-1;-1;-1;-1;-1;-1;-1;-1;-1;
3920299;;39200099;99;1;0;96101;-1;-1;-1;-1;-1;-1;-1;-1;-1;-1;-1;
6098100;;60000098;0;0;0;96010;96400;-1;96410;96411;96414;-1;-1;-1;-1;-1;-1;
6098101;;60000098;1;0;0;96010;-1;-1;96410;96411;96414;-1;-1;-1;-1;-1;-1;
6098110;;60000098;10;0;0;96010;96402;-1;96410;96411;96414;-1;-1;-1;-1;-1;-1;
6098111;;60000098;11;0;0;-1;96403;-1;96410;96411;96414;-1;-1;-1;-1;-1;-1;
6098120;;60000098;20;0;0;-1;96404;-1;96410;96411;96414;-1;-1;-1;-1;-1;-1;
6098121;;60000098;21;0;0;-1;96404;-1;96410;96411;96414;-1;-1;-1;-1;-1;-1;
6098130;;60000098;30;0;0;-1;96404;-1;-1;-1;-1;-1;-1;-1;-1;-1;-1;
6098131;;60000098;31;0;0;-1;96404;-1;-1;-1;-1;-1;-1;-1;-1;-1;-1;
6098140;;60000098;40;0;0;-1;96404;-1;-1;-1;-1;-1;-1;-1;-1;-1;-1;
6098141;;60000098;41;0;0;-1;96404;-1;-1;-1;-1;-1;-1;-1;-1;-1;-1;
6098150;;60000098;50;0;0;-1;96404;-1;-1;-1;-1;-1;-1;-1;-1;-1;-1;
6098151;;60000098;51;0;0;-1;96404;-1;-1;-1;-1;-1;-1;-1;-1;-1;-1;
6098152;;60000098;52;0;0;-1;96404;-1;-1;-1;-1;-1;-1;-1;-1;-1;-1;
6098160;;60000098;60;0;0;-1;96403;-1;96410;96411;96414;-1;-1;-1;-1;-1;-1;
6098199;;60000098;99;0;0;96102;-1;-1;-1;-1;-1;-1;-1;-1;-1;-1;-1;
60001000;;60000099;0;0;0;96010;96400;-1;96410;96411;96414;-1;-1;0;-1;-1;-1;
60001001;;60000099;0;0;0;-1;96864;96871;96870;96416;96417;96873;-1;1;-1;-1;-1;
60001002;;60000099;0;0;0;-1;96882;96883;96886;-1;-1;-1;-1;2;-1;-1;-1;
60001003;;60000099;0;0;0;-1;96902;-1;96910;96415;-1;-1;-1;3;-1;-1;-1;
60001004;;60000099;0;0;0;96820;-1;96924;-1;-1;-1;-1;-1;4;-1;-1;-1;
60001010;;60000099;1;0;0;96010;-1;-1;96410;96411;96414;-1;-1;0;-1;-1;-1;
60001011;;60000099;1;0;0;96012;-1;96871;96870;96416;96417;96873;-1;1;-1;-1;-1;
60001012;;60000099;1;0;0;96010;-1;96883;96886;-1;-1;-1;-1;2;-1;-1;-1;
60001013;;60000099;1;0;0;96010;-1;-1;-1;96415;-1;-1;-1;3;-1;-1;-1;
60001014;;60000099;1;0;0;96820;-1;96924;-1;-1;-1;-1;-1;4;-1;-1;-1;
60001100;;60000099;10;0;0;96010;96402;-1;96410;96411;96414;-1;-1;0;-1;-1;-1;
60001101;;60000099;10;0;0;-1;96864;96871;96870;96416;96417;96873;-1;1;-1;-1;-1;
60001102;;60000099;10;0;0;-1;96882;96883;96886;-1;-1;-1;-1;2;-1;-1;-1;
60001103;;60000099;10;0;0;-1;96902;-1;96910;96415;-1;-1;-1;3;-1;-1;-1;
60001104;;60000099;10;0;0;96820;-1;96924;-1;-1;-1;-1;-1;4;-1;-1;-1;
60001110;;60000099;11;0;0;-1;96403;-1;96410;96411;96414;-1;-1;0;-1;-1;-1;
60001111;;60000099;11;0;0;96016;96868;-1;96870;96416;96417;96873;-1;1;-1;-1;-1;
60001112;;60000099;11;0;0;-1;96882;96883;96886;-1;-1;-1;-1;2;-1;-1;-1;
60001113;;60000099;11;0;0;-1;96902;-1;96910;96415;-1;-1;-1;3;-1;-1;-1;
60001114;;60000099;11;0;0;-1;96923;96921;-1;-1;-1;-1;-1;4;-1;-1;-1;
60001200;;60000099;20;0;0;-1;96404;-1;96410;96411;96414;-1;-1;0;-1;-1;-1;
60001201;;60000099;20;0;0;-1;96867;96871;96870;96416;96417;96873;-1;1;-1;-1;-1;
60001202;;60000099;20;0;0;-1;96884;96883;96886;-1;-1;-1;-1;2;-1;-1;-1;
60001203;;60000099;20;0;0;-1;96902;-1;96910;96415;-1;-1;-1;3;-1;-1;-1;
60001204;;60000099;20;0;0;96820;-1;96924;-1;-1;-1;-1;-1;4;-1;-1;-1;
60001210;;60000099;21;0;0;-1;96404;-1;96410;96411;96414;-1;-1;0;-1;-1;-1;
60001211;;60000099;21;0;0;-1;96867;96871;96870;96416;96417;96873;-1;1;-1;-1;-1;
60001212;;60000099;21;0;0;-1;96884;96883;96886;-1;-1;-1;-1;2;-1;-1;-1;
60001213;;60000099;21;0;0;-1;96902;-1;96910;96415;-1;-1;-1;3;-1;-1;-1;
60001214;;60000099;21;0;0;96820;-1;96924;-1;-1;-1;-1;-1;4;-1;-1;-1;
60001300;;60000099;30;0;0;-1;96404;-1;-1;-1;-1;-1;-1;0;-1;-1;-1;
60001301;;60000099;30;0;0;-1;96864;-1;-1;-1;-1;-1;-1;1;-1;-1;-1;
60001302;;60000099;30;0;0;-1;96882;-1;-1;-1;-1;-1;-1;2;-1;-1;-1;
60001303;;60000099;30;0;0;-1;96902;-1;-1;-1;-1;-1;-1;3;-1;-1;-1;
60001304;;60000099;30;0;0;96820;-1;96924;-1;-1;-1;-1;-1;4;-1;-1;-1;
60001310;;60000099;31;0;0;-1;96404;-1;-1;-1;-1;-1;-1;0;-1;-1;-1;
60001311;;60000099;31;0;0;-1;96864;-1;-1;-1;-1;-1;-1;1;-1;-1;-1;
60001312;;60000099;31;0;0;-1;96882;-1;-1;-1;-1;-1;-1;2;-1;-1;-1;
60001313;;60000099;31;0;0;-1;96902;-1;-1;-1;-1;-1;-1;3;-1;-1;-1;
60001314;;60000099;31;0;0;96820;-1;96924;-1;-1;-1;-1;-1;4;-1;-1;-1;
60001400;;60000099;40;0;0;-1;96404;-1;-1;-1;-1;-1;-1;0;-1;-1;-1;
60001401;;60000099;40;0;0;-1;96864;-1;-1;-1;96419;-1;-1;1;-1;-1;-1;
60001402;;60000099;40;0;0;-1;96882;-1;-1;-1;-1;-1;-1;2;-1;-1;-1;
60001403;;60000099;40;0;0;-1;96902;-1;-1;-1;-1;-1;-1;3;-1;-1;-1;
60001404;;60000099;40;0;0;96820;-1;96924;-1;-1;-1;-1;-1;4;-1;-1;-1;
60001410;;60000099;41;0;0;-1;96404;-1;-1;-1;-1;-1;-1;0;-1;-1;-1;
60001411;;60000099;41;0;0;-1;96864;-1;-1;-1;-1;-1;-1;1;-1;-1;-1;
60001412;;60000099;41;0;0;-1;96882;-1;-1;-1;-1;-1;-1;2;-1;-1;-1;
60001413;;60000099;41;0;0;-1;96902;-1;-1;-1;-1;-1;-1;3;-1;-1;-1;
60001414;;60000099;41;0;0;96820;-1;96924;-1;-1;-1;-1;-1;4;-1;-1;-1;
60001500;;60000099;50;0;0;-1;96404;-1;-1;-1;-1;-1;-1;0;-1;-1;-1;
60001501;;60000099;50;0;0;-1;96864;-1;-1;-1;-1;-1;-1;1;-1;-1;-1;
60001502;;60000099;50;0;0;-1;96882;-1;-1;-1;-1;-1;-1;2;-1;-1;-1;
60001503;;60000099;50;0;0;-1;96902;-1;-1;-1;-1;-1;-1;3;-1;-1;-1;
60001504;;60000099;50;0;0;96820;-1;96924;-1;-1;-1;-1;-1;4;-1;-1;-1;
60001510;;60000099;51;0;0;-1;96404;-1;-1;-1;-1;-1;-1;0;-1;-1;-1;
60001511;;60000099;51;0;0;-1;96864;-1;-1;-1;-1;-1;-1;1;-1;-1;-1;
60001512;;60000099;51;0;0;-1;96882;-1;-1;-1;-1;-1;-1;2;-1;-1;-1;
60001513;;60000099;51;0;0;-1;96902;-1;-1;-1;-1;-1;-1;3;-1;-1;-1;
60001514;;60000099;51;0;0;96820;-1;96924;-1;-1;-1;-1;-1;4;-1;-1;-1;
60001520;;60000099;52;0;0;-1;96404;-1;-1;-1;-1;-1;-1;0;-1;-1;-1;
60001521;;60000099;52;0;0;-1;96864;-1;-1;-1;-1;-1;-1;1;-1;-1;-1;
60001522;;60000099;52;0;0;-1;96882;-1;-1;-1;-1;-1;-1;2;-1;-1;-1;
60001523;;60000099;52;0;0;-1;96902;-1;-1;-1;-1;-1;-1;3;-1;-1;-1;
60001524;;60000099;52;0;0;96820;-1;96924;-1;-1;-1;-1;-1;4;-1;-1;-1;
60001600;;60000099;60;0;0;-1;96403;-1;96410;96411;96414;-1;-1;0;-1;-1;-1;
60001601;;60000099;60;0;0;-1;96864;96871;96870;96416;96417;96873;-1;1;-1;-1;-1;
60001602;;60000099;60;0;0;-1;96882;96883;96886;-1;-1;-1;-1;2;-1;-1;-1;
60001603;;60000099;60;0;0;-1;96902;-1;96910;96415;-1;-1;-1;3;-1;-1;-1;
60001604;;60000099;60;0;0;96820;-1;96924;-1;-1;-1;-1;-1;4;-1;-1;-1;
60001814;;60000099;81;0;0;96820;-1;96924;-1;-1;-1;-1;-1;4;-1;-1;-1;
60001820;;60000099;82;0;0;-1;96404;-1;-1;-1;-1;-1;-1;0;-1;-1;-1;
60001821;;60000099;82;0;0;-1;96864;-1;-1;-1;-1;-1;-1;1;-1;-1;-1;
60001822;;60000099;82;0;0;-1;96882;-1;-1;-1;-1;-1;-1;2;-1;-1;-1;
60001823;;60000099;82;0;0;-1;96902;-1;-1;-1;-1;-1;-1;3;-1;-1;-1;
60001831;;60000099;83;0;0;96015;96866;-1;96870;-1;96418;-1;-1;1;-1;-1;-1;
60001990;;60000099;99;0;0;96102;-1;-1;-1;-1;-1;-1;-1;0;-1;-1;-1;
60001991;;60000099;99;0;0;96102;-1;-1;-1;-1;-1;-1;-1;1;-1;-1;-1;
60001993;;60000099;99;0;0;96102;-1;-1;-1;-1;-1;-1;-1;3;-1;-1;-1;
60001994;;60000099;99;0;0;96102;-1;-1;-1;-1;-1;-1;-1;4;-1;-1;-1;
60002000;;60000099;0;1;0;96010;96400;-1;96420;96411;96414;-1;94104;0;-1;-1;-1;
60002001;;60000099;0;1;0;-1;96864;96871;96870;96416;96417;96873;94114;1;-1;-1;-1;
60002002;;60000099;0;1;0;-1;96882;96883;96886;-1;-1;-1;94115;2;-1;-1;-1;
60002003;;60000099;0;1;0;-1;96902;-1;96910;96415;-1;-1;94116;3;-1;-1;-1;
60002004;;60000099;0;1;0;96820;-1;96924;-1;-1;-1;-1;94117;4;-1;-1;-1;
60002010;;60000099;1;1;0;96010;-1;-1;96420;96411;96414;-1;94104;0;-1;-1;-1;
60002011;;60000099;1;1;0;96012;-1;96871;96870;96416;96417;96873;94114;1;-1;-1;-1;
60002012;;60000099;1;1;0;96010;-1;96883;96886;-1;-1;-1;94115;2;-1;-1;-1;
60002013;;60000099;1;1;0;96010;-1;-1;-1;96415;-1;-1;94116;3;-1;-1;-1;
60002014;;60000099;1;1;0;96820;-1;96924;-1;-1;-1;-1;94117;4;-1;-1;-1;
60002100;;60000099;10;1;0;96010;96402;-1;96420;96411;96414;-1;94104;0;-1;-1;-1;
60002101;;60000099;10;1;0;-1;96864;96871;96870;96416;96417;96873;94114;1;-1;-1;-1;
60002102;;60000099;10;1;0;-1;96882;96883;96886;-1;-1;-1;94115;2;-1;-1;-1;
60002103;;60000099;10;1;0;-1;96902;-1;96910;96415;-1;-1;94116;3;-1;-1;-1;
60002104;;60000099;10;1;0;96820;-1;96924;-1;-1;-1;-1;94117;4;-1;-1;-1;
60002110;;60000099;11;1;0;-1;96403;-1;96420;96411;96414;-1;94104;0;-1;-1;-1;
60002111;;60000099;11;1;0;96016;96868;-1;96870;96416;96417;96873;94114;1;-1;-1;-1;
60002112;;60000099;11;1;0;-1;96882;96883;96886;-1;-1;-1;94115;2;-1;-1;-1;
60002113;;60000099;11;1;0;-1;96902;-1;96910;96415;-1;-1;94116;3;-1;-1;-1;
60002114;;60000099;11;1;0;-1;96923;96921;-1;-1;-1;-1;94117;4;-1;-1;-1;
60002200;;60000099;20;1;0;-1;96404;-1;96420;96411;96414;-1;94104;0;-1;-1;-1;
60002201;;60000099;20;1;0;-1;96867;96871;96870;96416;96417;96873;94114;1;-1;-1;-1;
60002202;;60000099;20;1;0;-1;96884;96883;96886;-1;-1;-1;94115;2;-1;-1;-1;
60002203;;60000099;20;1;0;-1;96902;-1;96910;96415;-1;-1;94116;3;-1;-1;-1;
60002204;;60000099;20;1;0;96820;-1;96924;-1;-1;-1;-1;94117;4;-1;-1;-1;
60002210;;60000099;21;1;0;-1;96404;-1;96420;96411;96414;-1;94104;0;-1;-1;-1;
60002211;;60000099;21;1;0;-1;96867;96871;96870;96416;96417;96873;94114;1;-1;-1;-1;
60002212;;60000099;21;1;0;-1;96884;96883;96886;-1;-1;-1;94115;2;-1;-1;-1;
60002213;;60000099;21;1;0;-1;96902;-1;96910;96415;-1;-1;94116;3;-1;-1;-1;
60002214;;60000099;21;1;0;96820;-1;96924;-1;-1;-1;-1;94117;4;-1;-1;-1;
60002300;;60000099;30;1;0;-1;96404;-1;-1;-1;-1;-1;94104;0;-1;-1;-1;
60002301;;60000099;30;1;0;-1;96864;-1;-1;-1;-1;-1;94114;1;-1;-1;-1;
60002302;;60000099;30;1;0;-1;96882;-1;-1;-1;-1;-1;94115;2;-1;-1;-1;
60002303;;60000099;30;1;0;-1;96902;-1;-1;-1;-1;-1;94116;3;-1;-1;-1;
60002304;;60000099;30;1;0;96820;-1;96924;-1;-1;-1;-1;94117;4;-1;-1;-1;
60002310;;60000099;31;1;0;-1;96404;-1;-1;-1;-1;-1;94104;0;-1;-1;-1;
60002311;;60000099;31;1;0;-1;96864;-1;-1;-1;-1;-1;94114;1;-1;-1;-1;
60002312;;60000099;31;1;0;-1;96882;-1;-1;-1;-1;-1;94115;2;-1;-1;-1;
60002313;;60000099;31;1;0;-1;96902;-1;-1;-1;-1;-1;94116;3;-1;-1;-1;
60002314;;60000099;31;1;0;96820;-1;96924;-1;-1;-1;-1;94117;4;-1;-1;-1;
60002400;;60000099;40;1;0;-1;96404;-1;-1;-1;-1;-1;94104;0;-1;-1;-1;
60002401;;60000099;40;1;0;-1;96864;-1;-1;96419;-1;-1;94114;1;-1;-1;-1;
60002402;;60000099;40;1;0;-1;96882;-1;-1;-1;-1;-1;94115;2;-1;-1;-1;
60002403;;60000099;40;1;0;-1;96902;-1;-1;-1;-1;-1;94116;3;-1;-1;-1;
60002404;;60000099;40;1;0;96820;-1;96924;-1;-1;-1;-1;94117;4;-1;-1;-1;
60002410;;60000099;41;1;0;-1;96404;-1;-1;-1;-1;-1;94104;0;-1;-1;-1;
60002411;;60000099;41;1;0;-1;96864;-1;-1;-1;-1;-1;94114;1;-1;-1;-1;
60002412;;60000099;41;1;0;-1;96882;-1;-1;-1;-1;-1;94115;2;-1;-1;-1;
60002413;;60000099;41;1;0;-1;96902;-1;-1;-1;-1;-1;94116;3;-1;-1;-1;
60002414;;60000099;41;1;0;96820;-1;96924;-1;-1;-1;-1;94117;4;-1;-1;-1;
60002500;;60000099;50;1;0;-1;96404;-1;-1;-1;-1;-1;94104;0;-1;-1;-1;
60002501;;60000099;50;1;0;-1;96864;-1;-1;-1;-1;-1;94114;1;-1;-1;-1;
60002502;;60000099;50;1;0;-1;96882;-1;-1;-1;-1;-1;94115;2;-1;-1;-1;
60002503;;60000099;50;1;0;-1;96902;-1;-1;-1;-1;-1;94116;3;-1;-1;-1;
60002504;;60000099;50;1;0;96820;-1;96924;-1;-1;-1;-1;94117;4;-1;-1;-1;
60002510;;60000099;51;1;0;-1;96404;-1;-1;-1;-1;-1;94104;0;-1;-1;-1;
60002511;;60000099;51;1;0;-1;96864;-1;-1;-1;-1;-1;94114;1;-1;-1;-1;
60002512;;60000099;51;1;0;-1;96882;-1;-1;-1;-1;-1;94115;2;-1;-1;-1;
60002513;;60000099;51;1;0;-1;96902;-1;-1;-1;-1;-1;94116;3;-1;-1;-1;
60002514;;60000099;51;1;0;96820;-1;96924;-1;-1;-1;-1;94117;4;-1;-1;-1;
60002520;;60000099;52;1;0;-1;96404;-1;-1;-1;-1;-1;94104;0;-1;-1;-1;
60002521;;60000099;52;1;0;-1;96864;-1;-1;-1;-1;-1;94114;1;-1;-1;-1;
60002522;;60000099;52;1;0;-1;96882;-1;-1;-1;-1;-1;94115;2;-1;-1;-1;
60002523;;60000099;52;1;0;-1;96902;-1;-1;-1;-1;-1;94116;3;-1;-1;-1;
60002524;;60000099;52;1;0;96820;-1;96924;-1;-1;-1;-1;94117;4;-1;-1;-1;
60002600;;60000099;60;1;0;-1;96403;-1;96420;96411;96414;-1;94104;0;-1;-1;-1;
60002601;;60000099;60;1;0;-1;96864;96871;96870;96416;96417;96873;94114;1;-1;-1;-1;
60002602;;60000099;60;1;0;-1;96882;96883;96886;-1;-1;-1;94115;2;-1;-1;-1;
60002603;;60000099;60;1;0;-1;96902;-1;96910;96415;-1;-1;94116;3;-1;-1;-1;
60002604;;60000099;60;1;0;96820;-1;96924;-1;-1;-1;-1;94117;4;-1;-1;-1;
60002814;;60000099;81;1;0;96820;-1;96924;-1;-1;-1;-1;94117;4;-1;-1;-1;
60002820;;60000099;82;1;0;-1;96404;-1;-1;-1;-1;-1;94104;0;-1;-1;-1;
60002821;;60000099;82;1;0;-1;96864;-1;-1;-1;-1;-1;94114;1;-1;-1;-1;
60002822;;60000099;82;1;0;-1;96882;-1;-1;-1;-1;-1;94115;2;-1;-1;-1;
60002823;;60000099;82;1;0;-1;96902;-1;-1;-1;-1;-1;94116;3;-1;-1;-1;
60002831;;60000099;83;1;0;96015;96866;-1;96870;-1;96418;-1;94114;1;-1;-1;-1;
60002990;;60000099;99;1;0;96102;-1;-1;-1;-1;-1;-1;-1;0;-1;-1;-1;
60002991;;60000099;99;1;0;96102;-1;-1;-1;-1;-1;-1;-1;1;-1;-1;-1;
60002993;;60000099;99;1;0;96102;-1;-1;-1;-1;-1;-1;-1;3;-1;-1;-1;
60002994;;60000099;99;1;0;96102;-1;-1;-1;-1;-1;-1;-1;4;-1;-1;-1;
61001992;;60000099;99;0;0;96102;-1;-1;-1;-1;-1;-1;-1;2;-1;-1;-1;
61002992;;60000099;99;1;0;96102;-1;-1;-1;-1;-1;-1;-1;2;-1;-1;-1;
600010021;;60000099;0;0;0;-1;96885;-1;-1;-1;-1;-1;-1;21;-1;-1;-1;
600010031;;60000099;0;0;0;-1;96906;-1;-1;-1;-1;-1;-1;31;-1;-1;-1;
600010041;;60000099;0;0;0;96820;-1;-1;-1;-1;-1;-1;-1;41;-1;-1;-1;
600010042;;60000099;0;0;0;-1;96882;-1;-1;-1;-1;-1;-1;42;-1;-1;-1;
600010121;;60000099;1;0;0;96010;-1;-1;-1;-1;-1;-1;-1;21;-1;-1;-1;
600010131;;60000099;1;0;0;96014;-1;-1;-1;-1;-1;-1;-1;31;-1;-1;-1;
600010141;;60000099;1;0;0;96820;-1;-1;-1;-1;-1;-1;-1;41;-1;-1;-1;
600010142;;60000099;1;0;0;-1;96882;-1;-1;-1;-1;-1;-1;42;-1;-1;-1;
600011021;;60000099;10;0;0;-1;96885;-1;-1;-1;-1;-1;-1;21;-1;-1;-1;
600011031;;60000099;10;0;0;-1;96906;-1;-1;-1;-1;-1;-1;31;-1;-1;-1;
600011041;;60000099;10;0;0;96820;-1;-1;-1;-1;-1;-1;-1;41;-1;-1;-1;
600011042;;60000099;10;0;0;-1;96882;-1;-1;-1;-1;-1;-1;42;-1;-1;-1;
600011121;;60000099;11;0;0;-1;96885;-1;-1;-1;-1;-1;-1;21;-1;-1;-1;
600011131;;60000099;11;0;0;-1;96906;-1;-1;-1;-1;-1;-1;31;-1;-1;-1;
600011141;;60000099;11;0;0;96820;-1;-1;-1;-1;-1;-1;-1;41;-1;-1;-1;
600011142;;60000099;11;0;0;-1;96882;-1;-1;-1;-1;-1;-1;42;-1;-1;-1;
600012021;;60000099;20;0;0;-1;96885;-1;-1;-1;-1;-1;-1;21;-1;-1;-1;
600012031;;60000099;20;0;0;-1;96906;-1;-1;-1;-1;-1;-1;31;-1;-1;-1;
600012041;;60000099;20;0;0;96820;-1;-1;-1;-1;-1;-1;-1;41;-1;-1;-1;
600012042;;60000099;20;0;0;-1;96882;-1;-1;-1;-1;-1;-1;42;-1;-1;-1;
600012121;;60000099;21;0;0;-1;96885;-1;-1;-1;-1;-1;-1;21;-1;-1;-1;
600012131;;60000099;21;0;0;-1;96906;-1;-1;-1;-1;-1;-1;31;-1;-1;-1;
600012141;;60000099;21;0;0;96820;-1;-1;-1;-1;-1;-1;-1;41;-1;-1;-1;
600012142;;60000099;21;0;0;-1;96882;-1;-1;-1;-1;-1;-1;42;-1;-1;-1;
600013021;;60000099;30;0;0;-1;96885;-1;-1;-1;-1;-1;-1;21;-1;-1;-1;
600013031;;60000099;30;0;0;-1;96906;-1;-1;-1;-1;-1;-1;31;-1;-1;-1;
600013041;;60000099;30;0;0;96820;-1;-1;-1;-1;-1;-1;-1;41;-1;-1;-1;
600013042;;60000099;30;0;0;-1;96882;-1;-1;-1;-1;-1;-1;42;-1;-1;-1;
600013121;;60000099;31;0;0;-1;96885;-1;-1;-1;-1;-1;-1;21;-1;-1;-1;
600013131;;60000099;31;0;0;-1;96906;-1;-1;-1;-1;-1;-1;31;-1;-1;-1;
600013141;;60000099;31;0;0;96820;-1;-1;-1;-1;-1;-1;-1;41;-1;-1;-1;
600013142;;60000099;31;0;0;-1;96882;-1;-1;-1;-1;-1;-1;42;-1;-1;-1;
600014021;;60000099;40;0;0;-1;96885;-1;-1;-1;-1;-1;-1;21;-1;-1;-1;
600014031;;60000099;40;0;0;-1;96906;-1;-1;-1;-1;-1;-1;31;-1;-1;-1;
600014041;;60000099;40;0;0;96820;-1;-1;-1;-1;-1;-1;-1;41;-1;-1;-1;
600014042;;60000099;40;0;0;-1;96882;-1;-1;-1;-1;-1;-1;42;-1;-1;-1;
600014121;;60000099;41;0;0;-1;96885;-1;-1;-1;-1;-1;-1;21;-1;-1;-1;
600014131;;60000099;41;0;0;-1;96906;-1;-1;-1;-1;-1;-1;31;-1;-1;-1;
600014141;;60000099;41;0;0;96820;-1;-1;-1;-1;-1;-1;-1;41;-1;-1;-1;
600014142;;60000099;41;0;0;-1;96882;-1;-1;-1;-1;-1;-1;42;-1;-1;-1;
600015021;;60000099;50;0;0;-1;96885;-1;-1;-1;-1;-1;-1;21;-1;-1;-1;
600015031;;60000099;50;0;0;-1;96906;-1;-1;-1;-1;-1;-1;31;-1;-1;-1;
600015041;;60000099;50;0;0;96820;-1;-1;-1;-1;-1;-1;-1;41;-1;-1;-1;
600015042;;60000099;50;0;0;-1;96882;-1;-1;-1;-1;-1;-1;42;-1;-1;-1;
600015121;;60000099;51;0;0;-1;96885;-1;-1;-1;-1;-1;-1;21;-1;-1;-1;
600015131;;60000099;51;0;0;-1;96906;-1;-1;-1;-1;-1;-1;31;-1;-1;-1;
600015141;;60000099;51;0;0;96820;-1;-1;-1;-1;-1;-1;-1;41;-1;-1;-1;
600015142;;60000099;51;0;0;-1;96882;-1;-1;-1;-1;-1;-1;42;-1;-1;-1;
600015221;;60000099;52;0;0;-1;96885;-1;-1;-1;-1;-1;-1;21;-1;-1;-1;
600015231;;60000099;52;0;0;-1;96906;-1;-1;-1;-1;-1;-1;31;-1;-1;-1;
600015241;;60000099;52;0;0;96820;-1;-1;-1;-1;-1;-1;-1;41;-1;-1;-1;
600015242;;60000099;52;0;0;-1;96882;-1;-1;-1;-1;-1;-1;42;-1;-1;-1;
600016021;;60000099;60;0;0;-1;96885;-1;-1;-1;-1;-1;-1;21;-1;-1;-1;
600016031;;60000099;60;0;0;-1;96906;-1;-1;-1;-1;-1;-1;31;-1;-1;-1;
600016041;;60000099;60;0;0;96820;-1;-1;-1;-1;-1;-1;-1;41;-1;-1;-1;
600016042;;60000099;60;0;0;-1;96882;-1;-1;-1;-1;-1;-1;42;-1;-1;-1;
600018141;;60000099;81;0;0;96820;-1;-1;-1;-1;-1;-1;-1;41;-1;-1;-1;
600019921;;60000099;99;0;0;96102;-1;-1;-1;-1;-1;-1;-1;21;-1;-1;-1;
600019931;;60000099;99;0;0;96102;-1;-1;-1;-1;-1;-1;-1;31;-1;-1;-1;
600019941;;60000099;99;0;0;96102;-1;-1;-1;-1;-1;-1;-1;41;-1;-1;-1;
600019942;;60000099;99;0;0;96102;-1;-1;-1;-1;-1;-1;-1;42;-1;-1;-1;
600020021;;60000099;0;1;0;-1;96885;-1;-1;-1;-1;-1;94115;21;-1;-1;-1;
600020031;;60000099;0;1;0;-1;96906;-1;-1;-1;-1;-1;94116;31;-1;-1;-1;
600020041;;60000099;0;1;0;96820;-1;-1;-1;-1;-1;-1;94117;41;-1;-1;-1;
600020042;;60000099;0;1;0;-1;96882;-1;-1;-1;-1;-1;94115;42;-1;-1;-1;
600020121;;60000099;1;1;0;96010;-1;-1;-1;-1;-1;-1;94115;21;-1;-1;-1;
600020131;;60000099;1;1;0;96014;-1;-1;-1;-1;-1;-1;94116;31;-1;-1;-1;
600020141;;60000099;1;1;0;96820;-1;-1;-1;-1;-1;-1;94117;41;-1;-1;-1;
600020142;;60000099;1;1;0;-1;96882;-1;-1;-1;-1;-1;94115;42;-1;-1;-1;
600021021;;60000099;10;1;0;-1;96885;-1;-1;-1;-1;-1;94115;21;-1;-1;-1;
600021031;;60000099;10;1;0;-1;96906;-1;-1;-1;-1;-1;94116;31;-1;-1;-1;
600021041;;60000099;10;1;0;96820;-1;-1;-1;-1;-1;-1;94117;41;-1;-1;-1;
600021042;;60000099;10;1;0;-1;96882;-1;-1;-1;-1;-1;94115;42;-1;-1;-1;
600021121;;60000099;11;1;0;-1;96885;-1;-1;-1;-1;-1;94115;21;-1;-1;-1;
600021131;;60000099;11;1;0;-1;96906;-1;-1;-1;-1;-1;94116;31;-1;-1;-1;
600021141;;60000099;11;1;0;96820;-1;-1;-1;-1;-1;-1;94117;41;-1;-1;-1;
600021142;;60000099;11;1;0;-1;96882;-1;-1;-1;-1;-1;94115;42;-1;-1;-1;
600022021;;60000099;20;1;0;-1;96885;-1;-1;-1;-1;-1;94115;21;-1;-1;-1;
600022031;;60000099;20;1;0;-1;96906;-1;-1;-1;-1;-1;94116;31;-1;-1;-1;
600022041;;60000099;20;1;0;96820;-1;-1;-1;-1;-1;-1;94117;41;-1;-1;-1;
600022042;;60000099;20;1;0;-1;96882;-1;-1;-1;-1;-1;94115;42;-1;-1;-1;
600022121;;60000099;21;1;0;-1;96885;-1;-1;-1;-1;-1;94115;21;-1;-1;-1;
600022131;;60000099;21;1;0;-1;96906;-1;-1;-1;-1;-1;94116;31;-1;-1;-1;
600022141;;60000099;21;1;0;96820;-1;-1;-1;-1;-1;-1;94117;41;-1;-1;-1;
600022142;;60000099;21;1;0;-1;96882;-1;-1;-1;-1;-1;94115;42;-1;-1;-1;
600023021;;60000099;30;1;0;-1;96885;-1;-1;-1;-1;-1;94115;21;-1;-1;-1;
600023031;;60000099;30;1;0;-1;96906;-1;-1;-1;-1;-1;94116;31;-1;-1;-1;
600023041;;60000099;30;1;0;96820;-1;-1;-1;-1;-1;-1;94117;41;-1;-1;-1;
600023042;;60000099;30;1;0;-1;96882;-1;-1;-1;-1;-1;94115;42;-1;-1;-1;
600023121;;60000099;31;1;0;-1;96885;-1;-1;-1;-1;-1;94115;21;-1;-1;-1;
600023131;;60000099;31;1;0;-1;96906;-1;-1;-1;-1;-1;94116;31;-1;-1;-1;
600023141;;60000099;31;1;0;96820;-1;-1;-1;-1;-1;-1;94117;41;-1;-1;-1;
600023142;;60000099;31;1;0;-1;96882;-1;-1;-1;-1;-1;94115;42;-1;-1;-1;
600024021;;60000099;40;1;0;-1;96885;-1;-1;-1;-1;-1;94115;21;-1;-1;-1;
600024031;;60000099;40;1;0;-1;96906;-1;-1;-1;-1;-1;94116;31;-1;-1;-1;
600024041;;60000099;40;1;0;96820;-1;-1;-1;-1;-1;-1;94117;41;-1;-1;-1;
600024042;;60000099;40;1;0;-1;96882;-1;-1;-1;-1;-1;94115;42;-1;-1;-1;
600024121;;60000099;41;1;0;-1;96885;-1;-1;-1;-1;-1;94115;21;-1;-1;-1;
600024131;;60000099;41;1;0;-1;96906;-1;-1;-1;-1;-1;94116;31;-1;-1;-1;
600024141;;60000099;41;1;0;96820;-1;-1;-1;-1;-1;-1;94117;41;-1;-1;-1;
600024142;;60000099;41;1;0;-1;96882;-1;-1;-1;-1;-1;94115;42;-1;-1;-1;
600025021;;60000099;50;1;0;-1;96885;-1;-1;-1;-1;-1;94115;21;-1;-1;-1;
600025031;;60000099;50;1;0;-1;96906;-1;-1;-1;-1;-1;94116;31;-1;-1;-1;
600025041;;60000099;50;1;0;96820;-1;-1;-1;-1;-1;-1;94117;41;-1;-1;-1;
600025042;;60000099;50;1;0;-1;96882;-1;-1;-1;-1;-1;94115;42;-1;-1;-1;
600025121;;60000099;51;1;0;-1;96885;-1;-1;-1;-1;-1;94115;21;-1;-1;-1;
600025131;;60000099;51;1;0;-1;96906;-1;-1;-1;-1;-1;94116;31;-1;-1;-1;
600025141;;60000099;51;1;0;96820;-1;-1;-1;-1;-1;-1;94117;41;-1;-1;-1;
600025142;;60000099;51;1;0;-1;96882;-1;-1;-1;-1;-1;94115;42;-1;-1;-1;
600025221;;60000099;52;1;0;-1;96885;-1;-1;-1;-1;-1;94115;21;-1;-1;-1;
600025231;;60000099;52;1;0;-1;96906;-1;-1;-1;-1;-1;94116;31;-1;-1;-1;
600025241;;60000099;52;1;0;96820;-1;-1;-1;-1;-1;-1;94117;41;-1;-1;-1;
600025242;;60000099;52;1;0;-1;96882;-1;-1;-1;-1;-1;94115;42;-1;-1;-1;
600026021;;60000099;60;1;0;-1;96885;-1;-1;-1;-1;-1;94115;21;-1;-1;-1;
600026031;;60000099;60;1;0;-1;96906;-1;-1;-1;-1;-1;94116;31;-1;-1;-1;
600026041;;60000099;60;1;0;96820;-1;-1;-1;-1;-1;-1;94117;41;-1;-1;-1;
600026042;;60000099;60;1;0;-1;96882;-1;-1;-1;-1;-1;94115;42;-1;-1;-1;
600028141;;60000099;81;1;0;96820;-1;-1;-1;-1;-1;-1;94117;41;-1;-1;-1;
600029921;;60000099;99;1;0;96102;-1;-1;-1;-1;-1;-1;-1;21;-1;-1;-1;
600029931;;60000099;99;1;0;96102;-1;-1;-1;-1;-1;-1;-1;31;-1;-1;-1;
600029941;;60000099;99;1;0;96102;-1;-1;-1;-1;-1;-1;-1;41;-1;-1;-1;
600029942;;60000099;99;1;0;96102;-1;-1;-1;-1;-1;-1;-1;42;-1;-1;-1;
