﻿<?xml version="1.0" encoding="utf-8"?>
<PARAMDEF XmlVersion="1">
  <ParamType>LEVELSYNC_PARAM_ST</ParamType>
  <DataVersion>1</DataVersion>
  <BigEndian>False</BigEndian>
  <Unicode>False</Unicode>
  <FormatVersion>104</FormatVersion>
  <Fields>
    <Field Def="s16 SCLUA">
      <Description>SCLUA</Description>
      <Minimum>0</Minimum>
      <Maximum>999</Maximum>
      <SortID>1</SortID>
    </Field>
    <Field Def="s16 SDCLUR">
      <Description>SDCLUR</Description>
      <Minimum>0</Minimum>
      <Maximum>999</Maximum>
      <SortID>2</SortID>
    </Field>
    <Field Def="s16 SDCWLM">
      <Description>SDCWLM</Description>
      <Minimum>0</Minimum>
      <Maximum>999</Maximum>
      <SortID>3</SortID>
    </Field>
    <Field Def="u8 MLWSUR">
      <Description>MLWSUR</Description>
      <SortID>4</SortID>
    </Field>
    <Field Def="u8 MLWSUA">
      <Description>MLWSUA</Description>
      <SortID>5</SortID>
    </Field>
    <Field Def="u8 MLRSUR">
      <EditFlags>None</EditFlags>
      <SortID>6</SortID>
    </Field>
    <Field Def="u8 MLRSUA = 1">
      <EditFlags>None</EditFlags>
      <Maximum>225</Maximum>
      <SortID>7</SortID>
    </Field>
    <Field Def="u8 MWLUWS0 = 1">
      <EditFlags>None</EditFlags>
      <Maximum>10</Maximum>
      <SortID>8</SortID>
    </Field>
    <Field Def="u8 MWLUWS1 = 1">
      <EditFlags>None</EditFlags>
      <Maximum>10</Maximum>
      <SortID>9</SortID>
    </Field>
    <Field Def="u8 MWLUWS2 = 1">
      <EditFlags>None</EditFlags>
      <Maximum>10</Maximum>
      <SortID>10</SortID>
    </Field>
    <Field Def="u8 MWLUWS3 = 1">
      <EditFlags>None</EditFlags>
      <Maximum>10</Maximum>
      <SortID>11</SortID>
    </Field>
    <Field Def="u8 MWLUWS4 = 1">
      <EditFlags>None</EditFlags>
      <Maximum>10</Maximum>
      <SortID>12</SortID>
    </Field>
    <Field Def="u8 MWLUWS5 = 1">
      <EditFlags>None</EditFlags>
      <Maximum>10</Maximum>
      <SortID>13</SortID>
    </Field>
    <Field Def="u8 MWLUWS6 = 1">
      <EditFlags>None</EditFlags>
      <Maximum>10</Maximum>
      <SortID>14</SortID>
    </Field>
    <Field Def="u8 MWLUWS7 = 1">
      <EditFlags>None</EditFlags>
      <Maximum>10</Maximum>
      <SortID>15</SortID>
    </Field>
    <Field Def="u8 MWLUWS8 = 1">
      <EditFlags>None</EditFlags>
      <Maximum>10</Maximum>
      <SortID>16</SortID>
    </Field>
    <Field Def="u8 MWLUWS9 = 1">
      <EditFlags>None</EditFlags>
      <Maximum>10</Maximum>
      <SortID>17</SortID>
    </Field>
    <Field Def="u8 MWLUWS10 = 1">
      <EditFlags>None</EditFlags>
      <Maximum>10</Maximum>
      <SortID>18</SortID>
    </Field>
    <Field Def="u8 MWLURS0 = 1">
      <EditFlags>None</EditFlags>
      <Maximum>10</Maximum>
      <SortID>19</SortID>
    </Field>
    <Field Def="u8 MWLURS1 = 1">
      <EditFlags>None</EditFlags>
      <Maximum>10</Maximum>
      <SortID>20</SortID>
    </Field>
    <Field Def="u8 MWLURS2 = 1">
      <EditFlags>None</EditFlags>
      <Maximum>10</Maximum>
      <SortID>21</SortID>
    </Field>
    <Field Def="u8 MWLURS3 = 1">
      <EditFlags>None</EditFlags>
      <Maximum>10</Maximum>
      <SortID>22</SortID>
    </Field>
    <Field Def="u8 MWLURS4 = 1">
      <EditFlags>None</EditFlags>
      <Maximum>10</Maximum>
      <SortID>23</SortID>
    </Field>
    <Field Def="u8 MWLURS5 = 1">
      <EditFlags>None</EditFlags>
      <Maximum>10</Maximum>
      <SortID>24</SortID>
    </Field>
    <Field Def="u8 MWLURS6 = 1">
      <EditFlags>None</EditFlags>
      <Maximum>10</Maximum>
      <SortID>25</SortID>
    </Field>
    <Field Def="u8 MWLURS7 = 1">
      <EditFlags>None</EditFlags>
      <Maximum>10</Maximum>
      <SortID>26</SortID>
    </Field>
    <Field Def="u8 MWLURS8 = 1">
      <EditFlags>None</EditFlags>
      <Maximum>10</Maximum>
      <SortID>27</SortID>
    </Field>
    <Field Def="u8 MWLURS9 = 1">
      <EditFlags>None</EditFlags>
      <Maximum>10</Maximum>
      <SortID>28</SortID>
    </Field>
    <Field Def="u8 MWLURS10 = 1">
      <EditFlags>None</EditFlags>
      <Maximum>10</Maximum>
      <SortID>29</SortID>
    </Field>
    <Field Def="u8 MWLUA0 = 1">
      <EditFlags>None</EditFlags>
      <SortID>30</SortID>
    </Field>
    <Field Def="u8 MWLUA1 = 1">
      <EditFlags>None</EditFlags>
      <SortID>31</SortID>
    </Field>
    <Field Def="u8 MWLUA2 = 1">
      <EditFlags>None</EditFlags>
      <SortID>32</SortID>
    </Field>
    <Field Def="u8 MWLUA3 = 1">
      <EditFlags>None</EditFlags>
      <SortID>33</SortID>
    </Field>
    <Field Def="u8 MWLUA4 = 1">
      <EditFlags>None</EditFlags>
      <SortID>34</SortID>
    </Field>
    <Field Def="u8 MWLUA5 = 1">
      <EditFlags>None</EditFlags>
      <SortID>35</SortID>
    </Field>
    <Field Def="u8 MWLUA6 = 1">
      <EditFlags>None</EditFlags>
      <SortID>36</SortID>
    </Field>
    <Field Def="u8 MWLUA7 = 1">
      <EditFlags>None</EditFlags>
      <SortID>37</SortID>
    </Field>
    <Field Def="u8 MWLUA8 = 1">
      <EditFlags>None</EditFlags>
      <SortID>38</SortID>
    </Field>
    <Field Def="u8 MWLUA9 = 1">
      <EditFlags>None</EditFlags>
      <SortID>39</SortID>
    </Field>
    <Field Def="u8 MWLUA10 = 1">
      <EditFlags>None</EditFlags>
      <SortID>40</SortID>
    </Field>
    <Field Def="u8 MLASUR = 1">
      <EditFlags>None</EditFlags>
      <SortID>41</SortID>
    </Field>
    <Field Def="u8 MLASUA = 1">
      <EditFlags>None</EditFlags>
      <SortID>42</SortID>
    </Field>
    <Field Def="dummy8 Pad[3]">
      <DisplayName>Pad[3]</DisplayName>
      <SortID>44</SortID>
    </Field>
    <Field Def="f32 summonTimeoutTime">
      <EditFlags>None</EditFlags>
      <Minimum>0</Minimum>
      <Maximum>1000</Maximum>
      <Increment>45</Increment>
      <SortID>43</SortID>
    </Field>
    <Field Def="u32 singGetMax = 1">
      <EditFlags>None</EditFlags>
      <Maximum>1000</Maximum>
      <Increment>32</Increment>
      <SortID>44</SortID>
    </Field>
    <Field Def="f32 signDownloadSpan">
      <EditFlags>None</EditFlags>
      <Minimum>0</Minimum>
      <Maximum>1000</Maximum>
      <Increment>30</Increment>
      <SortID>45</SortID>
    </Field>
    <Field Def="f32 nitoSignDownloadSpan">
      <EditFlags>None</EditFlags>
      <Minimum>0</Minimum>
      <Maximum>1000</Maximum>
      <Increment>30</Increment>
      <SortID>46</SortID>
    </Field>
    <Field Def="f32 signUpdateSpan">
      <EditFlags>None</EditFlags>
      <Minimum>0</Minimum>
      <Maximum>1000</Maximum>
      <Increment>30</Increment>
      <SortID>47</SortID>
    </Field>
    <Field Def="u32 maxBreakInTargetListCount">
      <EditFlags>None</EditFlags>
      <Maximum>1000</Maximum>
      <Increment>5</Increment>
      <SortID>48</SortID>
    </Field>
    <Field Def="f32 breakInRequestIntervalTimeSec">
      <EditFlags>None</EditFlags>
      <Minimum>0</Minimum>
      <Maximum>1000</Maximum>
      <Increment>30</Increment>
      <SortID>49</SortID>
    </Field>
    <Field Def="f32 breakInRequestTimeOutSec">
      <EditFlags>None</EditFlags>
      <Minimum>0</Minimum>
      <Maximum>1000</Maximum>
      <Increment>20</Increment>
      <SortID>50</SortID>
    </Field>
    <Field Def="u32 reloadSignTotalCount_0">
      <EditFlags>None</EditFlags>
      <Maximum>1000</Maximum>
      <Increment>40</Increment>
      <SortID>51</SortID>
    </Field>
    <Field Def="f32 reloadSignIntervalTime_0">
      <EditFlags>None</EditFlags>
      <Minimum>0</Minimum>
      <Maximum>1000</Maximum>
      <Increment>120</Increment>
      <SortID>52</SortID>
    </Field>
    <Field Def="f32 reloadSignIntervalTime_1">
      <EditFlags>None</EditFlags>
      <Minimum>0</Minimum>
      <Maximum>1000</Maximum>
      <Increment>120</Increment>
      <SortID>53</SortID>
    </Field>
    <Field Def="u32 reloadSignTotalCount_1">
      <EditFlags>None</EditFlags>
      <Maximum>1000</Maximum>
      <Increment>32</Increment>
      <SortID>54</SortID>
    </Field>
    <Field Def="u32 reloadSignCellCount">
      <EditFlags>None</EditFlags>
      <Maximum>1000</Maximum>
      <Increment>8</Increment>
      <SortID>55</SortID>
    </Field>
    <Field Def="f32 reloadSignIntervalTime_2">
      <EditFlags>None</EditFlags>
      <Minimum>0</Minimum>
      <Maximum>1000</Maximum>
      <Increment>120</Increment>
      <SortID>56</SortID>
    </Field>
    <Field Def="u32 reloadGhostTotalCount">
      <EditFlags>None</EditFlags>
      <Maximum>1000</Maximum>
      <Increment>8</Increment>
      <SortID>57</SortID>
    </Field>
    <Field Def="u32 reloadGhostCellCount">
      <EditFlags>None</EditFlags>
      <Maximum>1000</Maximum>
      <Increment>4</Increment>
      <SortID>58</SortID>
    </Field>
    <Field Def="u32 maxGhostTotalCount">
      <EditFlags>None</EditFlags>
      <Maximum>1000</Maximum>
      <Increment>10</Increment>
      <SortID>59</SortID>
    </Field>
    <Field Def="f32 updateWanderGhostIntervalTime">
      <EditFlags>None</EditFlags>
      <Minimum>0</Minimum>
      <Maximum>1000</Maximum>
      <Increment>30</Increment>
      <SortID>60</SortID>
    </Field>
    <Field Def="f32 minReplayIntervalTime">
      <EditFlags>None</EditFlags>
      <Minimum>0</Minimum>
      <Maximum>1000</Maximum>
      <Increment>6</Increment>
      <SortID>61</SortID>
    </Field>
    <Field Def="f32 maxReplayIntervalTime">
      <EditFlags>None</EditFlags>
      <Minimum>0</Minimum>
      <Maximum>1000</Maximum>
      <Increment>18</Increment>
      <SortID>62</SortID>
    </Field>
    <Field Def="f32 reloadGhostIntervalTime">
      <EditFlags>None</EditFlags>
      <Minimum>0</Minimum>
      <Maximum>1000</Maximum>
      <Increment>120</Increment>
      <SortID>63</SortID>
    </Field>
    <Field Def="f32 replayBonfireModeRange">
      <EditFlags>None</EditFlags>
      <Minimum>0</Minimum>
      <Maximum>1000</Maximum>
      <Increment>3</Increment>
      <SortID>64</SortID>
    </Field>
    <Field Def="f32 wanderGhostIntervalLifeTime">
      <EditFlags>None</EditFlags>
      <Minimum>0</Minimum>
      <Maximum>1000</Maximum>
      <Increment>240</Increment>
      <SortID>65</SortID>
    </Field>
    <Field Def="f32 summonMessageInterval">
      <EditFlags>None</EditFlags>
      <Minimum>0</Minimum>
      <Maximum>1000</Maximum>
      <Increment>10</Increment>
      <SortID>66</SortID>
    </Field>
    <Field Def="f32 hostRegisterUpdateTime">
      <EditFlags>None</EditFlags>
      <Minimum>0</Minimum>
      <Maximum>1000</Maximum>
      <Increment>60</Increment>
      <SortID>67</SortID>
    </Field>
    <Field Def="u32 requestSearchQuickMatchLimit">
      <EditFlags>None</EditFlags>
      <Maximum>1000</Maximum>
      <Increment>5</Increment>
      <SortID>68</SortID>
    </Field>
    <Field Def="f32 myTeamInviteTimeoutTime">
      <EditFlags>None</EditFlags>
      <Minimum>0</Minimum>
      <Maximum>1000</Maximum>
      <Increment>300</Increment>
      <SortID>69</SortID>
    </Field>
    <Field Def="u32 VisitorListMax">
      <EditFlags>None</EditFlags>
      <Maximum>1000</Maximum>
      <Increment>10</Increment>
      <SortID>70</SortID>
    </Field>
    <Field Def="f32 VisitorTimeOutTime">
      <EditFlags>None</EditFlags>
      <Minimum>0</Minimum>
      <Maximum>1000</Maximum>
      <Increment>60</Increment>
      <SortID>71</SortID>
    </Field>
    <Field Def="f32 DownloadSpan">
      <EditFlags>None</EditFlags>
      <Minimum>0</Minimum>
      <Maximum>1000</Maximum>
      <Increment>60</Increment>
      <SortID>72</SortID>
    </Field>
    <Field Def="f32 bonfireLowerBoundCoolTime">
      <EditFlags>None</EditFlags>
      <Minimum>0</Minimum>
      <Maximum>2000</Maximum>
      <Increment>480</Increment>
      <SortID>73</SortID>
    </Field>
    <Field Def="f32 bonfireUpperBoundCoolTime">
      <EditFlags>None</EditFlags>
      <Minimum>0</Minimum>
      <Maximum>2000</Maximum>
      <Increment>720</Increment>
      <SortID>74</SortID>
    </Field>
    <Field Def="f32 resonanceMagicDbDistInterval">
      <EditFlags>None</EditFlags>
      <Minimum>0</Minimum>
      <Maximum>1000</Maximum>
      <Increment>60</Increment>
      <SortID>75</SortID>
    </Field>
    <Field Def="f32 inputTimeoutSec">
      <EditFlags>None</EditFlags>
      <Minimum>0</Minimum>
      <Maximum>1000</Maximum>
      <Increment>180</Increment>
      <SortID>76</SortID>
    </Field>
    <Field Def="f32 generalPurposeParam1">
      <EditFlags>None</EditFlags>
      <Minimum>0</Minimum>
      <Maximum>1000</Maximum>
      <Increment>0</Increment>
      <SortID>77</SortID>
    </Field>
    <Field Def="f32 generalPurposeParam2">
      <EditFlags>None</EditFlags>
      <Minimum>0</Minimum>
      <Maximum>1000</Maximum>
      <Increment>0</Increment>
      <SortID>78</SortID>
    </Field>
    <Field Def="f32 generalPurposeParam3">
      <EditFlags>None</EditFlags>
      <Minimum>0</Minimum>
      <Maximum>1000</Maximum>
      <Increment>0</Increment>
      <SortID>79</SortID>
    </Field>
    <Field Def="f32 generalPurposeParam4">
      <EditFlags>None</EditFlags>
      <Minimum>0</Minimum>
      <Maximum>1000</Maximum>
      <Increment>0</Increment>
      <SortID>80</SortID>
    </Field>
    <Field Def="f32 generalPurposeParam5">
      <EditFlags>None</EditFlags>
      <Minimum>0</Minimum>
      <Maximum>1000</Maximum>
      <Increment>0</Increment>
      <SortID>81</SortID>
    </Field>
    <Field Def="u8 MWLUWS_11">
      <EditFlags>None</EditFlags>
      <Increment>15</Increment>
      <SortID>82</SortID>
    </Field>
    <Field Def="u8 MWLUWS_12">
      <EditFlags>None</EditFlags>
      <Increment>15</Increment>
      <SortID>83</SortID>
    </Field>
    <Field Def="u8 MWLUWS_13">
      <EditFlags>None</EditFlags>
      <Increment>15</Increment>
      <SortID>84</SortID>
    </Field>
    <Field Def="u8 MWLUWS_14">
      <EditFlags>None</EditFlags>
      <Increment>15</Increment>
      <SortID>85</SortID>
    </Field>
    <Field Def="u8 MWLUWS_15">
      <EditFlags>None</EditFlags>
      <Increment>15</Increment>
      <SortID>86</SortID>
    </Field>
    <Field Def="u8 MWLURS_11">
      <EditFlags>None</EditFlags>
      <Increment>15</Increment>
      <SortID>87</SortID>
    </Field>
    <Field Def="u8 MWLURS_12">
      <EditFlags>None</EditFlags>
      <Increment>15</Increment>
      <SortID>88</SortID>
    </Field>
    <Field Def="u8 MWLURS_13">
      <EditFlags>None</EditFlags>
      <Increment>15</Increment>
      <SortID>89</SortID>
    </Field>
    <Field Def="u8 MWLURS_14">
      <EditFlags>None</EditFlags>
      <Increment>15</Increment>
      <SortID>90</SortID>
    </Field>
    <Field Def="u8 MWLURS_15">
      <EditFlags>None</EditFlags>
      <Increment>15</Increment>
      <SortID>91</SortID>
    </Field>
    <Field Def="u8 MWLUAR_11">
      <EditFlags>None</EditFlags>
      <Increment>15</Increment>
      <SortID>92</SortID>
    </Field>
    <Field Def="u8 MWLUAR_12">
      <EditFlags>None</EditFlags>
      <Increment>15</Increment>
      <SortID>93</SortID>
    </Field>
    <Field Def="u8 MWLUAR_13">
      <EditFlags>None</EditFlags>
      <Increment>15</Increment>
      <SortID>94</SortID>
    </Field>
    <Field Def="u8 MWLUAR_14">
      <EditFlags>None</EditFlags>
      <Increment>15</Increment>
      <SortID>95</SortID>
    </Field>
    <Field Def="u8 MWLUAR_15">
      <EditFlags>None</EditFlags>
      <Increment>15</Increment>
      <SortID>96</SortID>
    </Field>
    <Field Def="u8 generalPurposeParam6">
      <EditFlags>None</EditFlags>
      <Increment>0</Increment>
      <SortID>97</SortID>
    </Field>
  </Fields>
</PARAMDEF>